node_index,gene_id,gene_symbol,graph_degree
0,ENSG00000000003,TSPAN6,0
1,ENSG00000000005,TNMD,0
2,ENSG00000000419,DPM1,2
3,ENSG00000000457,SCYL3,0
4,ENSG00000000460,FIRRM,0
5,ENSG00000000938,FGR,0
6,ENSG00000001036,FUCA2,1
7,ENSG00000001084,GCLC,1
8,ENSG00000001167,NFYA,5
9,ENSG00000001460,STPG1,0
10,ENSG00000001461,NIPAL3,0
11,ENSG00000001497,LAS1L,26
12,ENSG00000001561,ENPP4,1
13,ENSG00000001617,SEMA3F,4
14,ENSG00000001626,CFTR,20
15,ENSG00000001629,ANKIB1,0
16,ENSG00000001630,CYP51A1,1
17,ENSG00000001631,KRIT1,7
18,ENSG00000002016,RAD52,9
19,ENSG00000002330,BAD,8
20,ENSG00000002549,LAP3,1
21,ENSG00000002587,HS3ST1,0
22,ENSG00000002745,WNT16,4
23,ENSG00000002746,HECW1,1
24,ENSG00000002822,MAD1L1,13
25,ENSG00000002834,LASP1,2
26,ENSG00000002919,SNX11,0
27,ENSG00000002933,TMEM176A,0
28,ENSG00000003056,M6PR,4
29,ENSG00000003096,KLHL13,33
30,ENSG00000003137,CYP26B1,2
31,ENSG00000003147,ICA1,2
32,ENSG00000003249,DBNDD1,0
33,ENSG00000003393,ALS2,1
34,ENSG00000003402,CFLAR,14
35,ENSG00000003436,TFPI,3
36,ENSG00000003509,NDUFAF7,1
37,ENSG00000003756,RBM5,23
38,ENSG00000003987,MTMR7,1
39,ENSG00000003989,SLC7A2,0
40,ENSG00000004059,ARF5,0
41,ENSG00000004139,SARM1,4
42,ENSG00000004142,POLDIP2,2
43,ENSG00000004399,PLXND1,8
44,ENSG00000004455,AK2,0
45,ENSG00000004468,CD38,3
46,ENSG00000004478,FKBP4,21
47,ENSG00000004487,KDM1A,70
48,ENSG00000004534,RBM6,0
49,ENSG00000004660,CAMKK1,2
50,ENSG00000004700,RECQL,1
51,ENSG00000004766,VPS50,3
52,ENSG00000004776,HSPB6,4
53,ENSG00000004777,ARHGAP33,0
54,ENSG00000004779,NDUFAB1,133
55,ENSG00000004799,PDK4,4
56,ENSG00000004838,ZMYND10,0
57,ENSG00000004846,ABCB5,1
58,ENSG00000004848,ARX,0
59,ENSG00000004864,SLC25A13,1
60,ENSG00000004866,ST7,0
61,ENSG00000004897,CDC27,49
62,ENSG00000004939,SLC4A1,6
63,ENSG00000004948,CALCR,0
64,ENSG00000004961,HCCS,0
65,ENSG00000004975,DVL2,33
66,ENSG00000005001,PRSS22,0
67,ENSG00000005007,UPF1,34
68,ENSG00000005020,SKAP2,4
69,ENSG00000005022,SLC25A5,28
70,ENSG00000005059,MCUB,6
71,ENSG00000005073,HOXA11,1
72,ENSG00000005100,DHX33,6
73,ENSG00000005102,MEOX1,0
74,ENSG00000005108,THSD7A,0
75,ENSG00000005156,LIG3,9
76,ENSG00000005175,RPAP3,13
77,ENSG00000005187,ACSM3,0
78,ENSG00000005189,REXO5,1
79,ENSG00000005194,CIAPIN1,2
80,ENSG00000005206,SPPL2B,0
81,ENSG00000005238,ATOSB,0
82,ENSG00000005243,COPZ2,12
83,ENSG00000005249,PRKAR2B,8
84,ENSG00000005302,MSL3,29
85,ENSG00000005339,CREBBP,86
86,ENSG00000005379,TSPOAP1,3
87,ENSG00000005381,MPO,13
88,ENSG00000005421,PON1,19
89,ENSG00000005436,GCFC2,6
90,ENSG00000005448,WDR54,0
91,ENSG00000005469,CROT,0
92,ENSG00000005471,ABCB4,0
93,ENSG00000005483,KMT2E,3
94,ENSG00000005486,RHBDD2,0
95,ENSG00000005513,SOX8,0
96,ENSG00000005700,IBTK,0
97,ENSG00000005810,MYCBP2,8
98,ENSG00000005812,FBXL3,4
99,ENSG00000005844,ITGAL,25
100,ENSG00000005882,PDK2,5
101,ENSG00000005884,ITGA3,23
102,ENSG00000005889,ZFX,0
103,ENSG00000005893,LAMP2,5
104,ENSG00000005961,ITGA2B,20
105,ENSG00000005981,ASB4,16
106,ENSG00000006007,GDE1,1
107,ENSG00000006015,REX1BD,0
108,ENSG00000006016,CRLF1,3
109,ENSG00000006025,OSBPL7,0
110,ENSG00000006042,TMEM98,1
111,ENSG00000006047,YBX2,0
112,ENSG00000006062,MAP3K14,6
113,ENSG00000006071,ABCC8,5
114,ENSG00000006116,CACNG3,42
115,ENSG00000006118,TMEM132A,0
116,ENSG00000006125,AP2B1,50
117,ENSG00000006128,TAC1,5
118,ENSG00000006194,ZNF263,0
119,ENSG00000006210,CX3CL1,21
120,ENSG00000006282,SPATA20,0
121,ENSG00000006283,CACNA1G,7
122,ENSG00000006377,DLX6,1
123,ENSG00000006432,MAP3K9,0
124,ENSG00000006451,RALA,9
125,ENSG00000006453,BAIAP2L1,1
126,ENSG00000006459,KDM7A,0
127,ENSG00000006468,ETV1,0
128,ENSG00000006530,AGK,4
129,ENSG00000006534,ALDH3B1,1
130,ENSG00000006555,TTC22,0
131,ENSG00000006576,PHTF2,0
132,ENSG00000006607,FARP2,3
133,ENSG00000006611,USH1C,10
134,ENSG00000006625,GGCT,0
135,ENSG00000006634,DBF4,13
136,ENSG00000006638,TBXA2R,5
137,ENSG00000006652,IFRD1,2
138,ENSG00000006695,COX10,2
139,ENSG00000006704,GTF2IRD1,1
140,ENSG00000006712,PAF1,57
141,ENSG00000006715,VPS41,9
142,ENSG00000006740,ARHGAP44,0
143,ENSG00000006744,ELAC2,1
144,ENSG00000006747,SCIN,8
145,ENSG00000006788,MYH13,14
146,ENSG00000006831,ADIPOR2,3
147,ENSG00000006837,CDKL3,0
148,ENSG00000007001,UPP2,2
149,ENSG00000007047,MARK4,9
150,ENSG00000007062,PROM1,1
151,ENSG00000007080,CCDC124,59
152,ENSG00000007168,PAFAH1B1,21
153,ENSG00000007171,NOS2,5
154,ENSG00000007174,DNAH9,0
155,ENSG00000007202,BLTP2,0
156,ENSG00000007216,SLC13A2,0
157,ENSG00000007237,GAS7,0
158,ENSG00000007255,TRAPPC6A,12
159,ENSG00000007264,MATK,4
160,ENSG00000007312,CD79B,6
161,ENSG00000007314,SCN4A,15
162,ENSG00000007341,ST7L,0
163,ENSG00000007350,TKTL1,2
164,ENSG00000007372,PAX6,13
165,ENSG00000007376,RPUSD1,0
166,ENSG00000007384,RHBDF1,0
167,ENSG00000007392,LUC7L,15
168,ENSG00000007402,CACNA2D2,10
169,ENSG00000007516,BAIAP3,0
170,ENSG00000007520,TSR3,0
171,ENSG00000007541,PIGQ,5
172,ENSG00000007545,CRAMP1,0
173,ENSG00000007866,TEAD3,6
174,ENSG00000007908,SELE,9
175,ENSG00000007923,DNAJC11,18
176,ENSG00000007933,FMO3,0
177,ENSG00000007944,MYLIP,1
178,ENSG00000007952,NOX1,22
179,ENSG00000007968,E2F2,5
180,ENSG00000008018,PSMB1,48
181,ENSG00000008056,SYN1,11
182,ENSG00000008083,JARID2,12
183,ENSG00000008086,CDKL5,0
184,ENSG00000008118,CAMK1G,1
185,ENSG00000008130,NADK,0
186,ENSG00000008196,TFAP2B,3
187,ENSG00000008197,TFAP2D,1
188,ENSG00000008226,DLEC1,0
189,ENSG00000008256,CYTH3,1
190,ENSG00000008277,ADAM22,8
191,ENSG00000008282,SYPL1,0
192,ENSG00000008283,CYB561,0
193,ENSG00000008294,SPAG9,2
194,ENSG00000008300,CELSR3,0
195,ENSG00000008311,AASS,0
196,ENSG00000008323,PLEKHG6,0
197,ENSG00000008324,SS18L2,0
198,ENSG00000008382,MPND,0
199,ENSG00000008394,MGST1,0
200,ENSG00000008405,CRY1,10
201,ENSG00000008438,PGLYRP1,1
202,ENSG00000008441,NFIX,0
203,ENSG00000008513,ST3GAL1,1
204,ENSG00000008516,MMP25,0
205,ENSG00000008710,PKD1,3
206,ENSG00000008735,MAPK8IP2,12
207,ENSG00000008838,MED24,73
208,ENSG00000008853,RHOBTB2,5
209,ENSG00000008869,HEATR5B,0
210,ENSG00000008952,SEC62,3
211,ENSG00000008988,RPS20,108
212,ENSG00000009307,CSDE1,7
213,ENSG00000009335,UBE3C,0
214,ENSG00000009413,REV3L,18
215,ENSG00000009694,TENM1,3
216,ENSG00000009709,PAX7,2
217,ENSG00000009724,MASP2,6
218,ENSG00000009765,IYD,0
219,ENSG00000009780,FAM76A,0
220,ENSG00000009790,TRAF3IP3,20
221,ENSG00000009830,POMT2,1
222,ENSG00000009844,VTA1,7
223,ENSG00000009950,MLXIPL,5
224,ENSG00000009954,BAZ1B,17
225,ENSG00000010017,RANBP9,10
226,ENSG00000010072,SPRTN,4
227,ENSG00000010165,METTL13,2
228,ENSG00000010219,DYRK4,0
229,ENSG00000010244,ZNF207,2
230,ENSG00000010256,UQCRC1,61
231,ENSG00000010270,STARD3NL,2
232,ENSG00000010278,CD9,22
233,ENSG00000010282,HHATL,0
234,ENSG00000010292,NCAPD2,5
235,ENSG00000010295,IFFO1,1
236,ENSG00000010310,GIPR,4
237,ENSG00000010318,PHF7,0
238,ENSG00000010319,SEMA3G,1
239,ENSG00000010322,NISCH,1
240,ENSG00000010327,STAB1,2
241,ENSG00000010361,FUZ,3
242,ENSG00000010379,SLC6A13,1
243,ENSG00000010404,IDS,0
244,ENSG00000010610,CD4,25
245,ENSG00000010626,LRRC23,0
246,ENSG00000010671,BTK,21
247,ENSG00000010704,HFE,5
248,ENSG00000010803,SCMH1,11
249,ENSG00000010810,FYN,75
250,ENSG00000010818,HIVEP2,0
251,ENSG00000010932,FMO1,0
252,ENSG00000011007,ELOA,36
253,ENSG00000011009,LYPLA2,3
254,ENSG00000011021,CLCN6,0
255,ENSG00000011028,MRC2,2
256,ENSG00000011083,SLC6A7,0
257,ENSG00000011105,TSPAN9,0
258,ENSG00000011114,BTBD7,0
259,ENSG00000011132,APBA3,2
260,ENSG00000011143,MKS1,13
261,ENSG00000011198,ABHD5,3
262,ENSG00000011243,AKAP8L,2
263,ENSG00000011258,MBTD1,30
264,ENSG00000011260,UTP18,66
265,ENSG00000011275,RNF216,4
266,ENSG00000011295,TTC19,0
267,ENSG00000011304,PTBP1,17
268,ENSG00000011332,DPF1,22
269,ENSG00000011347,SYT7,2
270,ENSG00000011376,LARS2,11
271,ENSG00000011405,PIK3C2A,6
272,ENSG00000011422,PLAUR,6
273,ENSG00000011426,ANLN,6
274,ENSG00000011451,WIZ,0
275,ENSG00000011454,RABGAP1,2
276,ENSG00000011465,DCN,45
277,ENSG00000011478,QPCTL,0
278,ENSG00000011485,PPP5C,26
279,ENSG00000011523,CEP68,0
280,ENSG00000011566,MAP4K3,1
281,ENSG00000011590,ZBTB32,0
282,ENSG00000011600,TYROBP,17
283,ENSG00000011638,LDAF1,0
284,ENSG00000011677,GABRA3,6
285,ENSG00000012048,BRCA1,131
286,ENSG00000012061,ERCC1,33
287,ENSG00000012124,CD22,6
288,ENSG00000012171,SEMA3B,4
289,ENSG00000012174,MBTPS2,0
290,ENSG00000012211,PRICKLE3,5
291,ENSG00000012223,LTF,15
292,ENSG00000012232,EXTL3,2
293,ENSG00000012504,NR1H4,7
294,ENSG00000012660,ELOVL5,0
295,ENSG00000012779,ALOX5,2
296,ENSG00000012817,KDM5D,2
297,ENSG00000012822,CALCOCO1,1
298,ENSG00000012963,UBR7,0
299,ENSG00000012983,MAP4K5,2
300,ENSG00000013016,EHD3,5
301,ENSG00000013275,PSMC4,42
302,ENSG00000013288,MAN2B2,2
303,ENSG00000013293,SLC7A14,0
304,ENSG00000013297,CLDN11,4
305,ENSG00000013306,SLC25A39,0
306,ENSG00000013364,MVP,2
307,ENSG00000013374,NUB1,3
308,ENSG00000013375,PGM3,0
309,ENSG00000013392,RWDD2A,0
310,ENSG00000013441,CLK1,1
311,ENSG00000013503,POLR3B,18
312,ENSG00000013523,ANGEL1,0
313,ENSG00000013561,RNF14,0
314,ENSG00000013563,DNASE1L1,0
315,ENSG00000013573,DDX11,1
316,ENSG00000013583,HEBP1,0
317,ENSG00000013588,GPRC5A,0
318,ENSG00000013619,MAMLD1,0
319,ENSG00000013725,CD6,4
320,ENSG00000014123,UFL1,2
321,ENSG00000014138,POLA2,23
322,ENSG00000014164,ZC3H3,0
323,ENSG00000014216,CAPN1,4
324,ENSG00000014257,ACP3,0
325,ENSG00000014641,MDH1,0
326,ENSG00000014824,SLC30A9,0
327,ENSG00000014914,MTMR11,0
328,ENSG00000014919,COX15,10
329,ENSG00000015133,CCDC88C,1
330,ENSG00000015153,YAF2,23
331,ENSG00000015171,ZMYND11,2
332,ENSG00000015285,WAS,41
333,ENSG00000015413,DPEP1,0
334,ENSG00000015475,BID,7
335,ENSG00000015479,MATR3,14
336,ENSG00000015520,NPC1L1,0
337,ENSG00000015532,XYLT2,2
338,ENSG00000015592,STMN4,5
339,ENSG00000015676,NUDCD3,13
340,ENSG00000016082,ISL1,4
341,ENSG00000016391,CHDH,1
342,ENSG00000016402,IL20RA,7
343,ENSG00000016490,CLCA1,1
344,ENSG00000016864,GLT8D1,0
345,ENSG00000017260,ATP2C1,1
346,ENSG00000017427,IGF1,36
347,ENSG00000017483,SLC38A5,1
348,ENSG00000017797,RALBP1,4
349,ENSG00000018189,RUFY3,0
350,ENSG00000018236,CNTN1,7
351,ENSG00000018280,SLC11A1,1
352,ENSG00000018408,WWTR1,24
353,ENSG00000018510,AGPS,2
354,ENSG00000018610,STEEP1,0
355,ENSG00000018625,ATP1A2,19
356,ENSG00000018699,TTC27,0
357,ENSG00000018869,ZNF582,0
358,ENSG00000019102,VSIG2,0
359,ENSG00000019144,PHLDB1,0
360,ENSG00000019169,MARCO,0
361,ENSG00000019186,CYP24A1,0
362,ENSG00000019485,PRDM11,0
363,ENSG00000019505,SYT13,0
364,ENSG00000019549,SNAI2,3
365,ENSG00000019582,CD74,10
366,ENSG00000019991,HGF,10
367,ENSG00000019995,ZRANB1,6
368,ENSG00000020129,NCDN,1
369,ENSG00000020181,ADGRA2,8
370,ENSG00000020256,ZFP64,0
371,ENSG00000020426,MNAT1,69
372,ENSG00000020577,SAMD4A,0
373,ENSG00000020633,RUNX3,18
374,ENSG00000020922,MRE11,14
375,ENSG00000021300,PLEKHB1,0
376,ENSG00000021488,SLC7A9,2
377,ENSG00000021574,SPAST,4
378,ENSG00000021645,NRXN3,5
379,ENSG00000021762,OSBPL5,2
380,ENSG00000021776,AQR,69
381,ENSG00000021826,CPS1,0
382,ENSG00000021852,C8B,20
383,ENSG00000022277,RTF2,1
384,ENSG00000022355,GABRA1,14
385,ENSG00000022567,SLC45A4,0
386,ENSG00000022840,RNF10,0
387,ENSG00000023041,ZDHHC6,0
388,ENSG00000023171,GRAMD1B,0
389,ENSG00000023191,RNH1,1
390,ENSG00000023228,NDUFS1,0
391,ENSG00000023287,RB1CC1,22
392,ENSG00000023318,ERP44,4
393,ENSG00000023330,ALAS1,1
394,ENSG00000023445,BIRC3,28
395,ENSG00000023516,AKAP11,1
396,ENSG00000023608,SNAPC1,8
397,ENSG00000023697,DERA,0
398,ENSG00000023734,STRAP,19
399,ENSG00000023839,ABCC2,0
400,ENSG00000023892,DEF6,0
401,ENSG00000023902,PLEKHO1,1
402,ENSG00000023909,GCLM,1
403,ENSG00000024048,UBR2,3
404,ENSG00000024422,EHD2,9
405,ENSG00000024526,DEPDC1,0
406,ENSG00000024862,CCDC28A,0
407,ENSG00000025039,RRAGD,12
408,ENSG00000025156,HSF2,0
409,ENSG00000025293,PHF20,47
410,ENSG00000025423,HSD17B6,8
411,ENSG00000025434,NR1H3,10
412,ENSG00000025708,TYMP,2
413,ENSG00000025770,NCAPH2,4
414,ENSG00000025772,TOMM34,3
415,ENSG00000025796,SEC63,5
416,ENSG00000025800,KPNA6,4
417,ENSG00000026025,VIM,4
418,ENSG00000026508,CD44,77
419,ENSG00000026559,KCNG1,0
420,ENSG00000026652,AGPAT4,8
421,ENSG00000027001,MIPEP,0
422,ENSG00000027075,PRKCH,0
423,ENSG00000027644,INSRR,3
424,ENSG00000027847,B4GALT7,0
425,ENSG00000027869,SH2D2A,4
426,ENSG00000028116,VRK2,2
427,ENSG00000028137,TNFRSF1B,11
428,ENSG00000028203,VEZT,5
429,ENSG00000028277,POU2F2,2
430,ENSG00000028310,BRD9,29
431,ENSG00000028528,SNX1,12
432,ENSG00000028839,TBPL1,4
433,ENSG00000029153,BMAL2,3
434,ENSG00000029363,BCLAF1,9
435,ENSG00000029364,SLC39A9,0
436,ENSG00000029534,ANK1,27
437,ENSG00000029559,IBSP,5
438,ENSG00000029639,TFB1M,36
439,ENSG00000029725,RABEP1,8
440,ENSG00000030066,NUP160,24
441,ENSG00000030110,BAK1,27
442,ENSG00000030304,MUSK,6
443,ENSG00000030419,IKZF2,0
444,ENSG00000030582,GRN,2
445,ENSG00000031003,FAM13B,0
446,ENSG00000031081,ARHGAP31,1
447,ENSG00000031691,CENPQ,14
448,ENSG00000031698,SARS1,2
449,ENSG00000031823,RANBP3,4
450,ENSG00000032219,ARID4A,18
451,ENSG00000032389,EIPR1,0
452,ENSG00000032444,PNPLA6,5
453,ENSG00000032742,IFT88,19
454,ENSG00000033030,ZCCHC8,4
455,ENSG00000033050,ABCF2,0
456,ENSG00000033100,CHPF2,0
457,ENSG00000033122,LRRC7,1
458,ENSG00000033170,FUT8,0
459,ENSG00000033178,UBA6,7
460,ENSG00000033327,GAB2,20
461,ENSG00000033627,ATP6V0A1,30
462,ENSG00000033800,PIAS1,8
463,ENSG00000033867,SLC4A7,1
464,ENSG00000034053,APBA2,2
465,ENSG00000034152,MAP2K3,11
466,ENSG00000034239,CLXN,0
467,ENSG00000034533,ASTE1,0
468,ENSG00000034677,RNF19A,0
469,ENSG00000034693,PEX3,23
470,ENSG00000034713,GABARAPL2,37
471,ENSG00000034971,MYOC,4
472,ENSG00000035115,SH3YL1,0
473,ENSG00000035141,FAM136A,0
474,ENSG00000035403,VCL,50
475,ENSG00000035499,DEPDC1B,0
476,ENSG00000035664,DAPK2,3
477,ENSG00000035681,NSMAF,3
478,ENSG00000035687,ADSS2,1
479,ENSG00000035720,STAP1,0
480,ENSG00000035862,TIMP2,6
481,ENSG00000035928,RFC1,9
482,ENSG00000036054,TBC1D23,2
483,ENSG00000036257,CUL3,66
484,ENSG00000036448,MYOM2,10
485,ENSG00000036473,OTC,0
486,ENSG00000036530,CYP46A1,0
487,ENSG00000036549,ZZZ3,34
488,ENSG00000036565,SLC18A1,6
489,ENSG00000036672,USP2,5
490,ENSG00000036828,CASR,2
491,ENSG00000037042,TUBG2,7
492,ENSG00000037280,FLT4,13
493,ENSG00000037474,NSUN2,0
494,ENSG00000037637,FBXO42,0
495,ENSG00000037749,MFAP3,0
496,ENSG00000037757,MRI1,0
497,ENSG00000037897,METTL1,1
498,ENSG00000037965,HOXC8,0
499,ENSG00000038002,AGA,0
500,ENSG00000038210,PI4K2B,4
501,ENSG00000038219,BOD1L1,5
502,ENSG00000038274,MAT2B,3
503,ENSG00000038295,TLL1,0
504,ENSG00000038358,EDC4,9
505,ENSG00000038382,TRIO,2
506,ENSG00000038427,VCAN,10
507,ENSG00000038532,CLEC16A,1
508,ENSG00000038945,MSR1,1
509,ENSG00000039068,CDH1,102
510,ENSG00000039123,MTREX,55
511,ENSG00000039139,DNAH5,13
512,ENSG00000039523,RIPOR1,0
513,ENSG00000039537,C6,20
514,ENSG00000039560,RAI14,0
515,ENSG00000039600,SOX30,0
516,ENSG00000039650,PNKP,4
517,ENSG00000039987,BEST2,0
518,ENSG00000040199,PHLPP2,4
519,ENSG00000040275,SPDL1,8
520,ENSG00000040341,STAU2,2
521,ENSG00000040487,SLC66A1,0
522,ENSG00000040531,CTNS,0
523,ENSG00000040608,RTN4R,7
524,ENSG00000040633,PHF23,0
525,ENSG00000040731,CDH10,8
526,ENSG00000040933,INPP4A,0
527,ENSG00000041353,RAB27B,5
528,ENSG00000041357,PSMA4,49
529,ENSG00000041515,MYO16,0
530,ENSG00000041802,LSG1,28
531,ENSG00000041880,PARP3,0
532,ENSG00000041982,TNC,2
533,ENSG00000041988,THAP3,0
534,ENSG00000042062,RIPOR3,0
535,ENSG00000042088,TDP1,4
536,ENSG00000042286,AIFM2,0
537,ENSG00000042317,SPATA7,0
538,ENSG00000042429,MED17,75
539,ENSG00000042445,RETSAT,0
540,ENSG00000042493,CAPG,3
541,ENSG00000042753,AP2S1,39
542,ENSG00000042781,USH2A,6
543,ENSG00000042813,ZPBP,0
544,ENSG00000042832,TG,4
545,ENSG00000042980,ADAM28,2
546,ENSG00000043039,BARX2,0
547,ENSG00000043143,JADE2,4
548,ENSG00000043355,ZIC2,0
549,ENSG00000043462,LCP2,30
550,ENSG00000043514,TRIT1,0
551,ENSG00000043591,ADRB1,4
552,ENSG00000044090,CUL7,0
553,ENSG00000044115,CTNNA1,22
554,ENSG00000044446,PHKA2,6
555,ENSG00000044459,CNTLN,2
556,ENSG00000044524,EPHA3,8
557,ENSG00000044574,HSPA5,43
558,ENSG00000046604,DSG2,5
559,ENSG00000046647,GEMIN8,14
560,ENSG00000046651,OFD1,4
561,ENSG00000046653,GPM6B,0
562,ENSG00000046889,PREX2,0
563,ENSG00000047056,WDR37,1
564,ENSG00000047188,YTHDC2,2
565,ENSG00000047230,CTPS2,2
566,ENSG00000047249,ATP6V1H,30
567,ENSG00000047315,POLR2B,106
568,ENSG00000047346,ATOSA,0
569,ENSG00000047365,ARAP2,0
570,ENSG00000047410,TPR,41
571,ENSG00000047457,CP,6
572,ENSG00000047578,KATNIP,0
573,ENSG00000047579,DTNBP1,14
574,ENSG00000047597,XK,1
575,ENSG00000047617,ANO2,0
576,ENSG00000047621,C12orf4,0
577,ENSG00000047648,ARHGAP6,0
578,ENSG00000047662,FAM184B,0
579,ENSG00000047932,GOPC,4
580,ENSG00000047936,ROS1,0
581,ENSG00000048028,USP28,8
582,ENSG00000048052,HDAC9,12
583,ENSG00000048140,TSPAN17,0
584,ENSG00000048162,NOP16,0
585,ENSG00000048342,CC2D2A,13
586,ENSG00000048392,RRM2B,3
587,ENSG00000048405,ZNF800,0
588,ENSG00000048462,TNFRSF17,3
589,ENSG00000048471,SNX29,0
590,ENSG00000048540,LMO3,1
591,ENSG00000048544,MRPS10,95
592,ENSG00000048545,GUCA1A,0
593,ENSG00000048649,RSF1,11
594,ENSG00000048707,VPS13D,0
595,ENSG00000048740,CELF2,0
596,ENSG00000048828,FAM120A,0
597,ENSG00000048991,R3HDM1,0
598,ENSG00000049089,COL9A2,6
599,ENSG00000049130,KITLG,6
600,ENSG00000049167,ERCC8,76
601,ENSG00000049192,ADAMTS6,0
602,ENSG00000049239,H6PD,3
603,ENSG00000049245,VAMP3,34
604,ENSG00000049246,PER3,4
605,ENSG00000049249,TNFRSF9,0
606,ENSG00000049283,EPN3,7
607,ENSG00000049323,LTBP1,7
608,ENSG00000049449,RCN1,1
609,ENSG00000049540,ELN,0
610,ENSG00000049541,RFC2,15
611,ENSG00000049618,ARID1B,33
612,ENSG00000049656,CLPTM1L,0
613,ENSG00000049759,NEDD4L,18
614,ENSG00000049768,FOXP3,13
615,ENSG00000049769,PPP1R3F,8
616,ENSG00000049860,HEXB,4
617,ENSG00000049883,PTCD2,0
618,ENSG00000050030,NEXMIF,0
619,ENSG00000050165,DKK3,1
620,ENSG00000050327,ARHGEF5,0
621,ENSG00000050344,NFE2L3,1
622,ENSG00000050393,MCUR1,6
623,ENSG00000050405,LIMA1,1
624,ENSG00000050426,LETMD1,0
625,ENSG00000050438,SLC4A8,0
626,ENSG00000050555,LAMC3,6
627,ENSG00000050628,PTGER3,3
628,ENSG00000050748,MAPK9,9
629,ENSG00000050767,COL23A1,5
630,ENSG00000050820,BCAR1,29
631,ENSG00000051009,FHIP1B,4
632,ENSG00000051108,HERPUD1,0
633,ENSG00000051128,HOMER3,6
634,ENSG00000051180,RAD51,65
635,ENSG00000051341,POLQ,0
636,ENSG00000051382,PIK3CB,24
637,ENSG00000051523,CYBA,17
638,ENSG00000051596,THOC3,10
639,ENSG00000051620,HEBP2,1
640,ENSG00000051825,MPHOSPH9,0
641,ENSG00000052126,PLEKHA5,0
642,ENSG00000052344,PRSS8,0
643,ENSG00000052723,SIKE1,18
644,ENSG00000052749,RRP12,33
645,ENSG00000052795,FNIP2,10
646,ENSG00000052802,MSMO1,2
647,ENSG00000052841,TTC17,0
648,ENSG00000052850,ALX4,0
649,ENSG00000053108,FSTL4,0
650,ENSG00000053254,FOXN3,1
651,ENSG00000053328,METTL24,0
652,ENSG00000053372,MRTO4,22
653,ENSG00000053501,USE1,17
654,ENSG00000053702,NRIP2,0
655,ENSG00000053747,LAMA3,5
656,ENSG00000053770,AP5M1,19
657,ENSG00000053900,ANAPC4,47
658,ENSG00000053918,KCNQ1,17
659,ENSG00000054116,TRAPPC3,13
660,ENSG00000054118,THRAP3,19
661,ENSG00000054148,PHPT1,0
662,ENSG00000054179,ENTPD2,0
663,ENSG00000054219,LY75,0
664,ENSG00000054267,ARID4B,17
665,ENSG00000054277,OPN3,0
666,ENSG00000054282,SDCCAG8,1
667,ENSG00000054356,PTPRN,1
668,ENSG00000054392,HHAT,0
669,ENSG00000054523,KIF1B,3
670,ENSG00000054598,FOXC1,1
671,ENSG00000054611,TBC1D22A,0
672,ENSG00000054654,SYNE2,9
673,ENSG00000054690,PLEKHH1,0
674,ENSG00000054793,ATP9A,0
675,ENSG00000054796,SPO11,1
676,ENSG00000054803,CBLN4,0
677,ENSG00000054938,CHRDL2,0
678,ENSG00000054965,FAM168A,0
679,ENSG00000054967,RELT,0
680,ENSG00000054983,GALC,1
681,ENSG00000055044,NOP58,86
682,ENSG00000055070,SZRD1,3
683,ENSG00000055118,KCNH2,5
684,ENSG00000055130,CUL1,79
685,ENSG00000055147,FAM114A2,0
686,ENSG00000055163,CYFIP2,21
687,ENSG00000055208,TAB2,26
688,ENSG00000055211,GINM1,0
689,ENSG00000055332,EIF2AK2,9
690,ENSG00000055483,USP36,0
691,ENSG00000055609,KMT2C,15
692,ENSG00000055732,MCOLN3,3
693,ENSG00000055813,CCDC85A,0
694,ENSG00000055917,PUM2,4
695,ENSG00000055950,MRPL43,103
696,ENSG00000055955,ITIH4,9
697,ENSG00000055957,ITIH1,1
698,ENSG00000056050,HPF1,2
699,ENSG00000056097,ZFR,0
700,ENSG00000056277,ZNF280C,0
701,ENSG00000056291,NPFFR2,2
702,ENSG00000056487,PHF21B,0
703,ENSG00000056558,TRAF1,16
704,ENSG00000056586,RC3H2,0
705,ENSG00000056736,IL17RB,8
706,ENSG00000056972,TRAF3IP2,3
707,ENSG00000057019,DCBLD2,1
708,ENSG00000057252,SOAT1,1
709,ENSG00000057294,PKP2,8
710,ENSG00000057468,MSH4,4
711,ENSG00000057593,F7,6
712,ENSG00000057608,GDI2,13
713,ENSG00000057657,PRDM1,2
714,ENSG00000057663,ATG5,25
715,ENSG00000057704,TMCC3,0
716,ENSG00000057757,PITHD1,0
717,ENSG00000057935,MTA3,17
718,ENSG00000058056,USP13,7
719,ENSG00000058063,ATP11B,2
720,ENSG00000058085,LAMC2,5
721,ENSG00000058091,CDK14,2
722,ENSG00000058262,SEC61A1,81
723,ENSG00000058272,PPP1R12A,10
724,ENSG00000058335,RASGRF1,3
725,ENSG00000058404,CAMK2B,5
726,ENSG00000058453,CROCC,3
727,ENSG00000058600,POLR3E,16
728,ENSG00000058668,ATP2B4,2
729,ENSG00000058729,RIOK2,38
730,ENSG00000058799,YIPF1,0
731,ENSG00000058804,NDC1,28
732,ENSG00000058866,DGKG,0
733,ENSG00000059122,FLYWCH1,0
734,ENSG00000059145,UNKL,0
735,ENSG00000059377,TBXAS1,0
736,ENSG00000059378,PARP12,0
737,ENSG00000059573,ALDH18A1,0
738,ENSG00000059588,TARBP1,0
739,ENSG00000059691,GATB,4
740,ENSG00000059728,MXD1,3
741,ENSG00000059758,CDK17,0
742,ENSG00000059769,DNAJC25,0
743,ENSG00000059915,PSD,0
744,ENSG00000060069,CTDP1,18
745,ENSG00000060138,YBX3,5
746,ENSG00000060140,STYK1,0
747,ENSG00000060237,WNK1,2
748,ENSG00000060339,CCAR1,14
749,ENSG00000060558,GNA15,3
750,ENSG00000060566,CREB3L3,16
751,ENSG00000060642,PIGV,0
752,ENSG00000060656,PTPRU,1
753,ENSG00000060688,SNRNP40,117
754,ENSG00000060709,RIMBP2,0
755,ENSG00000060718,COL11A1,10
756,ENSG00000060749,QSER1,0
757,ENSG00000060982,BCAT1,3
758,ENSG00000061273,HDAC7,9
759,ENSG00000061337,LZTS1,0
760,ENSG00000061455,PRDM6,2
761,ENSG00000061492,WNT8A,5
762,ENSG00000061656,SPAG4,2
763,ENSG00000061676,NCKAP1,15
764,ENSG00000061794,MRPS35,97
765,ENSG00000061918,GUCY1B1,2
766,ENSG00000061936,SFSWAP,0
767,ENSG00000061938,TNK2,3
768,ENSG00000061987,MON2,0
769,ENSG00000062038,CDH3,16
770,ENSG00000062194,GPBP1,0
771,ENSG00000062282,DGAT2,3
772,ENSG00000062370,ZNF112,0
773,ENSG00000062524,LTK,1
774,ENSG00000062582,MRPS24,93
775,ENSG00000062598,ELMO2,9
776,ENSG00000062650,WAPL,10
777,ENSG00000062716,VMP1,2
778,ENSG00000062725,APPBP2,14
779,ENSG00000062822,POLD1,48
780,ENSG00000063015,SEZ6,0
781,ENSG00000063046,EIF4B,13
782,ENSG00000063169,BICRA,27
783,ENSG00000063176,SPHK2,10
784,ENSG00000063177,RPL18,108
785,ENSG00000063180,CA11,0
786,ENSG00000063244,U2AF2,43
787,ENSG00000063245,EPN1,10
788,ENSG00000063322,MED29,72
789,ENSG00000063438,AHRR,2
790,ENSG00000063515,GSC2,0
791,ENSG00000063601,MTMR1,0
792,ENSG00000063660,GPC1,9
793,ENSG00000063761,ADCK1,0
794,ENSG00000063854,HAGH,1
795,ENSG00000063978,RNF4,8
796,ENSG00000064012,CASP8,37
797,ENSG00000064042,LIMCH1,0
798,ENSG00000064102,INTS13,14
799,ENSG00000064115,TM7SF3,0
800,ENSG00000064195,DLX3,2
801,ENSG00000064199,SPA17,0
802,ENSG00000064201,TSPAN32,0
803,ENSG00000064205,CCN5,0
804,ENSG00000064218,DMRT3,0
805,ENSG00000064225,ST3GAL6,0
806,ENSG00000064270,ATP2C2,1
807,ENSG00000064300,NGFR,31
808,ENSG00000064309,CDON,9
809,ENSG00000064313,TAF2,89
810,ENSG00000064393,HIPK2,6
811,ENSG00000064419,TNPO3,2
812,ENSG00000064490,RFXANK,5
813,ENSG00000064545,TMEM161A,0
814,ENSG00000064547,LPAR2,10
815,ENSG00000064601,CTSA,2
816,ENSG00000064607,SUGP2,0
817,ENSG00000064651,SLC12A2,0
818,ENSG00000064652,SNX24,0
819,ENSG00000064655,EYA2,1
820,ENSG00000064666,CNN2,0
821,ENSG00000064687,ABCA7,1
822,ENSG00000064692,SNCAIP,3
823,ENSG00000064703,DDX20,18
824,ENSG00000064726,BTBD1,0
825,ENSG00000064763,FAR2,1
826,ENSG00000064787,BCAS1,0
827,ENSG00000064835,POU1F1,1
828,ENSG00000064932,SBNO2,0
829,ENSG00000064933,PMS1,8
830,ENSG00000064961,HMG20B,11
831,ENSG00000064989,CALCRL,13
832,ENSG00000064999,ANKS1A,0
833,ENSG00000065000,AP3D1,8
834,ENSG00000065029,ZNF76,0
835,ENSG00000065054,NHERF2,10
836,ENSG00000065057,NTHL1,2
837,ENSG00000065060,BLTP3A,0
838,ENSG00000065135,GNAI3,36
839,ENSG00000065150,IPO5,3
840,ENSG00000065154,OAT,0
841,ENSG00000065183,WDR3,65
842,ENSG00000065243,PKN2,9
843,ENSG00000065268,WDR18,5
844,ENSG00000065308,TRAM2,0
845,ENSG00000065320,NTN1,9
846,ENSG00000065325,GLP2R,4
847,ENSG00000065328,MCM10,24
848,ENSG00000065357,DGKA,0
849,ENSG00000065361,ERBB3,26
850,ENSG00000065413,ANKRD44,4
851,ENSG00000065427,KARS1,15
852,ENSG00000065457,ADAT1,0
853,ENSG00000065485,PDIA5,0
854,ENSG00000065491,TBC1D22B,0
855,ENSG00000065518,NDUFB4,62
856,ENSG00000065526,SPEN,4
857,ENSG00000065534,MYLK,3
858,ENSG00000065548,ZC3H15,1
859,ENSG00000065559,MAP2K4,16
860,ENSG00000065600,PACC1,0
861,ENSG00000065609,SNAP91,1
862,ENSG00000065613,SLK,0
863,ENSG00000065615,CYB5R4,2
864,ENSG00000065618,COL17A1,6
865,ENSG00000065621,GSTO2,1
866,ENSG00000065665,SEC61A2,7
867,ENSG00000065675,PRKCQ,11
868,ENSG00000065717,TLE2,4
869,ENSG00000065802,ASB1,1
870,ENSG00000065809,FAM107B,0
871,ENSG00000065833,ME1,3
872,ENSG00000065882,TBC1D1,0
873,ENSG00000065883,CDK13,8
874,ENSG00000065911,MTHFD2,2
875,ENSG00000065923,SLC9A7,1
876,ENSG00000065970,FOXJ2,0
877,ENSG00000065978,YBX1,58
878,ENSG00000065989,PDE4A,7
879,ENSG00000066027,PPP2R5A,22
880,ENSG00000066032,CTNNA2,15
881,ENSG00000066044,ELAVL1,12
882,ENSG00000066056,TIE1,3
883,ENSG00000066084,DIP2B,1
884,ENSG00000066117,SMARCD1,37
885,ENSG00000066135,KDM4A,4
886,ENSG00000066136,NFYC,3
887,ENSG00000066185,ZMYND12,0
888,ENSG00000066230,SLC9A3,4
889,ENSG00000066248,NGEF,0
890,ENSG00000066279,ASPM,1
891,ENSG00000066294,CD84,2
892,ENSG00000066322,ELOVL1,3
893,ENSG00000066336,SPI1,24
894,ENSG00000066379,POLR1H,12
895,ENSG00000066382,MPPED2,0
896,ENSG00000066405,CLDN18,2
897,ENSG00000066422,ZBTB11,0
898,ENSG00000066455,GOLGA5,1
899,ENSG00000066468,FGFR2,29
900,ENSG00000066557,LRRC40,1
901,ENSG00000066583,ISOC1,0
902,ENSG00000066629,EML1,1
903,ENSG00000066651,TRMT11,1
904,ENSG00000066654,THUMPD1,1
905,ENSG00000066697,MSANTD3,0
906,ENSG00000066735,KIF26A,0
907,ENSG00000066739,ATG2B,4
908,ENSG00000066777,ARFGEF1,1
909,ENSG00000066827,ZFAT,0
910,ENSG00000066855,MTFR1,0
911,ENSG00000066923,STAG3,8
912,ENSG00000066926,FECH,3
913,ENSG00000066933,MYO9A,7
914,ENSG00000067048,DDX3Y,0
915,ENSG00000067057,PFKP,6
916,ENSG00000067064,IDI1,0
917,ENSG00000067082,KLF6,1
918,ENSG00000067113,PLPP1,0
919,ENSG00000067141,NEO1,14
920,ENSG00000067167,TRAM1,4
921,ENSG00000067177,PHKA1,7
922,ENSG00000067182,TNFRSF1A,45
923,ENSG00000067191,CACNB1,8
924,ENSG00000067208,EVI5,1
925,ENSG00000067221,STOML1,0
926,ENSG00000067225,PKM,14
927,ENSG00000067248,DHX29,28
928,ENSG00000067334,DNTTIP2,61
929,ENSG00000067365,METTL22,0
930,ENSG00000067369,TP53BP1,28
931,ENSG00000067533,RRP15,6
932,ENSG00000067560,RHOA,54
933,ENSG00000067596,DHX8,42
934,ENSG00000067606,PRKCZ,17
935,ENSG00000067704,IARS2,11
936,ENSG00000067715,SYT1,21
937,ENSG00000067798,NAV3,0
938,ENSG00000067836,ROGDI,3
939,ENSG00000067840,PDZD4,0
940,ENSG00000067842,ATP2B3,0
941,ENSG00000067900,ROCK1,7
942,ENSG00000067955,CBFB,18
943,ENSG00000067992,PDK3,1
944,ENSG00000068001,HYAL2,1
945,ENSG00000068024,HDAC4,22
946,ENSG00000068028,RASSF1,10
947,ENSG00000068078,FGFR3,21
948,ENSG00000068079,IFI35,1
949,ENSG00000068097,HEATR6,0
950,ENSG00000068120,COASY,3
951,ENSG00000068137,PLEKHH3,0
952,ENSG00000068305,MEF2A,13
953,ENSG00000068308,OTUD5,4
954,ENSG00000068323,TFE3,3
955,ENSG00000068354,TBC1D25,3
956,ENSG00000068366,ACSL4,1
957,ENSG00000068383,INPP5A,3
958,ENSG00000068394,GPKOW,44
959,ENSG00000068400,GRIPAP1,1
960,ENSG00000068438,FTSJ1,1
961,ENSG00000068489,PRR11,0
962,ENSG00000068615,REEP1,1
963,ENSG00000068650,ATP11A,7
964,ENSG00000068654,POLR1A,17
965,ENSG00000068697,LAPTM4A,2
966,ENSG00000068724,TTC7A,0
967,ENSG00000068745,IP6K2,2
968,ENSG00000068784,SRBD1,0
969,ENSG00000068796,KIF2A,16
970,ENSG00000068831,RASGRP2,1
971,ENSG00000068878,PSME4,19
972,ENSG00000068885,IFT80,16
973,ENSG00000068903,SIRT2,10
974,ENSG00000068912,ERLEC1,10
975,ENSG00000068971,PPP2R5B,13
976,ENSG00000068976,PYGM,3
977,ENSG00000069011,PITX1,1
978,ENSG00000069018,TRPC7,1
979,ENSG00000069020,MAST4,0
980,ENSG00000069122,ADGRF5,0
981,ENSG00000069188,SDK2,0
982,ENSG00000069206,ADAM7,0
983,ENSG00000069248,NUP133,24
984,ENSG00000069275,NUCKS1,1
985,ENSG00000069329,VPS35,14
986,ENSG00000069345,DNAJA2,6
987,ENSG00000069399,BCL3,10
988,ENSG00000069424,KCNAB2,7
989,ENSG00000069431,ABCC9,3
990,ENSG00000069482,GAL,8
991,ENSG00000069509,FUNDC1,9
992,ENSG00000069535,MAOB,3
993,ENSG00000069667,RORA,9
994,ENSG00000069696,DRD4,2
995,ENSG00000069702,TGFBR3,8
996,ENSG00000069764,PLA2G10,1
997,ENSG00000069812,HES2,0
998,ENSG00000069849,ATP1B3,19
999,ENSG00000069869,NEDD4,17
1000,ENSG00000069943,PIGB,0
1001,ENSG00000069956,MAPK6,8
1002,ENSG00000069966,GNB5,27
1003,ENSG00000069974,RAB27A,13
1004,ENSG00000069998,HDHD5,0
1005,ENSG00000070010,UFD1,16
1006,ENSG00000070018,LRP6,38
1007,ENSG00000070019,GUCY2C,2
1008,ENSG00000070031,SCT,3
1009,ENSG00000070047,PHRF1,0
1010,ENSG00000070061,ELP1,8
1011,ENSG00000070081,NUCB2,1
1012,ENSG00000070087,PFN2,4
1013,ENSG00000070159,PTPN3,1
1014,ENSG00000070182,SPTB,10
1015,ENSG00000070190,DAPP1,1
1016,ENSG00000070193,FGF10,14
1017,ENSG00000070214,SLC44A1,0
1018,ENSG00000070269,TMEM260,0
1019,ENSG00000070366,SMG6,7
1020,ENSG00000070367,EXOC5,15
1021,ENSG00000070404,FSTL3,3
1022,ENSG00000070413,DGCR2,0
1023,ENSG00000070423,RNF126,2
1024,ENSG00000070444,MNT,2
1025,ENSG00000070476,ZXDC,0
1026,ENSG00000070495,JMJD6,2
1027,ENSG00000070501,POLB,14
1028,ENSG00000070526,ST6GALNAC1,0
1029,ENSG00000070540,WIPI1,7
1030,ENSG00000070601,FRMPD1,0
1031,ENSG00000070610,GBA2,2
1032,ENSG00000070614,NDST1,1
1033,ENSG00000070669,ASNS,1
1034,ENSG00000070718,AP3M2,23
1035,ENSG00000070729,CNGB1,5
1036,ENSG00000070731,ST6GALNAC2,0
1037,ENSG00000070748,CHAT,0
1038,ENSG00000070759,TESK2,0
1039,ENSG00000070761,CFAP20,31
1040,ENSG00000070770,CSNK2A2,16
1041,ENSG00000070778,PTPN21,0
1042,ENSG00000070785,EIF2B3,6
1043,ENSG00000070808,CAMK2A,13
1044,ENSG00000070814,TCOF1,1
1045,ENSG00000070831,CDC42,0
1046,ENSG00000070882,OSBPL3,1
1047,ENSG00000070886,EPHA8,4
1048,ENSG00000070915,SLC12A3,0
1049,ENSG00000070950,RAD18,15
1050,ENSG00000070961,ATP2B1,1
1051,ENSG00000070985,TRPM5,0
1052,ENSG00000071051,NCK2,23
1053,ENSG00000071054,MAP4K4,2
1054,ENSG00000071073,MGAT4A,2
1055,ENSG00000071127,WDR1,2
1056,ENSG00000071189,SNX13,0
1057,ENSG00000071203,MS4A12,0
1058,ENSG00000071205,ARHGAP10,1
1059,ENSG00000071242,RPS6KA2,0
1060,ENSG00000071243,ING3,45
1061,ENSG00000071246,VASH1,3
1062,ENSG00000071282,LMCD1,1
1063,ENSG00000071462,BUD23,0
1064,ENSG00000071537,SEL1L,20
1065,ENSG00000071539,TRIP13,5
1066,ENSG00000071553,ATP6AP1,27
1067,ENSG00000071564,TCF3,22
1068,ENSG00000071575,TRIB2,1
1069,ENSG00000071626,DAZAP1,3
1070,ENSG00000071655,MBD3,15
1071,ENSG00000071677,PRLH,1
1072,ENSG00000071794,HLTF,5
1073,ENSG00000071859,FAM50A,0
1074,ENSG00000071889,FAM3A,0
1075,ENSG00000071894,CPSF1,24
1076,ENSG00000071909,MYO3B,10
1077,ENSG00000071967,CYBRD1,0
1078,ENSG00000071991,CDH19,8
1079,ENSG00000071994,PDCD2,0
1080,ENSG00000072041,SLC6A15,0
1081,ENSG00000072042,RDH11,3
1082,ENSG00000072062,PRKACA,32
1083,ENSG00000072071,ADGRL1,16
1084,ENSG00000072080,SPP2,0
1085,ENSG00000072110,ACTN1,23
1086,ENSG00000072121,ZFYVE26,0
1087,ENSG00000072133,RPS6KA6,0
1088,ENSG00000072134,EPN2,8
1089,ENSG00000072135,PTPN18,2
1090,ENSG00000072163,LIMS2,3
1091,ENSG00000072182,ASIC4,2
1092,ENSG00000072195,SPEG,0
1093,ENSG00000072201,LNX1,8
1094,ENSG00000072210,ALDH3A2,2
1095,ENSG00000072274,TFRC,12
1096,ENSG00000072310,SREBF1,6
1097,ENSG00000072315,TRPC5,6
1098,ENSG00000072364,AFF4,41
1099,ENSG00000072401,UBE2D1,38
1100,ENSG00000072415,PALS1,12
1101,ENSG00000072422,RHOBTB1,6
1102,ENSG00000072501,SMC1A,16
1103,ENSG00000072506,HSD17B10,26
1104,ENSG00000072518,MARK2,2
1105,ENSG00000072571,HMMR,5
1106,ENSG00000072609,CHFR,0
1107,ENSG00000072657,TRHDE,0
1108,ENSG00000072682,P4HA2,2
1109,ENSG00000072736,NFATC3,9
1110,ENSG00000072756,TRNT1,0
1111,ENSG00000072778,ACADVL,5
1112,ENSG00000072786,STK10,0
1113,ENSG00000072803,FBXW11,17
1114,ENSG00000072818,ACAP1,0
1115,ENSG00000072832,CRMP1,3
1116,ENSG00000072840,EVC,2
1117,ENSG00000072849,DERL2,14
1118,ENSG00000072858,SIDT1,0
1119,ENSG00000072864,NDE1,8
1120,ENSG00000072952,IRAG1,1
1121,ENSG00000072954,TMEM38A,0
1122,ENSG00000072958,AP1M1,8
1123,ENSG00000073050,XRCC1,17
1124,ENSG00000073060,SCARB1,18
1125,ENSG00000073067,CYP2W1,0
1126,ENSG00000073111,MCM2,42
1127,ENSG00000073146,MOV10L1,5
1128,ENSG00000073150,PANX2,1
1129,ENSG00000073169,SELENOO,0
1130,ENSG00000073282,TP63,5
1131,ENSG00000073331,ALPK1,1
1132,ENSG00000073350,LLGL2,12
1133,ENSG00000073417,PDE8A,1
1134,ENSG00000073464,CLCN4,0
1135,ENSG00000073536,NLE1,1
1136,ENSG00000073578,SDHA,7
1137,ENSG00000073584,SMARCE1,36
1138,ENSG00000073598,FNDC8,0
1139,ENSG00000073614,KDM5A,10
1140,ENSG00000073670,ADAM11,1
1141,ENSG00000073711,PPP2R3A,18
1142,ENSG00000073712,FERMT2,4
1143,ENSG00000073734,ABCB11,0
1144,ENSG00000073737,DHRS9,2
1145,ENSG00000073754,CD5L,1
1146,ENSG00000073756,PTGS2,3
1147,ENSG00000073792,IGF2BP2,3
1148,ENSG00000073803,MAP3K13,0
1149,ENSG00000073849,ST6GAL1,1
1150,ENSG00000073861,TBX21,4
1151,ENSG00000073910,FRY,0
1152,ENSG00000073921,PICALM,20
1153,ENSG00000073969,NSF,26
1154,ENSG00000074047,GLI2,9
1155,ENSG00000074054,CLASP1,2
1156,ENSG00000074071,MRPS34,93
1157,ENSG00000074181,NOTCH3,12
1158,ENSG00000074201,CLNS1A,12
1159,ENSG00000074211,PPP2R2C,18
1160,ENSG00000074219,TEAD2,8
1161,ENSG00000074266,EED,34
1162,ENSG00000074276,CDHR2,2
1163,ENSG00000074317,SNCB,1
1164,ENSG00000074319,TSG101,41
1165,ENSG00000074356,NCBP3,13
1166,ENSG00000074370,ATP2A3,4
1167,ENSG00000074410,CA12,0
1168,ENSG00000074416,MGLL,9
1169,ENSG00000074527,NTN4,2
1170,ENSG00000074582,BCS1L,8
1171,ENSG00000074590,NUAK1,2
1172,ENSG00000074603,DPP8,1
1173,ENSG00000074621,SLC24A1,0
1174,ENSG00000074657,ZNF532,0
1175,ENSG00000074660,SCARF1,1
1176,ENSG00000074695,LMAN1,3
1177,ENSG00000074696,HACD3,9
1178,ENSG00000074706,IPCEF1,0
1179,ENSG00000074755,ZZEF1,0
1180,ENSG00000074771,NOX3,10
1181,ENSG00000074803,SLC12A1,0
1182,ENSG00000074842,MYDGF,0
1183,ENSG00000074855,ANO8,0
1184,ENSG00000074935,TUBE1,1
1185,ENSG00000074964,ARHGEF10L,0
1186,ENSG00000074966,TXK,3
1187,ENSG00000075035,WSCD2,0
1188,ENSG00000075043,KCNQ2,11
1189,ENSG00000075073,TACR2,1
1190,ENSG00000075089,ACTR6,6
1191,ENSG00000075131,TIPIN,27
1192,ENSG00000075142,SRI,4
1193,ENSG00000075151,EIF4G3,8
1194,ENSG00000075188,NUP37,24
1195,ENSG00000075213,SEMA3A,7
1196,ENSG00000075218,GTSE1,5
1197,ENSG00000075223,SEMA3C,6
1198,ENSG00000075234,TTC38,0
1199,ENSG00000075239,ACAT1,0
1200,ENSG00000075240,GRAMD4,0
1201,ENSG00000075275,CELSR1,0
1202,ENSG00000075290,WNT8B,2
1203,ENSG00000075292,ZNF638,0
1204,ENSG00000075303,SLC25A40,0
1205,ENSG00000075336,TIMM21,8
1206,ENSG00000075340,ADD2,13
1207,ENSG00000075388,FGF4,13
1208,ENSG00000075391,RASAL2,0
1209,ENSG00000075399,VPS9D1,0
1210,ENSG00000075413,MARK3,2
1211,ENSG00000075415,SLC25A3,6
1212,ENSG00000075420,FNDC3B,0
1213,ENSG00000075426,FOSL2,7
1214,ENSG00000075429,CACNG5,21
1215,ENSG00000075461,CACNG4,45
1216,ENSG00000075539,FRYL,0
1217,ENSG00000075568,TMEM131,0
1218,ENSG00000075618,FSCN1,2
1219,ENSG00000075624,ACTB,159
1220,ENSG00000075643,MOCOS,0
1221,ENSG00000075651,PLD1,5
1222,ENSG00000075673,ATP12A,18
1223,ENSG00000075702,WDR62,2
1224,ENSG00000075711,DLG1,32
1225,ENSG00000075785,RAB7A,17
1226,ENSG00000075790,BCAP29,0
1227,ENSG00000075826,SEC31B,10
1228,ENSG00000075856,SART3,10
1229,ENSG00000075884,ARHGAP15,0
1230,ENSG00000075891,PAX2,2
1231,ENSG00000075914,EXOSC7,23
1232,ENSG00000075945,KIFAP3,8
1233,ENSG00000075975,MKRN2,0
1234,ENSG00000076003,MCM6,36
1235,ENSG00000076043,REXO2,0
1236,ENSG00000076053,RBM7,14
1237,ENSG00000076067,RBMS2,0
1238,ENSG00000076108,BAZ2A,8
1239,ENSG00000076201,PTPN23,6
1240,ENSG00000076242,MLH1,18
1241,ENSG00000076248,UNG,3
1242,ENSG00000076258,FMO4,0
1243,ENSG00000076321,KLHL20,32
1244,ENSG00000076344,RGS11,1
1245,ENSG00000076351,SLC46A1,0
1246,ENSG00000076356,PLXNA2,11
1247,ENSG00000076382,SPAG5,2
1248,ENSG00000076513,ANKRD13A,0
1249,ENSG00000076554,TPD52,0
1250,ENSG00000076555,ACACB,2
1251,ENSG00000076604,TRAF4,5
1252,ENSG00000076641,PAG1,2
1253,ENSG00000076650,GPATCH1,0
1254,ENSG00000076685,NT5C2,10
1255,ENSG00000076706,MCAM,2
1256,ENSG00000076716,GPC4,11
1257,ENSG00000076770,MBNL3,1
1258,ENSG00000076826,CAMSAP3,4
1259,ENSG00000076864,RAP1GAP,1
1260,ENSG00000076924,XAB2,73
1261,ENSG00000076928,ARHGEF1,8
1262,ENSG00000076944,STXBP2,4
1263,ENSG00000076984,MAP2K7,10
1264,ENSG00000077009,NMRK2,1
1265,ENSG00000077044,DGKD,0
1266,ENSG00000077063,CTTNBP2,23
1267,ENSG00000077080,ACTL6B,43
1268,ENSG00000077092,RARB,7
1269,ENSG00000077097,TOP2B,3
1270,ENSG00000077147,TM9SF3,0
1271,ENSG00000077150,NFKB2,15
1272,ENSG00000077152,UBE2T,13
1273,ENSG00000077157,PPP1R12B,2
1274,ENSG00000077232,DNAJC10,4
1275,ENSG00000077235,GTF3C1,8
1276,ENSG00000077238,IL4R,11
1277,ENSG00000077254,USP33,8
1278,ENSG00000077264,PAK3,9
1279,ENSG00000077274,CAPN6,1
1280,ENSG00000077279,DCX,4
1281,ENSG00000077312,SNRPA,51
1282,ENSG00000077348,EXOSC5,23
1283,ENSG00000077380,DYNC1I2,29
1284,ENSG00000077420,APBB1IP,11
1285,ENSG00000077454,LRCH4,0
1286,ENSG00000077458,FAM76B,0
1287,ENSG00000077463,SIRT6,4
1288,ENSG00000077498,TYR,2
1289,ENSG00000077522,ACTN2,13
1290,ENSG00000077549,CAPZB,25
1291,ENSG00000077585,GPR137B,0
1292,ENSG00000077616,NAALAD2,0
1293,ENSG00000077684,JADE1,4
1294,ENSG00000077713,SLC25A43,0
1295,ENSG00000077721,UBE2A,15
1296,ENSG00000077782,FGFR1,40
1297,ENSG00000077800,FKBP6,4
1298,ENSG00000077935,SMC1B,8
1299,ENSG00000077942,FBLN1,4
1300,ENSG00000077943,ITGA8,21
1301,ENSG00000077984,CST7,0
1302,ENSG00000078018,MAP2,0
1303,ENSG00000078043,PIAS2,2
1304,ENSG00000078053,AMPH,10
1305,ENSG00000078061,ARAF,0
1306,ENSG00000078070,MCCC1,3
1307,ENSG00000078098,FAP,1
1308,ENSG00000078114,NEBL,0
1309,ENSG00000078124,ACER3,6
1310,ENSG00000078140,UBE2K,9
1311,ENSG00000078142,PIK3C3,26
1312,ENSG00000078177,N4BP2,0
1313,ENSG00000078237,TIGAR,4
1314,ENSG00000078246,TULP3,5
1315,ENSG00000078269,SYNJ2,11
1316,ENSG00000078295,ADCY2,0
1317,ENSG00000078304,PPP2R5C,23
1318,ENSG00000078328,RBFOX1,1
1319,ENSG00000078369,GNB1,160
1320,ENSG00000078399,HOXA9,3
1321,ENSG00000078401,EDN1,5
1322,ENSG00000078403,MLLT10,5
1323,ENSG00000078487,ZCWPW1,0
1324,ENSG00000078549,ADCYAP1R1,0
1325,ENSG00000078579,FGF20,14
1326,ENSG00000078589,P2RY10,0
1327,ENSG00000078596,ITM2A,0
1328,ENSG00000078618,NRDC,2
1329,ENSG00000078668,VDAC3,10
1330,ENSG00000078674,PCM1,4
1331,ENSG00000078687,TNRC6C,0
1332,ENSG00000078699,CBFA2T2,4
1333,ENSG00000078725,BRINP1,0
1334,ENSG00000078747,ITCH,18
1335,ENSG00000078795,PKD2L2,0
1336,ENSG00000078804,TP53INP2,0
1337,ENSG00000078808,SDF4,0
1338,ENSG00000078814,MYH7B,0
1339,ENSG00000078898,BPIFB2,0
1340,ENSG00000078900,TP73,7
1341,ENSG00000078902,TOLLIP,8
1342,ENSG00000079102,RUNX1T1,6
1343,ENSG00000079112,CDH17,16
1344,ENSG00000079134,THOC1,14
1345,ENSG00000079150,FKBP7,0
1346,ENSG00000079156,OSBPL6,0
1347,ENSG00000079215,SLC1A3,1
1348,ENSG00000079246,XRCC5,43
1349,ENSG00000079257,LXN,1
1350,ENSG00000079277,MKNK1,3
1351,ENSG00000079308,TNS1,0
1352,ENSG00000079313,REXO1,1
1353,ENSG00000079332,SAR1A,14
1354,ENSG00000079335,CDC14A,3
1355,ENSG00000079337,RAPGEF3,5
1356,ENSG00000079387,SENP1,2
1357,ENSG00000079393,DUSP13B,0
1358,ENSG00000079432,CIC,1
1359,ENSG00000079435,LIPE,3
1360,ENSG00000079459,FDFT1,0
1361,ENSG00000079462,PAFAH1B3,7
1362,ENSG00000079482,OPHN1,0
1363,ENSG00000079557,AFM,0
1364,ENSG00000079616,KIF22,0
1365,ENSG00000079689,SCGN,0
1366,ENSG00000079691,CARMIL1,2
1367,ENSG00000079739,PGM1,0
1368,ENSG00000079785,DDX1,10
1369,ENSG00000079805,DNM2,15
1370,ENSG00000079819,EPB41L2,8
1371,ENSG00000079841,RIMS1,11
1372,ENSG00000079931,MOXD1,0
1373,ENSG00000079950,STX7,27
1374,ENSG00000079999,KEAP1,52
1375,ENSG00000080166,DCT,1
1376,ENSG00000080189,SLC35C2,0
1377,ENSG00000080200,CRYBG3,0
1378,ENSG00000080224,EPHA6,2
1379,ENSG00000080293,SCTR,4
1380,ENSG00000080298,RFX3,0
1381,ENSG00000080345,RIF1,2
1382,ENSG00000080371,RAB21,0
1383,ENSG00000080493,SLC4A4,0
1384,ENSG00000080503,SMARCA2,35
1385,ENSG00000080511,RDH8,0
1386,ENSG00000080546,SESN1,6
1387,ENSG00000080561,MID2,1
1388,ENSG00000080573,COL5A3,9
1389,ENSG00000080603,SRCAP,13
1390,ENSG00000080608,PUM3,0
1391,ENSG00000080618,CPB2,2
1392,ENSG00000080644,CHRNA3,12
1393,ENSG00000080709,KCNN2,0
1394,ENSG00000080802,CNOT4,12
1395,ENSG00000080815,PSEN1,21
1396,ENSG00000080819,CPOX,0
1397,ENSG00000080822,CLDND1,0
1398,ENSG00000080823,MOK,0
1399,ENSG00000080824,HSP90AA1,131
1400,ENSG00000080839,RBL1,10
1401,ENSG00000080845,DLGAP4,3
1402,ENSG00000080854,IGSF9B,0
1403,ENSG00000080986,NDC80,23
1404,ENSG00000081014,AP4E1,19
1405,ENSG00000081019,RSBN1,0
1406,ENSG00000081026,MAGI3,4
1407,ENSG00000081051,AFP,1
1408,ENSG00000081052,COL4A4,4
1409,ENSG00000081059,TCF7,16
1410,ENSG00000081087,OSTM1,1
1411,ENSG00000081138,CDH7,9
1412,ENSG00000081148,IMPG2,0
1413,ENSG00000081154,PCNP,0
1414,ENSG00000081177,EXD2,0
1415,ENSG00000081181,ARG2,1
1416,ENSG00000081189,MEF2C,9
1417,ENSG00000081237,PTPRC,10
1418,ENSG00000081248,CACNA1S,31
1419,ENSG00000081277,PKP1,7
1420,ENSG00000081307,UBA5,3
1421,ENSG00000081320,STK17B,0
1422,ENSG00000081479,LRP2,23
1423,ENSG00000081692,JMJD4,0
1424,ENSG00000081721,DUSP12,0
1425,ENSG00000081760,AACS,1
1426,ENSG00000081791,DELE1,0
1427,ENSG00000081800,SLC13A1,0
1428,ENSG00000081803,CADPS2,0
1429,ENSG00000081853,PCDHGA2,0
1430,ENSG00000081870,IFT25,14
1431,ENSG00000081913,PHLPP1,8
1432,ENSG00000081923,ATP8B1,7
1433,ENSG00000081985,IL12RB2,6
1434,ENSG00000082014,SMARCD3,36
1435,ENSG00000082068,WDR70,34
1436,ENSG00000082074,FYB1,10
1437,ENSG00000082126,MPP4,1
1438,ENSG00000082146,STRADB,4
1439,ENSG00000082153,BZW1,0
1440,ENSG00000082175,PGR,18
1441,ENSG00000082196,C1QTNF3,0
1442,ENSG00000082212,ME2,2
1443,ENSG00000082213,C5orf22,0
1444,ENSG00000082258,CCNT2,50
1445,ENSG00000082269,FAM135A,0
1446,ENSG00000082293,COL19A1,0
1447,ENSG00000082397,EPB41L3,5
1448,ENSG00000082438,COBLL1,0
1449,ENSG00000082458,DLG3,22
1450,ENSG00000082482,KCNK2,3
1451,ENSG00000082497,SERTAD4,0
1452,ENSG00000082512,TRAF5,16
1453,ENSG00000082516,GEMIN5,15
1454,ENSG00000082556,OPRK1,0
1455,ENSG00000082641,NFE2L1,2
1456,ENSG00000082684,SEMA5B,1
1457,ENSG00000082701,GSK3B,47
1458,ENSG00000082781,ITGB5,34
1459,ENSG00000082805,ERC1,11
1460,ENSG00000082898,XPO1,24
1461,ENSG00000082996,RNF13,5
1462,ENSG00000083067,TRPM3,2
1463,ENSG00000083093,PALB2,42
1464,ENSG00000083097,DOP1A,0
1465,ENSG00000083099,LYRM2,0
1466,ENSG00000083123,BCKDHB,5
1467,ENSG00000083168,KAT6A,14
1468,ENSG00000083223,TUT7,1
1469,ENSG00000083290,ULK2,5
1470,ENSG00000083307,GRHL2,0
1471,ENSG00000083312,TNPO1,11
1472,ENSG00000083444,PLOD1,4
1473,ENSG00000083454,P2RX5,10
1474,ENSG00000083457,ITGAE,2
1475,ENSG00000083520,DIS3,18
1476,ENSG00000083535,PIBF1,0
1477,ENSG00000083544,TDRD3,0
1478,ENSG00000083635,NUFIP1,45
1479,ENSG00000083642,PDS5B,11
1480,ENSG00000083720,OXCT1,1
1481,ENSG00000083750,RRAGB,12
1482,ENSG00000083782,EPYC,0
1483,ENSG00000083799,CYLD,32
1484,ENSG00000083807,SLC27A5,1
1485,ENSG00000083845,RPS5,155
1486,ENSG00000083857,FAT1,6
1487,ENSG00000083896,YTHDC1,10
1488,ENSG00000083937,CHMP2B,26
1489,ENSG00000084070,SMAP2,0
1490,ENSG00000084072,PPIE,71
1491,ENSG00000084073,ZMPSTE24,0
1492,ENSG00000084090,STARD7,0
1493,ENSG00000084092,NOA1,31
1494,ENSG00000084093,REST,9
1495,ENSG00000084110,HAL,0
1496,ENSG00000084112,SSH1,2
1497,ENSG00000084234,APLP2,1
1498,ENSG00000084444,FAM234B,0
1499,ENSG00000084623,EIF3I,48
1500,ENSG00000084628,NKAIN1,0
1501,ENSG00000084636,COL16A1,5
1502,ENSG00000084652,TXLNA,4
1503,ENSG00000084674,APOB,34
1504,ENSG00000084676,NCOA1,38
1505,ENSG00000084693,AGBL5,0
1506,ENSG00000084710,EFR3B,0
1507,ENSG00000084731,KIF3C,2
1508,ENSG00000084733,RAB10,11
1509,ENSG00000084734,GCKR,1
1510,ENSG00000084754,HADHA,3
1511,ENSG00000084764,MAPRE3,8
1512,ENSG00000084774,CAD,0
1513,ENSG00000085117,CD82,10
1514,ENSG00000085185,BCORL1,6
1515,ENSG00000085224,ATRX,11
1516,ENSG00000085265,FCN1,7
1517,ENSG00000085274,MYNN,0
1518,ENSG00000085276,MECOM,5
1519,ENSG00000085365,SCAMP1,2
1520,ENSG00000085377,PREP,0
1521,ENSG00000085382,HACE1,0
1522,ENSG00000085415,SEH1L,34
1523,ENSG00000085433,WDR47,0
1524,ENSG00000085449,WDFY1,0
1525,ENSG00000085465,OVGP1,2
1526,ENSG00000085491,SLC25A24,1
1527,ENSG00000085511,MAP3K4,3
1528,ENSG00000085552,IGSF9,0
1529,ENSG00000085644,ZNF213,0
1530,ENSG00000085662,AKR1B1,0
1531,ENSG00000085719,CPNE3,0
1532,ENSG00000085721,RRN3,18
1533,ENSG00000085733,CTTN,36
1534,ENSG00000085741,WNT11,12
1535,ENSG00000085760,MTIF2,72
1536,ENSG00000085788,DDHD2,1
1537,ENSG00000085831,TTC39A,0
1538,ENSG00000085832,EPS15,35
1539,ENSG00000085840,ORC1,21
1540,ENSG00000085871,MGST2,0
1541,ENSG00000085872,CHERP,12
1542,ENSG00000085978,ATG16L1,21
1543,ENSG00000085982,USP40,0
1544,ENSG00000085998,POMGNT1,0
1545,ENSG00000085999,RAD54L,2
1546,ENSG00000086015,MAST2,2
1547,ENSG00000086061,DNAJA1,8
1548,ENSG00000086062,B4GALT1,4
1549,ENSG00000086065,CHMP5,14
1550,ENSG00000086102,NFX1,3
1551,ENSG00000086159,AQP6,0
1552,ENSG00000086189,DIMT1,60
1553,ENSG00000086200,IPO11,0
1554,ENSG00000086205,FOLH1,2
1555,ENSG00000086232,EIF2AK1,0
1556,ENSG00000086288,NME8,3
1557,ENSG00000086289,EPDR1,0
1558,ENSG00000086300,SNX10,0
1559,ENSG00000086475,SEPHS1,1
1560,ENSG00000086504,MRPL28,98
1561,ENSG00000086544,ITPKC,3
1562,ENSG00000086570,FAT2,0
1563,ENSG00000086589,RBM22,83
1564,ENSG00000086598,TMED2,9
1565,ENSG00000086619,ERO1B,1
1566,ENSG00000086666,ZFAND6,2
1567,ENSG00000086696,HSD17B2,7
1568,ENSG00000086712,TXLNG,0
1569,ENSG00000086717,PPEF1,0
1570,ENSG00000086730,LAT2,1
1571,ENSG00000086758,HUWE1,8
1572,ENSG00000086827,ZW10,13
1573,ENSG00000086848,ALG9,0
1574,ENSG00000086967,MYBPC2,1
1575,ENSG00000086991,NOX4,11
1576,ENSG00000087008,ACOX3,9
1577,ENSG00000087053,MTMR2,5
1578,ENSG00000087076,HSD17B14,0
1579,ENSG00000087077,TRIP6,3
1580,ENSG00000087085,ACHE,2
1581,ENSG00000087087,SRRT,39
1582,ENSG00000087088,BAX,29
1583,ENSG00000087095,NLK,0
1584,ENSG00000087111,PIGS,4
1585,ENSG00000087116,ADAMTS2,0
1586,ENSG00000087128,TMPRSS11E,0
1587,ENSG00000087152,ATXN7L3,38
1588,ENSG00000087157,PGS1,0
1589,ENSG00000087191,PSMC5,49
1590,ENSG00000087206,UIMC1,15
1591,ENSG00000087245,MMP2,13
1592,ENSG00000087253,LPCAT2,10
1593,ENSG00000087258,GNAO1,16
1594,ENSG00000087263,OGFOD1,0
1595,ENSG00000087266,SH3BP2,7
1596,ENSG00000087269,NOP14,61
1597,ENSG00000087274,ADD1,15
1598,ENSG00000087299,L2HGDH,0
1599,ENSG00000087301,TXNDC16,1
1600,ENSG00000087302,RTRAF,7
1601,ENSG00000087303,NID2,6
1602,ENSG00000087365,SF3B2,96
1603,ENSG00000087448,KLHL42,31
1604,ENSG00000087470,DNM1L,9
1605,ENSG00000087494,PTHLH,5
1606,ENSG00000087495,PHACTR3,0
1607,ENSG00000087502,ERGIC2,2
1608,ENSG00000087510,TFAP2C,4
1609,ENSG00000087586,AURKA,19
1610,ENSG00000087589,CASS4,0
1611,ENSG00000087842,PIR,4
1612,ENSG00000087884,AAMDC,0
1613,ENSG00000087903,RFX2,0
1614,ENSG00000088002,SULT2B1,1
1615,ENSG00000088035,ALG6,0
1616,ENSG00000088038,CNOT3,14
1617,ENSG00000088053,GP6,11
1618,ENSG00000088179,PTPN4,1
1619,ENSG00000088205,DDX18,21
1620,ENSG00000088247,KHSRP,6
1621,ENSG00000088256,GNA11,9
1622,ENSG00000088280,ASAP3,3
1623,ENSG00000088298,EDEM2,3
1624,ENSG00000088320,REM1,0
1625,ENSG00000088325,TPX2,4
1626,ENSG00000088356,PDRG1,13
1627,ENSG00000088367,EPB41L1,16
1628,ENSG00000088386,SLC15A1,0
1629,ENSG00000088387,DOCK9,0
1630,ENSG00000088448,ANKRD10,0
1631,ENSG00000088451,TGDS,0
1632,ENSG00000088538,DOCK3,4
1633,ENSG00000088543,C3orf18,0
1634,ENSG00000088682,COQ9,5
1635,ENSG00000088726,TMEM40,0
1636,ENSG00000088727,KIF9,0
1637,ENSG00000088756,ARHGAP28,0
1638,ENSG00000088766,CRLS1,0
1639,ENSG00000088808,PPP1R13B,4
1640,ENSG00000088812,ATRN,0
1641,ENSG00000088826,SMOX,0
1642,ENSG00000088827,SIGLEC1,3
1643,ENSG00000088833,NSFL1C,15
1644,ENSG00000088836,SLC4A11,0
1645,ENSG00000088854,DNAAF9,0
1646,ENSG00000088881,EBF4,0
1647,ENSG00000088882,CPXM1,0
1648,ENSG00000088899,LZTS3,0
1649,ENSG00000088926,F11,3
1650,ENSG00000088930,XRN2,2
1651,ENSG00000088970,KIZ,1
1652,ENSG00000089006,SNX5,12
1653,ENSG00000089009,RPL6,108
1654,ENSG00000089022,MAPKAPK5,8
1655,ENSG00000089041,P2RX7,11
1656,ENSG00000089048,ESF1,0
1657,ENSG00000089050,RBBP9,0
1658,ENSG00000089053,ANAPC5,43
1659,ENSG00000089057,SLC23A2,0
1660,ENSG00000089060,SLC8B1,0
1661,ENSG00000089063,TMEM230,0
1662,ENSG00000089091,DZANK1,0
1663,ENSG00000089094,KDM2B,9
1664,ENSG00000089101,CFAP61,0
1665,ENSG00000089116,LHX5,0
1666,ENSG00000089123,TASP1,0
1667,ENSG00000089154,GCN1,6
1668,ENSG00000089159,PXN,51
1669,ENSG00000089163,SIRT4,2
1670,ENSG00000089169,RPH3A,4
1671,ENSG00000089195,TRMT6,1
1672,ENSG00000089199,CHGB,0
1673,ENSG00000089225,TBX5,9
1674,ENSG00000089234,BRAP,2
1675,ENSG00000089248,ERP29,1
1676,ENSG00000089250,NOS1,11
1677,ENSG00000089280,FUS,21
1678,ENSG00000089351,GRAMD1A,0
1679,ENSG00000089356,FXYD3,0
1680,ENSG00000089472,HEPH,3
1681,ENSG00000089486,CDIP1,1
1682,ENSG00000089558,KCNH4,0
1683,ENSG00000089597,GANAB,2
1684,ENSG00000089639,GMIP,0
1685,ENSG00000089682,RBM41,5
1686,ENSG00000089685,BIRC5,6
1687,ENSG00000089692,LAG3,6
1688,ENSG00000089693,MLF2,0
1689,ENSG00000089723,OTUB2,5
1690,ENSG00000089737,DDX24,0
1691,ENSG00000089775,ZBTB25,0
1692,ENSG00000089818,NECAP1,4
1693,ENSG00000089820,ARHGAP4,0
1694,ENSG00000089847,ANKRD24,0
1695,ENSG00000089876,DHX32,0
1696,ENSG00000089902,RCOR1,50
1697,ENSG00000089916,GPATCH2L,0
1698,ENSG00000090006,LTBP4,1
1699,ENSG00000090013,BLVRB,1
1700,ENSG00000090020,SLC9A1,30
1701,ENSG00000090054,SPTLC1,12
1702,ENSG00000090060,PAPOLA,32
1703,ENSG00000090061,CCNK,5
1704,ENSG00000090097,PCBP4,0
1705,ENSG00000090104,RGS1,1
1706,ENSG00000090238,YPEL3,0
1707,ENSG00000090263,MRPS33,93
1708,ENSG00000090266,NDUFB2,61
1709,ENSG00000090273,NUDC,2
1710,ENSG00000090316,MAEA,6
1711,ENSG00000090339,ICAM1,23
1712,ENSG00000090372,STRN4,29
1713,ENSG00000090376,IRAK3,5
1714,ENSG00000090382,LYZ,3
1715,ENSG00000090402,SI,2
1716,ENSG00000090432,MUL1,1
1717,ENSG00000090447,TFAP4,1
1718,ENSG00000090470,PDCD7,21
1719,ENSG00000090487,SPG21,0
1720,ENSG00000090512,FETUB,0
1721,ENSG00000090520,DNAJB11,29
1722,ENSG00000090530,P3H2,0
1723,ENSG00000090534,THPO,6
1724,ENSG00000090539,CHRD,3
1725,ENSG00000090554,FLT3LG,10
1726,ENSG00000090565,RAB11FIP3,6
1727,ENSG00000090581,GNPTG,1
1728,ENSG00000090615,GOLGA3,1
1729,ENSG00000090621,PABPC4,2
1730,ENSG00000090661,CERS4,8
1731,ENSG00000090674,MCOLN1,2
1732,ENSG00000090686,USP48,1
1733,ENSG00000090776,EFNB1,16
1734,ENSG00000090857,PDPR,2
1735,ENSG00000090861,AARS1,1
1736,ENSG00000090863,GLG1,3
1737,ENSG00000090889,KIF4A,1
1738,ENSG00000090905,TNRC6A,19
1739,ENSG00000090924,PLEKHG2,0
1740,ENSG00000090932,DLL3,5
1741,ENSG00000090971,NAT14,0
1742,ENSG00000090975,PITPNM2,0
1743,ENSG00000090989,EXOC1,12
1744,ENSG00000091009,RBM27,0
1745,ENSG00000091010,POU4F3,0
1746,ENSG00000091039,OSBPL8,1
1747,ENSG00000091073,DTX2,0
1748,ENSG00000091106,NLRC4,12
1749,ENSG00000091127,PUS7,0
1750,ENSG00000091129,NRCAM,13
1751,ENSG00000091136,LAMB1,11
1752,ENSG00000091137,SLC26A4,0
1753,ENSG00000091138,SLC26A3,5
1754,ENSG00000091140,DLD,16
1755,ENSG00000091157,WDR7,2
1756,ENSG00000091164,TXNL1,2
1757,ENSG00000091181,IL5RA,4
1758,ENSG00000091262,ABCC6,0
1759,ENSG00000091317,CMTM6,0
1760,ENSG00000091409,ITGA6,18
1761,ENSG00000091428,RAPGEF4,7
1762,ENSG00000091436,MAP3K20,2
1763,ENSG00000091482,SMPX,0
1764,ENSG00000091483,FH,1
1765,ENSG00000091490,SEL1L3,0
1766,ENSG00000091513,TF,6
1767,ENSG00000091527,CDV3,0
1768,ENSG00000091536,MYO15A,10
1769,ENSG00000091542,ALKBH5,3
1770,ENSG00000091583,APOH,23
1771,ENSG00000091622,PITPNM3,0
1772,ENSG00000091640,SPAG7,0
1773,ENSG00000091651,ORC6,18
1774,ENSG00000091656,ZFHX4,1
1775,ENSG00000091664,SLC17A6,6
1776,ENSG00000091704,CPA1,2
1777,ENSG00000091732,ZC3HC1,3
1778,ENSG00000091831,ESR1,96
1779,ENSG00000091844,RGS17,0
1780,ENSG00000091879,ANGPT2,8
1781,ENSG00000091947,TMEM101,0
1782,ENSG00000091972,CD200,2
1783,ENSG00000091986,CCDC80,0
1784,ENSG00000092009,CMA1,1
1785,ENSG00000092010,PSME1,20
1786,ENSG00000092020,PPP2R3C,3
1787,ENSG00000092036,HAUS4,7
1788,ENSG00000092051,JPH4,2
1789,ENSG00000092054,MYH7,22
1790,ENSG00000092067,CEBPE,0
1791,ENSG00000092068,SLC7A8,2
1792,ENSG00000092094,OSGEP,3
1793,ENSG00000092096,SLC22A17,0
1794,ENSG00000092098,RNF31,25
1795,ENSG00000092108,SCFD1,12
1796,ENSG00000092140,G2E3,0
1797,ENSG00000092148,HECTD1,0
1798,ENSG00000092200,RPGRIP1,1
1799,ENSG00000092201,SUPT16H,23
1800,ENSG00000092203,TOX4,6
1801,ENSG00000092208,GEMIN2,14
1802,ENSG00000092295,TGM1,1
1803,ENSG00000092330,TINF2,10
1804,ENSG00000092345,DAZL,2
1805,ENSG00000092377,TBL1Y,9
1806,ENSG00000092421,SEMA6A,3
1807,ENSG00000092439,TRPM7,3
1808,ENSG00000092445,TYRO3,2
1809,ENSG00000092470,WDR76,2
1810,ENSG00000092529,CAPN3,4
1811,ENSG00000092531,SNAP23,33
1812,ENSG00000092607,TBX15,0
1813,ENSG00000092621,PHGDH,1
1814,ENSG00000092820,EZR,47
1815,ENSG00000092841,MYL6,18
1816,ENSG00000092847,AGO1,41
1817,ENSG00000092850,TEKT2,31
1818,ENSG00000092853,CLSPN,35
1819,ENSG00000092871,RFFL,0
1820,ENSG00000092929,UNC13D,2
1821,ENSG00000092931,MFSD11,0
1822,ENSG00000092964,DPYSL2,9
1823,ENSG00000092969,TGFB2,11
1824,ENSG00000092978,GPATCH2,1
1825,ENSG00000093009,CDC45,38
1826,ENSG00000093010,COMT,0
1827,ENSG00000093144,ECHDC1,2
1828,ENSG00000093167,LRRFIP2,1
1829,ENSG00000093183,SEC22C,2
1830,ENSG00000093217,XYLB,0
1831,ENSG00000094631,HDAC6,25
1832,ENSG00000094661,OR1I1,0
1833,ENSG00000094755,GABRP,4
1834,ENSG00000094804,CDC6,22
1835,ENSG00000094841,UPRT,1
1836,ENSG00000094880,CDC23,44
1837,ENSG00000094914,AAAS,28
1838,ENSG00000094916,CBX5,14
1839,ENSG00000094963,FMO2,0
1840,ENSG00000094975,SUCO,1
1841,ENSG00000095002,MSH2,35
1842,ENSG00000095015,MAP3K1,7
1843,ENSG00000095059,DHPS,1
1844,ENSG00000095066,HOOK2,4
1845,ENSG00000095139,ARCN1,13
1846,ENSG00000095203,EPB41L4B,0
1847,ENSG00000095209,TMEM38B,0
1848,ENSG00000095261,PSMD5,20
1849,ENSG00000095303,PTGS1,1
1850,ENSG00000095319,NUP188,27
1851,ENSG00000095321,CRAT,1
1852,ENSG00000095370,SH2D3C,5
1853,ENSG00000095380,NANS,1
1854,ENSG00000095383,TBC1D2,0
1855,ENSG00000095397,WHRN,18
1856,ENSG00000095464,PDE6C,0
1857,ENSG00000095485,CWF19L1,3
1858,ENSG00000095539,SEMA4G,0
1859,ENSG00000095564,BTAF1,1
1860,ENSG00000095574,IKZF5,0
1861,ENSG00000095585,BLNK,20
1862,ENSG00000095587,TLL2,1
1863,ENSG00000095596,CYP26A1,2
1864,ENSG00000095627,TDRD1,7
1865,ENSG00000095637,SORBS1,12
1866,ENSG00000095713,CRTAC1,0
1867,ENSG00000095739,BAMBI,14
1868,ENSG00000095752,IL11,2
1869,ENSG00000095777,MYO3A,19
1870,ENSG00000095787,WAC,2
1871,ENSG00000095794,CREM,1
1872,ENSG00000095906,NUBP2,1
1873,ENSG00000095932,SMIM24,0
1874,ENSG00000095951,HIVEP1,0
1875,ENSG00000095970,TREM2,7
1876,ENSG00000096060,FKBP5,16
1877,ENSG00000096063,SRPK1,7
1878,ENSG00000096070,BRPF3,8
1879,ENSG00000096080,MRPS18A,99
1880,ENSG00000096088,PGC,0
1881,ENSG00000096092,TMEM14A,0
1882,ENSG00000096093,EFHC1,31
1883,ENSG00000096384,HSP90AB1,124
1884,ENSG00000096433,ITPR3,24
1885,ENSG00000096696,DSP,11
1886,ENSG00000096717,SIRT1,40
1887,ENSG00000096746,HNRNPH3,1
1888,ENSG00000096872,IFT74,19
1889,ENSG00000096968,JAK2,61
1890,ENSG00000097007,ABL1,31
1891,ENSG00000097021,ACOT7,3
1892,ENSG00000097033,SH3GLB1,8
1893,ENSG00000097046,CDC7,17
1894,ENSG00000097096,SYDE2,0
1895,ENSG00000099139,PCSK5,0
1896,ENSG00000099203,TMED1,0
1897,ENSG00000099204,ABLIM1,0
1898,ENSG00000099219,ERMP1,0
1899,ENSG00000099246,RAB18,3
1900,ENSG00000099250,NRP1,44
1901,ENSG00000099260,PALMD,0
1902,ENSG00000099282,TSPAN15,1
1903,ENSG00000099284,MACROH2A2,1
1904,ENSG00000099308,MAST3,0
1905,ENSG00000099326,MZF1,2
1906,ENSG00000099331,MYO9B,1
1907,ENSG00000099337,KCNK6,0
1908,ENSG00000099364,FBXL19,0
1909,ENSG00000099365,STX1B,10
1910,ENSG00000099377,HSD3B7,1
1911,ENSG00000099385,BCL7C,29
1912,ENSG00000099617,EFNA2,10
1913,ENSG00000099622,CIRBP,2
1914,ENSG00000099624,ATP5F1D,26
1915,ENSG00000099625,CBARP,0
1916,ENSG00000099769,IGFALS,4
1917,ENSG00000099783,HNRNPM,15
1918,ENSG00000099785,MARCHF2,0
1919,ENSG00000099795,NDUFB7,63
1920,ENSG00000099797,TECR,9
1921,ENSG00000099800,TIMM13,4
1922,ENSG00000099810,MTAP,0
1923,ENSG00000099812,MISP,0
1924,ENSG00000099814,CEP170B,0
1925,ENSG00000099817,POLR2E,125
1926,ENSG00000099821,POLRMT,5
1927,ENSG00000099822,HCN2,3
1928,ENSG00000099834,CDHR5,1
1929,ENSG00000099840,IZUMO4,0
1930,ENSG00000099849,RASSF7,3
1931,ENSG00000099860,GADD45B,5
1932,ENSG00000099864,PALM,0
1933,ENSG00000099875,MKNK2,1
1934,ENSG00000099889,ARVCF,4
1935,ENSG00000099899,TRMT2A,0
1936,ENSG00000099901,RANBP1,3
1937,ENSG00000099904,ZDHHC8,0
1938,ENSG00000099910,KLHL22,31
1939,ENSG00000099917,MED15,70
1940,ENSG00000099937,SERPIND1,1
1941,ENSG00000099940,SNAP29,36
1942,ENSG00000099942,CRKL,30
1943,ENSG00000099949,LZTR1,31
1944,ENSG00000099953,MMP11,0
1945,ENSG00000099954,CECR2,9
1946,ENSG00000099956,SMARCB1,38
1947,ENSG00000099957,P2RX6,10
1948,ENSG00000099958,DERL3,6
1949,ENSG00000099960,SLC7A4,0
1950,ENSG00000099968,BCL2L13,3
1951,ENSG00000099991,CABIN1,4
1952,ENSG00000099992,TBC1D10A,4
1953,ENSG00000099994,SUSD2,0
1954,ENSG00000099995,SF3A1,79
1955,ENSG00000099998,GGT5,0
1956,ENSG00000099999,RNF215,0
1957,ENSG00000100003,SEC14L2,0
1958,ENSG00000100012,SEC14L3,0
1959,ENSG00000100014,SPECC1L,0
1960,ENSG00000100023,PPIL2,58
1961,ENSG00000100024,UPB1,0
1962,ENSG00000100027,YPEL1,0
1963,ENSG00000100028,SNRPD3,144
1964,ENSG00000100029,PES1,30
1965,ENSG00000100030,MAPK1,34
1966,ENSG00000100034,PPM1F,0
1967,ENSG00000100036,SLC35E4,0
1968,ENSG00000100038,TOP3B,6
1969,ENSG00000100053,CRYBB3,0
1970,ENSG00000100055,CYTH4,0
1971,ENSG00000100056,ESS2,3
1972,ENSG00000100060,MFNG,2
1973,ENSG00000100065,CARD10,5
1974,ENSG00000100075,SLC25A1,0
1975,ENSG00000100077,GRK3,7
1976,ENSG00000100078,PLA2G3,0
1977,ENSG00000100079,LGALS2,0
1978,ENSG00000100083,GGA1,9
1979,ENSG00000100084,HIRA,4
1980,ENSG00000100092,SH3BP1,0
1981,ENSG00000100095,SEZ6L,0
1982,ENSG00000100097,LGALS1,3
1983,ENSG00000100099,HPS4,12
1984,ENSG00000100100,PIK3IP1,0
1985,ENSG00000100104,SRRD,0
1986,ENSG00000100105,PATZ1,0
1987,ENSG00000100106,TRIOBP,4
1988,ENSG00000100109,TFIP11,14
1989,ENSG00000100116,GCAT,0
1990,ENSG00000100122,CRYBB1,0
1991,ENSG00000100124,ANKRD54,0
1992,ENSG00000100129,EIF3L,46
1993,ENSG00000100138,SNU13,130
1994,ENSG00000100139,MICALL1,3
1995,ENSG00000100142,POLR2F,114
1996,ENSG00000100146,SOX10,8
1997,ENSG00000100147,CCDC134,0
1998,ENSG00000100150,DEPDC5,20
1999,ENSG00000100151,PICK1,10
2000,ENSG00000100154,TTC28,0
2001,ENSG00000100156,SLC16A8,2
2002,ENSG00000100162,CENPM,14
2003,ENSG00000100167,SEPTIN3,11
2004,ENSG00000100170,SLC5A1,2
2005,ENSG00000100191,SLC5A4,0
2006,ENSG00000100196,KDELR3,2
2007,ENSG00000100201,DDX17,11
2008,ENSG00000100206,DMC1,5
2009,ENSG00000100209,HSCB,2
2010,ENSG00000100211,CBY1,0
2011,ENSG00000100216,TOMM22,23
2012,ENSG00000100218,RSPH14,0
2013,ENSG00000100219,XBP1,66
2014,ENSG00000100220,RTCB,6
2015,ENSG00000100221,JOSD1,0
2016,ENSG00000100225,FBXO7,4
2017,ENSG00000100226,GTPBP1,22
2018,ENSG00000100227,POLDIP3,10
2019,ENSG00000100228,RAB36,1
2020,ENSG00000100234,TIMP3,8
2021,ENSG00000100239,PPP6R2,3
2022,ENSG00000100241,SBF1,1
2023,ENSG00000100242,SUN2,10
2024,ENSG00000100243,CYB5R3,4
2025,ENSG00000100253,MIOX,0
2026,ENSG00000100258,LMF2,1
2027,ENSG00000100263,RHBDD3,0
2028,ENSG00000100266,PACSIN2,4
2029,ENSG00000100271,TTLL1,4
2030,ENSG00000100276,RASL10A,0
2031,ENSG00000100280,AP1B1,22
2032,ENSG00000100281,HMGXB4,9
2033,ENSG00000100284,TOM1,6
2034,ENSG00000100285,NEFH,3
2035,ENSG00000100288,CHKB,2
2036,ENSG00000100292,HMOX1,2
2037,ENSG00000100294,MCAT,35
2038,ENSG00000100296,THOC5,20
2039,ENSG00000100297,MCM5,35
2040,ENSG00000100299,ARSA,2
2041,ENSG00000100300,TSPO,9
2042,ENSG00000100302,RASD2,2
2043,ENSG00000100304,TTLL12,0
2044,ENSG00000100307,CBX7,49
2045,ENSG00000100311,PDGFB,8
2046,ENSG00000100312,ACR,0
2047,ENSG00000100314,CABP7,0
2048,ENSG00000100316,RPL3,102
2049,ENSG00000100319,ZMAT5,22
2050,ENSG00000100320,RBFOX2,8
2051,ENSG00000100321,SYNGR1,0
2052,ENSG00000100324,TAB1,17
2053,ENSG00000100325,ASCC2,4
2054,ENSG00000100330,MTMR3,1
2055,ENSG00000100335,MIEF1,2
2056,ENSG00000100341,PNPLA5,0
2057,ENSG00000100344,PNPLA3,6
2058,ENSG00000100345,MYH9,39
2059,ENSG00000100346,CACNA1I,2
2060,ENSG00000100347,SAMM50,16
2061,ENSG00000100348,TXN2,4
2062,ENSG00000100350,FOXRED2,3
2063,ENSG00000100351,GRAP2,32
2064,ENSG00000100353,EIF3D,48
2065,ENSG00000100354,TNRC6B,6
2066,ENSG00000100359,SGSM3,0
2067,ENSG00000100360,IFT27,20
2068,ENSG00000100362,PVALB,0
2069,ENSG00000100364,KIAA0930,0
2070,ENSG00000100365,NCF4,14
2071,ENSG00000100372,SLC25A17,1
2072,ENSG00000100373,UPK3A,2
2073,ENSG00000100376,FAM118A,0
2074,ENSG00000100379,KCTD17,33
2075,ENSG00000100380,ST13,6
2076,ENSG00000100385,IL2RB,13
2077,ENSG00000100387,RBX1,158
2078,ENSG00000100393,EP300,162
2079,ENSG00000100395,L3MBTL2,11
2080,ENSG00000100399,CHADL,0
2081,ENSG00000100401,RANGAP1,11
2082,ENSG00000100403,ZC3H7B,1
2083,ENSG00000100410,PHF5A,96
2084,ENSG00000100412,ACO2,1
2085,ENSG00000100413,POLR3H,18
2086,ENSG00000100416,TRMU,1
2087,ENSG00000100417,PMM1,1
2088,ENSG00000100418,DESI1,25
2089,ENSG00000100422,CERK,0
2090,ENSG00000100425,BRD1,11
2091,ENSG00000100426,ZBED4,0
2092,ENSG00000100427,MLC1,0
2093,ENSG00000100429,HDAC10,1
2094,ENSG00000100433,KCNK10,1
2095,ENSG00000100439,ABHD4,0
2096,ENSG00000100441,KHNYN,1
2097,ENSG00000100442,FKBP3,4
2098,ENSG00000100445,SDR39U1,0
2099,ENSG00000100448,CTSG,8
2100,ENSG00000100462,PRMT5,22
2101,ENSG00000100473,COCH,1
2102,ENSG00000100478,AP4S1,21
2103,ENSG00000100479,POLE2,36
2104,ENSG00000100483,VCPKMT,2
2105,ENSG00000100485,SOS2,9
2106,ENSG00000100490,CDKL1,0
2107,ENSG00000100503,NIN,9
2108,ENSG00000100504,PYGL,3
2109,ENSG00000100505,TRIM9,3
2110,ENSG00000100519,PSMC6,42
2111,ENSG00000100522,GNPNAT1,0
2112,ENSG00000100523,DDHD1,1
2113,ENSG00000100526,CDKN3,2
2114,ENSG00000100528,CNIH1,3
2115,ENSG00000100532,CGRRF1,0
2116,ENSG00000100554,ATP6V1D,33
2117,ENSG00000100557,CCDC198,0
2118,ENSG00000100558,PLEK2,0
2119,ENSG00000100564,PIGH,5
2120,ENSG00000100565,LRRC74A,0
2121,ENSG00000100567,PSMA3,47
2122,ENSG00000100568,VTI1B,23
2123,ENSG00000100575,TIMM9,7
2124,ENSG00000100577,GSTZ1,0
2125,ENSG00000100578,KIAA0586,0
2126,ENSG00000100580,TMED8,0
2127,ENSG00000100591,AHSA1,6
2128,ENSG00000100592,DAAM1,7
2129,ENSG00000100593,ISM2,1
2130,ENSG00000100596,SPTLC2,7
2131,ENSG00000100599,RIN3,2
2132,ENSG00000100600,LGMN,1
2133,ENSG00000100601,ALKBH1,0
2134,ENSG00000100603,SNW1,103
2135,ENSG00000100604,CHGA,2
2136,ENSG00000100605,ITPK1,3
2137,ENSG00000100614,PPM1A,1
2138,ENSG00000100625,SIX4,1
2139,ENSG00000100626,GALNT16,0
2140,ENSG00000100628,ASB2,1
2141,ENSG00000100629,CEP128,9
2142,ENSG00000100644,HIF1A,55
2143,ENSG00000100647,SUSD6,0
2144,ENSG00000100650,SRSF5,15
2145,ENSG00000100652,SLC10A1,1
2146,ENSG00000100664,EIF5,23
2147,ENSG00000100678,SLC8A3,3
2148,ENSG00000100697,DICER1,39
2149,ENSG00000100711,ZFYVE21,0
2150,ENSG00000100714,MTHFD1,6
2151,ENSG00000100722,ZC3H14,0
2152,ENSG00000100726,TELO2,15
2153,ENSG00000100731,PCNX1,0
2154,ENSG00000100739,BDKRB1,3
2155,ENSG00000100744,GSKIP,3
2156,ENSG00000100749,VRK1,1
2157,ENSG00000100764,PSMC1,48
2158,ENSG00000100767,PAPLN,0
2159,ENSG00000100784,RPS6KA5,1
2160,ENSG00000100796,PPP4R3A,3
2161,ENSG00000100802,C14orf93,0
2162,ENSG00000100804,PSMB5,48
2163,ENSG00000100811,YY1,56
2164,ENSG00000100813,ACIN1,4
2165,ENSG00000100814,CCNB1IP1,0
2166,ENSG00000100815,TRIP11,2
2167,ENSG00000100823,APEX1,13
2168,ENSG00000100836,PABPN1,21
2169,ENSG00000100842,EFS,0
2170,ENSG00000100852,ARHGAP5,3
2171,ENSG00000100865,CINP,1
2172,ENSG00000100867,DHRS2,0
2173,ENSG00000100884,CPNE6,0
2174,ENSG00000100888,CHD8,31
2175,ENSG00000100889,PCK2,1
2176,ENSG00000100890,PRORP,23
2177,ENSG00000100897,DCAF11,26
2178,ENSG00000100902,PSMA6,50
2179,ENSG00000100906,NFKBIA,28
2180,ENSG00000100908,EMC9,9
2181,ENSG00000100916,BRMS1L,15
2182,ENSG00000100918,REC8,10
2183,ENSG00000100926,TM9SF1,0
2184,ENSG00000100934,SEC23A,18
2185,ENSG00000100938,GMPR2,1
2186,ENSG00000100941,PNN,7
2187,ENSG00000100949,RABGGTA,12
2188,ENSG00000100968,NFATC4,8
2189,ENSG00000100979,PLTP,18
2190,ENSG00000100982,PCIF1,0
2191,ENSG00000100983,GSS,0
2192,ENSG00000100985,MMP9,20
2193,ENSG00000100987,VSX1,0
2194,ENSG00000100991,TRPC4AP,26
2195,ENSG00000100994,PYGB,3
2196,ENSG00000100997,ABHD12,0
2197,ENSG00000101000,PROCR,6
2198,ENSG00000101003,GINS1,21
2199,ENSG00000101004,NINL,0
2200,ENSG00000101017,CD40,26
2201,ENSG00000101019,UQCC1,1
2202,ENSG00000101040,ZMYND8,9
2203,ENSG00000101049,SGK2,2
2204,ENSG00000101052,IFT52,14
2205,ENSG00000101057,MYBL2,6
2206,ENSG00000101074,R3HDML,0
2207,ENSG00000101076,HNF4A,21
2208,ENSG00000101079,NDRG3,0
2209,ENSG00000101082,SLA2,1
2210,ENSG00000101084,RAB5IF,0
2211,ENSG00000101096,NFATC2,16
2212,ENSG00000101098,RIMS4,0
2213,ENSG00000101104,PABPC1L,2
2214,ENSG00000101109,STK4,6
2215,ENSG00000101115,SALL4,12
2216,ENSG00000101126,ADNP,1
2217,ENSG00000101132,PFDN4,14
2218,ENSG00000101134,DOK5,1
2219,ENSG00000101138,CSTF1,9
2220,ENSG00000101144,BMP7,14
2221,ENSG00000101146,RAE1,25
2222,ENSG00000101150,TPD52L2,1
2223,ENSG00000101152,DNAJC5,11
2224,ENSG00000101158,NELFCD,59
2225,ENSG00000101160,CTSZ,0
2226,ENSG00000101161,PRPF6,66
2227,ENSG00000101162,TUBB1,8
2228,ENSG00000101166,PRELID3B,1
2229,ENSG00000101180,HRH3,1
2230,ENSG00000101181,MTG2,56
2231,ENSG00000101182,PSMA7,49
2232,ENSG00000101187,SLCO4A1,0
2233,ENSG00000101188,NTSR1,8
2234,ENSG00000101189,MRGBP,29
2235,ENSG00000101190,TCFL5,0
2236,ENSG00000101191,DIDO1,5
2237,ENSG00000101193,GID8,9
2238,ENSG00000101194,SLC17A9,0
2239,ENSG00000101197,BIRC7,8
2240,ENSG00000101198,NKAIN4,0
2241,ENSG00000101199,ARFGAP1,2
2242,ENSG00000101200,AVP,4
2243,ENSG00000101203,COL20A1,0
2244,ENSG00000101204,CHRNA4,11
2245,ENSG00000101210,EEF1A2,5
2246,ENSG00000101213,PTK6,15
2247,ENSG00000101216,GMEB2,1
2248,ENSG00000101220,ADISSP,0
2249,ENSG00000101222,SPEF1,0
2250,ENSG00000101224,CDC25B,11
2251,ENSG00000101230,ISM1,1
2252,ENSG00000101236,RNF24,0
2253,ENSG00000101246,ARFRP1,1
2254,ENSG00000101247,NDUFAF5,5
2255,ENSG00000101251,SEL1L2,1
2256,ENSG00000101255,TRIB3,4
2257,ENSG00000101265,RASSF2,2
2258,ENSG00000101276,SLC52A3,0
2259,ENSG00000101280,ANGPT4,4
2260,ENSG00000101282,RSPO4,3
2261,ENSG00000101290,CDS2,1
2262,ENSG00000101292,PROKR2,2
2263,ENSG00000101294,HM13,7
2264,ENSG00000101298,SNPH,0
2265,ENSG00000101306,MYLK2,3
2266,ENSG00000101310,SEC23B,13
2267,ENSG00000101311,FERMT1,0
2268,ENSG00000101323,HAO1,3
2269,ENSG00000101327,PDYN,4
2270,ENSG00000101331,CCM2L,0
2271,ENSG00000101333,PLCB4,1
2272,ENSG00000101335,MYL9,21
2273,ENSG00000101336,HCK,13
2274,ENSG00000101337,TM9SF4,0
2275,ENSG00000101342,TLDC2,0
2276,ENSG00000101343,CRNKL1,78
2277,ENSG00000101346,POFUT1,1
2278,ENSG00000101347,SAMHD1,2
2279,ENSG00000101349,PAK5,4
2280,ENSG00000101350,KIF3B,6
2281,ENSG00000101353,MROH8,0
2282,ENSG00000101361,NOP56,81
2283,ENSG00000101363,MANBAL,0
2284,ENSG00000101365,IDH3B,3
2285,ENSG00000101367,MAPRE1,11
2286,ENSG00000101384,JAG1,7
2287,ENSG00000101391,CDK5RAP1,2
2288,ENSG00000101400,SNTA1,17
2289,ENSG00000101405,OXT,3
2290,ENSG00000101407,TTI1,14
2291,ENSG00000101412,E2F1,26
2292,ENSG00000101413,RPRD1B,11
2293,ENSG00000101417,PXMP4,1
2294,ENSG00000101421,CHMP4B,29
2295,ENSG00000101425,BPI,4
2296,ENSG00000101438,SLC32A1,12
2297,ENSG00000101440,ASIP,1
2298,ENSG00000101442,ACTR5,21
2299,ENSG00000101445,PPP1R16B,1
2300,ENSG00000101447,FAM83D,1
2301,ENSG00000101448,EPPIN,1
2302,ENSG00000101452,DHX35,2
2303,ENSG00000101457,DNTTIP1,4
2304,ENSG00000101460,MAP1LC3A,8
2305,ENSG00000101463,SYNDIG1,0
2306,ENSG00000101464,PIGU,4
2307,ENSG00000101470,TNNC2,8
2308,ENSG00000101473,ACOT8,2
2309,ENSG00000101474,APMAP,0
2310,ENSG00000101489,CELF4,0
2311,ENSG00000101493,ZNF516,4
2312,ENSG00000101542,CDH20,8
2313,ENSG00000101544,ADNP2,0
2314,ENSG00000101546,RBFA,34
2315,ENSG00000101557,USP14,40
2316,ENSG00000101558,VAPA,10
2317,ENSG00000101577,LPIN2,6
2318,ENSG00000101596,SMCHD1,1
2319,ENSG00000101605,MYOM1,1
2320,ENSG00000101624,CEP76,0
2321,ENSG00000101638,ST8SIA5,0
2322,ENSG00000101639,CEP192,4
2323,ENSG00000101654,RNMT,12
2324,ENSG00000101665,SMAD7,28
2325,ENSG00000101670,LIPG,6
2326,ENSG00000101680,LAMA1,9
2327,ENSG00000101695,RNF125,7
2328,ENSG00000101745,ANKRD12,0
2329,ENSG00000101746,NOL4,0
2330,ENSG00000101751,POLI,10
2331,ENSG00000101752,MIB1,0
2332,ENSG00000101773,RBBP8,14
2333,ENSG00000101782,RIOK3,5
2334,ENSG00000101811,CSTF2,20
2335,ENSG00000101842,VSIG1,0
2336,ENSG00000101843,PSMD10,21
2337,ENSG00000101850,GPR143,0
2338,ENSG00000101856,PGRMC1,5
2339,ENSG00000101868,POLA1,24
2340,ENSG00000101871,MID1,1
2341,ENSG00000101882,NKAP,38
2342,ENSG00000101888,NXT2,2
2343,ENSG00000101890,GUCY2F,1
2344,ENSG00000101892,ATP1B4,10
2345,ENSG00000101901,ALG13,2
2346,ENSG00000101911,PRPS2,3
2347,ENSG00000101916,TLR8,5
2348,ENSG00000101928,MOSPD1,0
2349,ENSG00000101935,AMMECR1,0
2350,ENSG00000101938,CHRDL1,0
2351,ENSG00000101940,WDR13,0
2352,ENSG00000101945,SUV39H1,32
2353,ENSG00000101955,SRPX,0
2354,ENSG00000101958,GLRA2,0
2355,ENSG00000101966,XIAP,26
2356,ENSG00000101972,STAG2,14
2357,ENSG00000101974,ATP11C,2
2358,ENSG00000101977,MCF2,1
2359,ENSG00000101981,F9,6
2360,ENSG00000101986,ABCD1,5
2361,ENSG00000101997,CCDC22,13
2362,ENSG00000102001,CACNA1F,25
2363,ENSG00000102003,SYP,8
2364,ENSG00000102010,BMX,1
2365,ENSG00000102024,PLS3,1
2366,ENSG00000102030,NAA10,8
2367,ENSG00000102032,RENBP,0
2368,ENSG00000102034,ELF4,1
2369,ENSG00000102038,SMARCA1,16
2370,ENSG00000102048,ASB9,4
2371,ENSG00000102053,ZC3H12B,0
2372,ENSG00000102054,RBBP7,71
2373,ENSG00000102057,KCND1,1
2374,ENSG00000102078,SLC25A14,0
2375,ENSG00000102081,FMR1,39
2376,ENSG00000102096,PIM2,1
2377,ENSG00000102100,SLC35A2,0
2378,ENSG00000102103,PQBP1,22
2379,ENSG00000102104,RS1,0
2380,ENSG00000102109,PCSK1N,0
2381,ENSG00000102119,EMD,21
2382,ENSG00000102125,TAFAZZIN,1
2383,ENSG00000102144,PGK1,3
2384,ENSG00000102145,GATA1,19
2385,ENSG00000102158,MAGT1,12
2386,ENSG00000102172,SMS,1
2387,ENSG00000102174,PHEX,0
2388,ENSG00000102178,UBL4A,6
2389,ENSG00000102181,CD99L2,0
2390,ENSG00000102189,EEA1,7
2391,ENSG00000102195,GPR50,2
2392,ENSG00000102218,RP2,2
2393,ENSG00000102221,JADE3,4
2394,ENSG00000102225,CDK16,1
2395,ENSG00000102226,USP11,2
2396,ENSG00000102230,PCYT1B,1
2397,ENSG00000102239,BRS3,3
2398,ENSG00000102241,HTATSF1,38
2399,ENSG00000102245,CD40LG,12
2400,ENSG00000102265,TIMP1,7
2401,ENSG00000102271,KLHL4,0
2402,ENSG00000102302,FGD1,1
2403,ENSG00000102309,PIN4,0
2404,ENSG00000102312,PORCN,0
2405,ENSG00000102316,MAGED2,0
2406,ENSG00000102317,RBM3,0
2407,ENSG00000102349,KLF8,1
2408,ENSG00000102359,SRPX2,1
2409,ENSG00000102362,SYTL4,4
2410,ENSG00000102383,ZDHHC15,0
2411,ENSG00000102384,CENPI,14
2412,ENSG00000102385,DRP2,1
2413,ENSG00000102390,PBDC1,0
2414,ENSG00000102393,GLA,1
2415,ENSG00000102401,ARMCX3,0
2416,ENSG00000102445,RUBCNL,0
2417,ENSG00000102452,NALCN,4
2418,ENSG00000102466,FGF14,1
2419,ENSG00000102468,HTR2A,9
2420,ENSG00000102471,NDFIP2,0
2421,ENSG00000102524,TNFSF13B,6
2422,ENSG00000102531,FNDC3A,0
2423,ENSG00000102543,CDADC1,0
2424,ENSG00000102547,CAB39L,5
2425,ENSG00000102554,KLF5,5
2426,ENSG00000102572,STK24,28
2427,ENSG00000102575,ACP5,1
2428,ENSG00000102580,DNAJC3,2
2429,ENSG00000102595,UGGT2,2
2430,ENSG00000102606,ARHGEF7,19
2431,ENSG00000102678,FGF9,14
2432,ENSG00000102683,SGCG,7
2433,ENSG00000102699,PARP4,2
2434,ENSG00000102710,SUPT20H,37
2435,ENSG00000102738,MRPS31,93
2436,ENSG00000102743,SLC25A15,1
2437,ENSG00000102753,KPNA3,6
2438,ENSG00000102755,FLT1,13
2439,ENSG00000102760,RGCC,0
2440,ENSG00000102763,VWA8,0
2441,ENSG00000102780,DGKH,0
2442,ENSG00000102781,KATNAL1,2
2443,ENSG00000102786,INTS6,40
2444,ENSG00000102794,ACOD1,1
2445,ENSG00000102802,MEDAG,0
2446,ENSG00000102804,TSC22D1,0
2447,ENSG00000102805,CLN5,0
2448,ENSG00000102837,OLFM4,1
2449,ENSG00000102854,MSLN,0
2450,ENSG00000102858,MGRN1,1
2451,ENSG00000102870,ZNF629,1
2452,ENSG00000102871,TRADD,35
2453,ENSG00000102878,HSF4,0
2454,ENSG00000102879,CORO1A,0
2455,ENSG00000102882,MAPK3,28
2456,ENSG00000102886,GDPD3,1
2457,ENSG00000102890,ELMO3,5
2458,ENSG00000102891,MT4,0
2459,ENSG00000102893,PHKB,7
2460,ENSG00000102897,LYRM1,0
2461,ENSG00000102900,NUP93,28
2462,ENSG00000102901,CENPT,16
2463,ENSG00000102904,TSNAXIP1,0
2464,ENSG00000102908,NFAT5,0
2465,ENSG00000102910,LONP2,1
2466,ENSG00000102921,N4BP1,1
2467,ENSG00000102924,CBLN1,3
2468,ENSG00000102931,ARL2BP,1
2469,ENSG00000102934,PLLP,0
2470,ENSG00000102935,ZNF423,3
2471,ENSG00000102962,CCL22,14
2472,ENSG00000102967,DHODH,0
2473,ENSG00000102970,CCL17,16
2474,ENSG00000102974,CTCF,17
2475,ENSG00000102977,ACD,0
2476,ENSG00000102978,POLR2C,103
2477,ENSG00000102981,PARD6A,12
2478,ENSG00000102984,ZNF821,0
2479,ENSG00000102996,MMP15,0
2480,ENSG00000103005,USB1,2
2481,ENSG00000103018,CYB5B,10
2482,ENSG00000103021,CCDC113,0
2483,ENSG00000103023,PRSS54,0
2484,ENSG00000103024,NME3,8
2485,ENSG00000103034,NDRG4,0
2486,ENSG00000103035,PSMD7,40
2487,ENSG00000103037,SETD6,1
2488,ENSG00000103042,SLC38A7,0
2489,ENSG00000103043,VAC14,4
2490,ENSG00000103044,HAS3,0
2491,ENSG00000103047,TANGO6,0
2492,ENSG00000103051,COG4,9
2493,ENSG00000103056,SMPD3,6
2494,ENSG00000103061,SLC7A6OS,0
2495,ENSG00000103064,SLC7A6,1
2496,ENSG00000103066,PLA2G15,4
2497,ENSG00000103067,ESRP2,2
2498,ENSG00000103089,FA2H,0
2499,ENSG00000103091,WDR59,14
2500,ENSG00000103111,MON1B,2
2501,ENSG00000103126,AXIN1,37
2502,ENSG00000103145,HCFC1R1,0
2503,ENSG00000103148,NPRL3,0
2504,ENSG00000103150,MLYCD,2
2505,ENSG00000103152,MPG,0
2506,ENSG00000103154,NECAB2,0
2507,ENSG00000103160,HSDL1,0
2508,ENSG00000103168,TAF1C,5
2509,ENSG00000103174,NAGPA,0
2510,ENSG00000103175,WFDC1,0
2511,ENSG00000103184,SEC14L5,0
2512,ENSG00000103187,COTL1,1
2513,ENSG00000103194,USP10,8
2514,ENSG00000103196,CRISPLD2,0
2515,ENSG00000103197,TSC2,14
2516,ENSG00000103202,NME4,8
2517,ENSG00000103222,ABCC1,0
2518,ENSG00000103227,LMF1,1
2519,ENSG00000103241,FOXF1,0
2520,ENSG00000103245,CIAO3,4
2521,ENSG00000103248,MTHFSD,0
2522,ENSG00000103249,CLCN7,1
2523,ENSG00000103253,HAGHL,0
2524,ENSG00000103254,ANTKMT,0
2525,ENSG00000103257,SLC7A5,4
2526,ENSG00000103260,METRN,0
2527,ENSG00000103264,FBXO31,4
2528,ENSG00000103266,STUB1,35
2529,ENSG00000103269,RHBDL1,0
2530,ENSG00000103274,NUBP1,1
2531,ENSG00000103275,UBE2I,34
2532,ENSG00000103310,ZP2,2
2533,ENSG00000103316,CRYM,0
2534,ENSG00000103319,EEF2K,1
2535,ENSG00000103326,CAPN15,0
2536,ENSG00000103335,PIEZO1,0
2537,ENSG00000103342,GSPT1,62
2538,ENSG00000103343,ZNF174,0
2539,ENSG00000103351,CLUAP1,14
2540,ENSG00000103353,UBFD1,0
2541,ENSG00000103355,PRSS33,0
2542,ENSG00000103356,EARS2,4
2543,ENSG00000103363,ELOB,103
2544,ENSG00000103365,GGA2,6
2545,ENSG00000103375,AQP8,0
2546,ENSG00000103381,CPPED1,0
2547,ENSG00000103404,USP31,0
2548,ENSG00000103415,HMOX2,1
2549,ENSG00000103423,DNAJA3,2
2550,ENSG00000103429,BFAR,0
2551,ENSG00000103449,SALL1,1
2552,ENSG00000103460,TOX3,0
2553,ENSG00000103479,RBL2,19
2554,ENSG00000103485,QPRT,0
2555,ENSG00000103489,XYLT1,2
2556,ENSG00000103490,PYCARD,11
2557,ENSG00000103494,RPGRIP1L,4
2558,ENSG00000103495,MAZ,1
2559,ENSG00000103496,STX4,36
2560,ENSG00000103502,CDIPT,0
2561,ENSG00000103507,BCKDK,0
2562,ENSG00000103510,KAT8,47
2563,ENSG00000103522,IL21R,4
2564,ENSG00000103528,SYT17,0
2565,ENSG00000103534,TMC5,0
2566,ENSG00000103540,CCP110,7
2567,ENSG00000103544,VPS35L,5
2568,ENSG00000103546,SLC6A2,1
2569,ENSG00000103549,RNF40,12
2570,ENSG00000103550,KNOP1,0
2571,ENSG00000103569,AQP9,0
2572,ENSG00000103591,AAGAB,0
2573,ENSG00000103599,IQCH,0
2574,ENSG00000103642,LACTB,2
2575,ENSG00000103647,CORO2B,0
2576,ENSG00000103653,CSK,10
2577,ENSG00000103657,HERC1,0
2578,ENSG00000103671,TRIP4,18
2579,ENSG00000103707,MTFMT,0
2580,ENSG00000103710,RASL12,0
2581,ENSG00000103723,AP3B2,8
2582,ENSG00000103740,ACSBG1,0
2583,ENSG00000103742,IGDCC4,0
2584,ENSG00000103769,RAB11A,27
2585,ENSG00000103811,CTSH,0
2586,ENSG00000103852,TTC23,0
2587,ENSG00000103855,CD276,4
2588,ENSG00000103876,FAH,0
2589,ENSG00000103888,CEMIP,0
2590,ENSG00000103932,RPAP1,1
2591,ENSG00000103942,HOMER2,4
2592,ENSG00000103966,EHD4,1
2593,ENSG00000103978,TMEM87A,0
2594,ENSG00000103994,ZNF106,0
2595,ENSG00000103995,CEP152,4
2596,ENSG00000104043,ATP8B4,2
2597,ENSG00000104044,OCA2,4
2598,ENSG00000104047,DTWD1,0
2599,ENSG00000104055,TGM5,1
2600,ENSG00000104059,ENTREP2,0
2601,ENSG00000104064,GABPB1,13
2602,ENSG00000104067,TJP1,68
2603,ENSG00000104081,BMF,5
2604,ENSG00000104093,DMXL2,2
2605,ENSG00000104112,SCG3,2
2606,ENSG00000104129,DNAJC17,0
2607,ENSG00000104133,SPG11,1
2608,ENSG00000104140,RHOV,4
2609,ENSG00000104142,VPS18,9
2610,ENSG00000104147,OIP5,2
2611,ENSG00000104154,SLC30A4,0
2612,ENSG00000104164,BLOC1S6,14
2613,ENSG00000104205,SGK3,2
2614,ENSG00000104213,PDGFRL,0
2615,ENSG00000104218,CSPP1,0
2616,ENSG00000104219,ZDHHC2,0
2617,ENSG00000104221,BRF2,9
2618,ENSG00000104228,TRIM35,0
2619,ENSG00000104231,ZFAND1,1
2620,ENSG00000104237,RP1,0
2621,ENSG00000104267,CA2,4
2622,ENSG00000104290,FZD3,14
2623,ENSG00000104299,INTS9,32
2624,ENSG00000104312,RIPK2,12
2625,ENSG00000104313,EYA1,3
2626,ENSG00000104320,NBN,18
2627,ENSG00000104321,TRPA1,2
2628,ENSG00000104324,CPQ,0
2629,ENSG00000104325,DECR1,0
2630,ENSG00000104327,CALB1,0
2631,ENSG00000104331,BPNT2,5
2632,ENSG00000104332,SFRP1,4
2633,ENSG00000104341,LAPTM4B,3
2634,ENSG00000104343,UBE2W,1
2635,ENSG00000104356,POP1,34
2636,ENSG00000104361,NIPAL2,0
2637,ENSG00000104365,IKBKB,39
2638,ENSG00000104368,PLAT,7
2639,ENSG00000104369,JPH1,2
2640,ENSG00000104371,DKK4,6
2641,ENSG00000104375,STK3,3
2642,ENSG00000104381,GDAP1,0
2643,ENSG00000104388,RAB2A,4
2644,ENSG00000104408,EIF3E,49
2645,ENSG00000104412,EMC2,11
2646,ENSG00000104413,ESRP1,2
2647,ENSG00000104415,CCN4,1
2648,ENSG00000104419,NDRG1,0
2649,ENSG00000104427,ZC2HC1A,0
2650,ENSG00000104432,IL7,11
2651,ENSG00000104435,STMN2,0
2652,ENSG00000104442,ARMC1,0
2653,ENSG00000104447,TRPS1,0
2654,ENSG00000104450,SPAG1,2
2655,ENSG00000104472,CHRAC1,19
2656,ENSG00000104490,NCALD,17
2657,ENSG00000104497,SNX16,0
2658,ENSG00000104517,UBR5,9
2659,ENSG00000104518,GSDMD,6
2660,ENSG00000104522,GFUS,1
2661,ENSG00000104524,PYCR3,3
2662,ENSG00000104529,EEF1D,3
2663,ENSG00000104537,ANXA13,0
2664,ENSG00000104549,SQLE,0
2665,ENSG00000104611,SH2D4A,0
2666,ENSG00000104613,INTS10,15
2667,ENSG00000104626,ERI1,7
2668,ENSG00000104635,SLC39A14,1
2669,ENSG00000104643,MTMR9,2
2670,ENSG00000104660,LEPROTL1,0
2671,ENSG00000104671,DCTN6,17
2672,ENSG00000104679,R3HCC1,0
2673,ENSG00000104687,GSR,7
2674,ENSG00000104691,UBXN8,6
2675,ENSG00000104695,PPP2CB,44
2676,ENSG00000104723,TUSC3,14
2677,ENSG00000104728,ARHGEF10,0
2678,ENSG00000104731,KLHDC4,0
2679,ENSG00000104738,MCM4,38
2680,ENSG00000104755,ADAM2,2
2681,ENSG00000104756,KCTD9,0
2682,ENSG00000104760,FGL1,7
2683,ENSG00000104763,ASAH1,8
2684,ENSG00000104765,BNIP3L,9
2685,ENSG00000104774,MAN2B1,2
2686,ENSG00000104783,KCNN4,13
2687,ENSG00000104804,TULP2,0
2688,ENSG00000104805,NUCB1,1
2689,ENSG00000104808,DHDH,0
2690,ENSG00000104812,GYS1,4
2691,ENSG00000104814,MAP4K1,5
2692,ENSG00000104823,ECH1,1
2693,ENSG00000104824,HNRNPL,6
2694,ENSG00000104825,NFKBIB,9
2695,ENSG00000104833,TUBB4A,10
2696,ENSG00000104835,SARS2,2
2697,ENSG00000104848,KCNA7,0
2698,ENSG00000104852,SNRNP70,56
2699,ENSG00000104853,CLPTM1,0
2700,ENSG00000104856,RELB,11
2701,ENSG00000104859,CLASRP,4
2702,ENSG00000104863,LIN7B,4
2703,ENSG00000104866,PPP1R37,0
2704,ENSG00000104870,FCGRT,2
2705,ENSG00000104872,PIH1D1,16
2706,ENSG00000104879,CKM,2
2707,ENSG00000104880,ARHGEF18,6
2708,ENSG00000104881,PPP1R13L,4
2709,ENSG00000104883,PEX11G,2
2710,ENSG00000104884,ERCC2,74
2711,ENSG00000104885,DOT1L,11
2712,ENSG00000104886,PLEKHJ1,1
2713,ENSG00000104888,SLC17A7,10
2714,ENSG00000104889,RNASEH2A,2
2715,ENSG00000104892,KLC3,8
2716,ENSG00000104894,CD37,2
2717,ENSG00000104897,SF3A2,92
2718,ENSG00000104899,AMH,1
2719,ENSG00000104901,DKKL1,0
2720,ENSG00000104903,LYL1,10
2721,ENSG00000104904,OAZ1,2
2722,ENSG00000104907,TRMT1,1
2723,ENSG00000104918,RETN,3
2724,ENSG00000104921,FCER2,0
2725,ENSG00000104936,DMPK,0
2726,ENSG00000104941,RSPH6A,0
2727,ENSG00000104946,TBC1D17,4
2728,ENSG00000104951,IL4I1,6
2729,ENSG00000104957,YJU2B,2
2730,ENSG00000104960,PTOV1,0
2731,ENSG00000104964,TLE5,5
2732,ENSG00000104967,NOVA2,1
2733,ENSG00000104969,SGTA,11
2734,ENSG00000104973,MED25,70
2735,ENSG00000104976,SNAPC2,5
2736,ENSG00000104979,C19orf53,0
2737,ENSG00000104980,TIMM44,9
2738,ENSG00000104983,CCDC61,9
2739,ENSG00000104998,IL27RA,11
2740,ENSG00000105011,ASF1B,8
2741,ENSG00000105048,TNNT1,7
2742,ENSG00000105053,VRK3,0
2743,ENSG00000105058,FAM32A,37
2744,ENSG00000105063,PPP6R1,5
2745,ENSG00000105085,MED26,70
2746,ENSG00000105088,OLFM2,21
2747,ENSG00000105122,RASAL3,0
2748,ENSG00000105127,AKAP8,1
2749,ENSG00000105131,EPHX3,0
2750,ENSG00000105135,ILVBL,0
2751,ENSG00000105137,SYDE1,0
2752,ENSG00000105141,CASP14,0
2753,ENSG00000105143,SLC1A6,1
2754,ENSG00000105171,POP4,23
2755,ENSG00000105173,CCNE1,18
2756,ENSG00000105176,URI1,11
2757,ENSG00000105185,PDCD5,1
2758,ENSG00000105186,ANKRD27,2
2759,ENSG00000105193,RPS16,155
2760,ENSG00000105197,TIMM50,6
2761,ENSG00000105202,FBL,68
2762,ENSG00000105204,DYRK1B,1
2763,ENSG00000105220,GPI,1
2764,ENSG00000105221,AKT2,7
2765,ENSG00000105223,PLD3,3
2766,ENSG00000105227,PRX,4
2767,ENSG00000105229,PIAS4,7
2768,ENSG00000105245,NUMBL,8
2769,ENSG00000105246,EBI3,5
2770,ENSG00000105248,YJU2,37
2771,ENSG00000105251,SHD,0
2772,ENSG00000105254,TBCB,0
2773,ENSG00000105255,FSD1,0
2774,ENSG00000105258,POLR2I,97
2775,ENSG00000105261,OVOL3,0
2776,ENSG00000105270,CLIP3,1
2777,ENSG00000105281,SLC1A5,0
2778,ENSG00000105287,PRKD2,2
2779,ENSG00000105289,TJP3,14
2780,ENSG00000105290,APLP1,2
2781,ENSG00000105298,CACTIN,37
2782,ENSG00000105321,CCDC9,7
2783,ENSG00000105323,HNRNPUL1,4
2784,ENSG00000105325,FZR1,28
2785,ENSG00000105327,BBC3,8
2786,ENSG00000105329,TGFB1,31
2787,ENSG00000105339,DENND3,0
2788,ENSG00000105341,DMAC2,0
2789,ENSG00000105355,PLIN3,7
2790,ENSG00000105357,MYH14,20
2791,ENSG00000105364,MRPL4,103
2792,ENSG00000105369,CD79A,11
2793,ENSG00000105370,LIM2,12
2794,ENSG00000105371,ICAM4,1
2795,ENSG00000105372,RPS19,150
2796,ENSG00000105373,NOP53,6
2797,ENSG00000105374,NKG7,0
2798,ENSG00000105376,ICAM5,1
2799,ENSG00000105379,ETFB,2
2800,ENSG00000105392,CRX,2
2801,ENSG00000105393,BABAM1,7
2802,ENSG00000105397,TYK2,36
2803,ENSG00000105401,CDC37,43
2804,ENSG00000105402,NAPA,40
2805,ENSG00000105404,RABAC1,3
2806,ENSG00000105409,ATP1A3,19
2807,ENSG00000105419,MEIS3,0
2808,ENSG00000105426,PTPRS,9
2809,ENSG00000105427,CNFN,0
2810,ENSG00000105429,MEGF8,1
2811,ENSG00000105438,KDELR1,4
2812,ENSG00000105443,CYTH2,3
2813,ENSG00000105447,GRWD1,2
2814,ENSG00000105464,GRIN2D,29
2815,ENSG00000105467,SYNGR4,0
2816,ENSG00000105472,CLEC11A,1
2817,ENSG00000105486,LIG1,6
2818,ENSG00000105499,PLA2G4C,0
2819,ENSG00000105507,CABP5,0
2820,ENSG00000105509,HAS1,0
2821,ENSG00000105514,RAB3D,0
2822,ENSG00000105516,DBP,0
2823,ENSG00000105518,TMEM205,0
2824,ENSG00000105520,PLPPR2,0
2825,ENSG00000105523,FAM83E,0
2826,ENSG00000105538,RASIP1,2
2827,ENSG00000105549,SPMAP2,0
2828,ENSG00000105550,FGF21,5
2829,ENSG00000105552,BCAT2,3
2830,ENSG00000105556,MIER2,0
2831,ENSG00000105559,PLEKHA4,0
2832,ENSG00000105568,PPP2R1A,67
2833,ENSG00000105576,TNPO2,0
2834,ENSG00000105583,WDR83OS,1
2835,ENSG00000105605,CACNG7,43
2836,ENSG00000105607,GCDH,0
2837,ENSG00000105610,KLF1,6
2838,ENSG00000105612,DNASE2,1
2839,ENSG00000105613,MAST1,0
2840,ENSG00000105617,LENG1,0
2841,ENSG00000105618,PRPF31,80
2842,ENSG00000105619,TFPT,22
2843,ENSG00000105639,JAK3,27
2844,ENSG00000105640,RPL18A,108
2845,ENSG00000105641,SLC5A5,0
2846,ENSG00000105642,KCNN1,7
2847,ENSG00000105643,ARRDC2,0
2848,ENSG00000105647,PIK3R2,27
2849,ENSG00000105649,RAB3A,22
2850,ENSG00000105650,PDE4C,2
2851,ENSG00000105655,ISYNA1,0
2852,ENSG00000105656,ELL,42
2853,ENSG00000105662,CRTC1,3
2854,ENSG00000105664,COMP,5
2855,ENSG00000105668,UPK1A,0
2856,ENSG00000105669,COPE,12
2857,ENSG00000105671,DDX49,22
2858,ENSG00000105672,ETV2,0
2859,ENSG00000105675,ATP4A,2
2860,ENSG00000105676,ARMC6,0
2861,ENSG00000105677,TMEM147,30
2862,ENSG00000105679,GAPDHS,0
2863,ENSG00000105695,MAG,3
2864,ENSG00000105696,TMEM59L,0
2865,ENSG00000105697,HAMP,2
2866,ENSG00000105698,USF2,5
2867,ENSG00000105699,LSR,2
2868,ENSG00000105701,FKBP8,14
2869,ENSG00000105705,SUGP1,22
2870,ENSG00000105707,HPN,0
2871,ENSG00000105711,SCN1B,15
2872,ENSG00000105717,PBX4,0
2873,ENSG00000105722,ERF,0
2874,ENSG00000105723,GSK3A,9
2875,ENSG00000105726,ATP13A1,0
2876,ENSG00000105732,ZNF574,0
2877,ENSG00000105737,GRIK5,5
2878,ENSG00000105738,SIPA1L3,0
2879,ENSG00000105755,ETHE1,0
2880,ENSG00000105767,CADM4,1
2881,ENSG00000105771,SMG9,4
2882,ENSG00000105778,AVL9,0
2883,ENSG00000105784,RUNDC3B,0
2884,ENSG00000105792,CFAP69,0
2885,ENSG00000105793,GTPBP10,46
2886,ENSG00000105810,CDK6,21
2887,ENSG00000105819,PMPCB,7
2888,ENSG00000105821,DNAJC2,2
2889,ENSG00000105825,TFPI2,0
2890,ENSG00000105835,NAMPT,0
2891,ENSG00000105849,POLR1F,13
2892,ENSG00000105851,PIK3CG,17
2893,ENSG00000105852,PON3,1
2894,ENSG00000105854,PON2,0
2895,ENSG00000105855,ITGB8,26
2896,ENSG00000105856,HBP1,1
2897,ENSG00000105865,DUS4L,0
2898,ENSG00000105866,SP4,0
2899,ENSG00000105875,WDR91,0
2900,ENSG00000105877,DNAH11,0
2901,ENSG00000105879,CBLL1,9
2902,ENSG00000105880,DLX5,3
2903,ENSG00000105887,MTPN,5
2904,ENSG00000105894,PTN,8
2905,ENSG00000105926,PALS2,1
2906,ENSG00000105928,GSDME,0
2907,ENSG00000105929,ATP6V0A4,28
2908,ENSG00000105939,ZC3HAV1,3
2909,ENSG00000105948,IFT56,18
2910,ENSG00000105953,OGDH,9
2911,ENSG00000105954,NPVF,3
2912,ENSG00000105963,ADAP1,1
2913,ENSG00000105967,TFEC,0
2914,ENSG00000105968,H2AZ2,0
2915,ENSG00000105971,CAV2,10
2916,ENSG00000105974,CAV1,57
2917,ENSG00000105976,MET,25
2918,ENSG00000105982,RNF32,0
2919,ENSG00000105983,LMBR1,0
2920,ENSG00000105989,WNT2,12
2921,ENSG00000105991,HOXA1,2
2922,ENSG00000105993,DNAJB6,4
2923,ENSG00000105996,HOXA2,0
2924,ENSG00000105997,HOXA3,0
2925,ENSG00000106003,LFNG,2
2926,ENSG00000106004,HOXA5,10
2927,ENSG00000106006,HOXA6,10
2928,ENSG00000106009,BRAT1,1
2929,ENSG00000106018,VIPR2,5
2930,ENSG00000106025,TSPAN12,3
2931,ENSG00000106028,SSBP1,4
2932,ENSG00000106031,HOXA13,0
2933,ENSG00000106034,CPED1,0
2934,ENSG00000106038,EVX1,0
2935,ENSG00000106049,HIBADH,1
2936,ENSG00000106052,TAX1BP1,15
2937,ENSG00000106066,CPVL,0
2938,ENSG00000106069,CHN2,0
2939,ENSG00000106070,GRB10,12
2940,ENSG00000106077,ABHD11,0
2941,ENSG00000106078,COBL,1
2942,ENSG00000106080,FKBP14,0
2943,ENSG00000106086,PLEKHA8,0
2944,ENSG00000106089,STX1A,37
2945,ENSG00000106100,NOD1,8
2946,ENSG00000106105,GARS1,1
2947,ENSG00000106113,CRHR2,5
2948,ENSG00000106123,EPHB6,10
2949,ENSG00000106125,MINDY4,0
2950,ENSG00000106128,GHRHR,3
2951,ENSG00000106144,CASP2,6
2952,ENSG00000106153,CHCHD2,1
2953,ENSG00000106178,CCL24,5
2954,ENSG00000106211,HSPB1,17
2955,ENSG00000106236,NPTX2,1
2956,ENSG00000106244,PDAP1,0
2957,ENSG00000106245,BUD31,85
2958,ENSG00000106246,PTCD1,3
2959,ENSG00000106261,ZKSCAN1,0
2960,ENSG00000106263,EIF3B,54
2961,ENSG00000106266,SNX8,1
2962,ENSG00000106268,NUDT1,0
2963,ENSG00000106278,PTPRZ1,10
2964,ENSG00000106290,TAF6,111
2965,ENSG00000106299,WASL,54
2966,ENSG00000106302,HYAL4,0
2967,ENSG00000106305,AIMP2,11
2968,ENSG00000106327,TFR2,6
2969,ENSG00000106328,FSCN3,0
2970,ENSG00000106330,MOSPD3,0
2971,ENSG00000106331,PAX4,0
2972,ENSG00000106333,PCOLCE,2
2973,ENSG00000106336,FBXO24,0
2974,ENSG00000106341,PPP1R17,0
2975,ENSG00000106344,RBM28,0
2976,ENSG00000106346,USP42,1
2977,ENSG00000106348,IMPDH1,1
2978,ENSG00000106351,AGFG2,0
2979,ENSG00000106355,LSM5,68
2980,ENSG00000106366,SERPINE1,7
2981,ENSG00000106367,AP1S1,32
2982,ENSG00000106392,C1GALT1,1
2983,ENSG00000106397,PLOD3,11
2984,ENSG00000106399,RPA3,29
2985,ENSG00000106400,ZNHIT1,10
2986,ENSG00000106404,CLDN15,2
2987,ENSG00000106415,GLCCI1,0
2988,ENSG00000106436,MYL10,0
2989,ENSG00000106443,PHF14,0
2990,ENSG00000106459,NRF1,5
2991,ENSG00000106460,TMEM106B,0
2992,ENSG00000106462,EZH2,72
2993,ENSG00000106477,CEP41,0
2994,ENSG00000106483,SFRP4,0
2995,ENSG00000106484,MEST,0
2996,ENSG00000106511,MEOX2,1
2997,ENSG00000106524,ANKMY2,1
2998,ENSG00000106536,POU6F2,0
2999,ENSG00000106537,TSPAN13,0
3000,ENSG00000106538,RARRES2,1
3001,ENSG00000106541,AGR2,0
3002,ENSG00000106546,AHR,8
3003,ENSG00000106554,CHCHD3,18
3004,ENSG00000106571,GLI3,6
3005,ENSG00000106588,PSMA2,47
3006,ENSG00000106591,MRPL32,104
3007,ENSG00000106605,BLVRA,1
3008,ENSG00000106608,URGCP,0
3009,ENSG00000106609,TMEM248,0
3010,ENSG00000106615,RHEB,10
3011,ENSG00000106617,PRKAG2,9
3012,ENSG00000106624,AEBP1,0
3013,ENSG00000106628,POLD2,23
3014,ENSG00000106631,MYL7,3
3015,ENSG00000106633,GCK,11
3016,ENSG00000106635,BCL7B,26
3017,ENSG00000106636,YKT6,21
3018,ENSG00000106638,TBL2,0
3019,ENSG00000106648,GALNTL5,0
3020,ENSG00000106665,CLIP2,1
3021,ENSG00000106682,EIF4H,7
3022,ENSG00000106683,LIMK1,6
3023,ENSG00000106686,SPATA6L,0
3024,ENSG00000106688,SLC1A1,1
3025,ENSG00000106689,LHX2,4
3026,ENSG00000106692,FKTN,0
3027,ENSG00000106701,FSD1L,0
3028,ENSG00000106723,SPIN1,3
3029,ENSG00000106733,NMRK1,1
3030,ENSG00000106771,TMEM245,0
3031,ENSG00000106772,PRUNE2,0
3032,ENSG00000106780,MEGF9,0
3033,ENSG00000106785,TRIM14,2
3034,ENSG00000106789,CORO2A,0
3035,ENSG00000106799,TGFBR1,35
3036,ENSG00000106803,SEC61B,83
3037,ENSG00000106809,OGN,0
3038,ENSG00000106819,ASPN,1
3039,ENSG00000106823,ECM2,1
3040,ENSG00000106829,TLE4,13
3041,ENSG00000106852,LHX6,1
3042,ENSG00000106853,PTGR1,0
3043,ENSG00000106868,SUSD1,0
3044,ENSG00000106927,AMBP,1
3045,ENSG00000106948,AKNA,0
3046,ENSG00000106952,TNFSF8,3
3047,ENSG00000106976,DNM1,9
3048,ENSG00000106991,ENG,10
3049,ENSG00000106992,AK1,0
3050,ENSG00000106993,CDC37L1,2
3051,ENSG00000107020,PLGRKT,1
3052,ENSG00000107021,TBC1D13,0
3053,ENSG00000107036,RIC1,12
3054,ENSG00000107077,KDM4C,1
3055,ENSG00000107099,DOCK8,6
3056,ENSG00000107104,KANK1,5
3057,ENSG00000107105,ELAVL2,0
3058,ENSG00000107130,NCS1,4
3059,ENSG00000107140,TESK1,1
3060,ENSG00000107147,KCNT1,0
3061,ENSG00000107159,CA9,0
3062,ENSG00000107164,FUBP3,0
3063,ENSG00000107165,TYRP1,1
3064,ENSG00000107175,CREB3,21
3065,ENSG00000107185,RGP1,12
3066,ENSG00000107186,MPDZ,9
3067,ENSG00000107187,LHX3,5
3068,ENSG00000107201,RIGI,30
3069,ENSG00000107223,EDF1,31
3070,ENSG00000107242,PIP5K1B,8
3071,ENSG00000107249,GLIS3,0
3072,ENSG00000107262,BAG1,13
3073,ENSG00000107263,RAPGEF1,7
3074,ENSG00000107281,NPDC1,0
3075,ENSG00000107282,APBA1,6
3076,ENSG00000107290,SETX,2
3077,ENSG00000107295,SH3GL2,13
3078,ENSG00000107317,PTGDS,1
3079,ENSG00000107331,ABCA2,16
3080,ENSG00000107338,SHB,2
3081,ENSG00000107341,UBE2R2,5
3082,ENSG00000107362,ABHD17B,0
3083,ENSG00000107371,EXOSC3,21
3084,ENSG00000107372,ZFAND5,1
3085,ENSG00000107404,DVL1,42
3086,ENSG00000107438,PDLIM1,2
3087,ENSG00000107443,CCNJ,0
3088,ENSG00000107447,DNTT,2
3089,ENSG00000107485,GATA3,16
3090,ENSG00000107518,ATRNL1,0
3091,ENSG00000107521,HPS1,12
3092,ENSG00000107537,PHYH,1
3093,ENSG00000107551,RASSF4,1
3094,ENSG00000107554,DNMBP,1
3095,ENSG00000107560,RAB11FIP2,8
3096,ENSG00000107562,CXCL12,27
3097,ENSG00000107566,ERLIN1,5
3098,ENSG00000107581,EIF3A,48
3099,ENSG00000107593,PKD2L1,1
3100,ENSG00000107611,CUBN,6
3101,ENSG00000107614,TRDMT1,1
3102,ENSG00000107625,DDX50,0
3103,ENSG00000107643,MAPK8,18
3104,ENSG00000107651,SEC23IP,3
3105,ENSG00000107669,ATE1,0
3106,ENSG00000107672,NSMCE4A,7
3107,ENSG00000107679,PLEKHA1,1
3108,ENSG00000107719,PALD1,0
3109,ENSG00000107731,UNC5B,8
3110,ENSG00000107736,CDH23,5
3111,ENSG00000107738,VSIR,0
3112,ENSG00000107742,SPOCK2,0
3113,ENSG00000107745,MICU1,8
3114,ENSG00000107758,PPP3CB,16
3115,ENSG00000107771,CCSER2,1
3116,ENSG00000107779,BMPR1A,18
3117,ENSG00000107789,MINPP1,3
3118,ENSG00000107796,ACTA2,12
3119,ENSG00000107798,LIPA,0
3120,ENSG00000107807,TLX1,2
3121,ENSG00000107815,TWNK,3
3122,ENSG00000107816,LZTS2,1
3123,ENSG00000107819,SFXN3,0
3124,ENSG00000107821,KAZALD1,0
3125,ENSG00000107829,FBXW4,8
3126,ENSG00000107831,FGF8,15
3127,ENSG00000107833,NPM3,1
3128,ENSG00000107854,TNKS2,9
3129,ENSG00000107862,GBF1,3
3130,ENSG00000107863,ARHGAP21,0
3131,ENSG00000107864,CPEB3,13
3132,ENSG00000107872,FBXL15,0
3133,ENSG00000107874,CUEDC2,1
3134,ENSG00000107882,SUFU,10
3135,ENSG00000107897,ACBD5,2
3136,ENSG00000107902,LHPP,2
3137,ENSG00000107929,LARP4B,20
3138,ENSG00000107937,GTPBP4,50
3139,ENSG00000107938,EDRF1,0
3140,ENSG00000107949,BCCIP,10
3141,ENSG00000107951,MTPAP,0
3142,ENSG00000107954,NEURL1,0
3143,ENSG00000107957,SH3PXD2A,10
3144,ENSG00000107959,PITRM1,1
3145,ENSG00000107960,STN1,30
3146,ENSG00000107968,MAP3K8,3
3147,ENSG00000107984,DKK1,7
3148,ENSG00000108001,EBF3,0
3149,ENSG00000108010,GLRX3,5
3150,ENSG00000108018,SORCS1,1
3151,ENSG00000108021,TASOR2,0
3152,ENSG00000108039,XPNPEP1,0
3153,ENSG00000108055,SMC3,14
3154,ENSG00000108061,SHOC2,14
3155,ENSG00000108064,TFAM,8
3156,ENSG00000108091,CCDC6,3
3157,ENSG00000108094,CUL2,61
3158,ENSG00000108100,CCNY,2
3159,ENSG00000108107,RPL28,98
3160,ENSG00000108175,ZMIZ1,0
3161,ENSG00000108176,DNAJC12,0
3162,ENSG00000108179,PPIF,28
3163,ENSG00000108219,TSPAN14,1
3164,ENSG00000108231,LGI1,8
3165,ENSG00000108239,TBC1D12,0
3166,ENSG00000108242,CYP2C18,0
3167,ENSG00000108244,KRT23,0
3168,ENSG00000108255,CRYBA1,0
3169,ENSG00000108256,NUFIP2,24
3170,ENSG00000108262,GIT1,16
3171,ENSG00000108298,RPL19,106
3172,ENSG00000108306,FBXL20,2
3173,ENSG00000108309,RUNDC3A,1
3174,ENSG00000108312,UBTF,7
3175,ENSG00000108342,CSF3,18
3176,ENSG00000108344,PSMD3,42
3177,ENSG00000108349,CASC3,50
3178,ENSG00000108352,RAPGEFL1,0
3179,ENSG00000108370,RGS9,3
3180,ENSG00000108375,RNF43,6
3181,ENSG00000108379,WNT3,11
3182,ENSG00000108381,ASPA,1
3183,ENSG00000108384,RAD51C,8
3184,ENSG00000108389,MTMR4,3
3185,ENSG00000108395,TRIM37,0
3186,ENSG00000108405,P2RX1,10
3187,ENSG00000108406,DHX40,0
3188,ENSG00000108423,TUBD1,1
3189,ENSG00000108424,KPNB1,25
3190,ENSG00000108433,GOSR2,32
3191,ENSG00000108439,PNPO,0
3192,ENSG00000108443,RPS6KB1,6
3193,ENSG00000108465,CDK5RAP3,2
3194,ENSG00000108468,CBX1,16
3195,ENSG00000108469,RECQL5,0
3196,ENSG00000108474,PIGL,0
3197,ENSG00000108479,GALK1,0
3198,ENSG00000108506,INTS2,31
3199,ENSG00000108509,CAMTA2,0
3200,ENSG00000108510,MED13,36
3201,ENSG00000108511,HOXB6,10
3202,ENSG00000108515,ENO3,1
3203,ENSG00000108518,PFN1,18
3204,ENSG00000108523,RNF167,0
3205,ENSG00000108528,SLC25A11,0
3206,ENSG00000108551,RASD1,5
3207,ENSG00000108556,CHRNE,11
3208,ENSG00000108557,RAI1,0
3209,ENSG00000108559,NUP88,28
3210,ENSG00000108561,C1QBP,5
3211,ENSG00000108576,SLC6A4,2
3212,ENSG00000108578,BLMH,0
3213,ENSG00000108582,CPD,0
3214,ENSG00000108587,GOSR1,17
3215,ENSG00000108588,CCDC47,31
3216,ENSG00000108590,MED31,68
3217,ENSG00000108591,DRG2,1
3218,ENSG00000108592,FTSJ3,30
3219,ENSG00000108599,AKAP10,6
3220,ENSG00000108602,ALDH3A1,1
3221,ENSG00000108604,SMARCD2,32
3222,ENSG00000108622,ICAM2,7
3223,ENSG00000108639,SYNGR2,0
3224,ENSG00000108641,B9D1,13
3225,ENSG00000108651,UTP6,65
3226,ENSG00000108654,DDX5,53
3227,ENSG00000108666,C17orf75,0
3228,ENSG00000108669,CYTH1,4
3229,ENSG00000108671,PSMD11,43
3230,ENSG00000108679,LGALS3BP,3
3231,ENSG00000108684,ASIC2,4
3232,ENSG00000108688,CCL7,11
3233,ENSG00000108700,CCL8,15
3234,ENSG00000108733,PEX12,0
3235,ENSG00000108759,KRT32,0
3236,ENSG00000108771,DHX58,2
3237,ENSG00000108773,KAT2A,58
3238,ENSG00000108774,RAB5C,10
3239,ENSG00000108784,NAGLU,3
3240,ENSG00000108786,HSD17B1,6
3241,ENSG00000108788,MLX,2
3242,ENSG00000108797,CNTNAP1,3
3243,ENSG00000108798,ABI3,12
3244,ENSG00000108799,EZH1,31
3245,ENSG00000108813,DLX4,0
3246,ENSG00000108819,PPP1R9B,7
3247,ENSG00000108821,COL1A1,17
3248,ENSG00000108823,SGCA,11
3249,ENSG00000108826,MRPL27,105
3250,ENSG00000108828,VAT1,0
3251,ENSG00000108829,LRRC59,0
3252,ENSG00000108830,RND2,4
3253,ENSG00000108839,ALOX12,2
3254,ENSG00000108840,HDAC5,6
3255,ENSG00000108846,ABCC3,0
3256,ENSG00000108848,LUC7L3,17
3257,ENSG00000108849,PPY,5
3258,ENSG00000108852,MPP2,1
3259,ENSG00000108854,SMURF2,19
3260,ENSG00000108878,CACNG1,30
3261,ENSG00000108883,EFTUD2,108
3262,ENSG00000108924,HLF,0
3263,ENSG00000108932,SLC16A6,0
3264,ENSG00000108946,PRKAR1A,11
3265,ENSG00000108947,EFNB3,13
3266,ENSG00000108950,FAM20A,1
3267,ENSG00000108953,YWHAE,24
3268,ENSG00000108960,MMD,0
3269,ENSG00000108961,RANGRF,1
3270,ENSG00000108963,DPH1,2
3271,ENSG00000108984,MAP2K6,7
3272,ENSG00000109016,DHRS7B,0
3273,ENSG00000109046,WSB1,3
3274,ENSG00000109047,RCVRN,1
3275,ENSG00000109061,MYH1,14
3276,ENSG00000109062,NHERF1,25
3277,ENSG00000109063,MYH3,15
3278,ENSG00000109065,NAT9,0
3279,ENSG00000109066,TMEM104,0
3280,ENSG00000109072,VTN,36
3281,ENSG00000109079,TNFAIP1,35
3282,ENSG00000109083,IFT20,17
3283,ENSG00000109084,TMEM97,2
3284,ENSG00000109089,CDR2L,0
3285,ENSG00000109099,PMP22,0
3286,ENSG00000109101,FOXN1,0
3287,ENSG00000109103,UNC119,2
3288,ENSG00000109107,ALDOC,1
3289,ENSG00000109111,SUPT6H,39
3290,ENSG00000109113,RAB34,1
3291,ENSG00000109118,PHF12,17
3292,ENSG00000109132,PHOX2B,0
3293,ENSG00000109133,TMEM33,0
3294,ENSG00000109158,GABRA4,12
3295,ENSG00000109163,GNRHR,1
3296,ENSG00000109171,SLAIN2,1
3297,ENSG00000109180,OCIAD1,0
3298,ENSG00000109182,CWH43,0
3299,ENSG00000109184,DCUN1D4,3
3300,ENSG00000109189,USP46,8
3301,ENSG00000109193,SULT1E1,2
3302,ENSG00000109205,ODAM,1
3303,ENSG00000109220,CHIC2,0
3304,ENSG00000109255,NMU,4
3305,ENSG00000109265,CRACD,0
3306,ENSG00000109270,LAMTOR3,31
3307,ENSG00000109320,NFKB1,34
3308,ENSG00000109321,AREG,8
3309,ENSG00000109323,MANBA,0
3310,ENSG00000109339,MAPK10,0
3311,ENSG00000109381,ELF2,1
3312,ENSG00000109390,NDUFC1,61
3313,ENSG00000109424,UCP1,0
3314,ENSG00000109436,TBC1D9,0
3315,ENSG00000109445,ZNF330,0
3316,ENSG00000109452,INPP4B,0
3317,ENSG00000109458,GAB1,18
3318,ENSG00000109466,KLHL2,31
3319,ENSG00000109471,IL2,17
3320,ENSG00000109472,CPE,2
3321,ENSG00000109475,RPL34,99
3322,ENSG00000109501,WFS1,1
3323,ENSG00000109511,ANXA10,0
3324,ENSG00000109519,GRPEL1,6
3325,ENSG00000109534,GAR1,28
3326,ENSG00000109572,CLCN3,1
3327,ENSG00000109576,AADAT,2
3328,ENSG00000109586,GALNT7,0
3329,ENSG00000109606,DHX15,62
3330,ENSG00000109610,SOD3,0
3331,ENSG00000109618,SEPSECS,0
3332,ENSG00000109625,CPZ,0
3333,ENSG00000109654,TRIM2,0
3334,ENSG00000109667,SLC2A9,0
3335,ENSG00000109670,FBXW7,19
3336,ENSG00000109674,NEIL3,0
3337,ENSG00000109680,TBC1D19,1
3338,ENSG00000109684,CLNK,0
3339,ENSG00000109685,NSD2,4
3340,ENSG00000109686,SH3D19,0
3341,ENSG00000109689,STIM2,4
3342,ENSG00000109705,NKX3-2,0
3343,ENSG00000109736,MFSD10,0
3344,ENSG00000109738,GLRB,2
3345,ENSG00000109743,BST1,1
3346,ENSG00000109756,RAPGEF2,4
3347,ENSG00000109758,HGFAC,1
3348,ENSG00000109762,SNX25,0
3349,ENSG00000109771,LRP2BP,0
3350,ENSG00000109775,UFSP2,0
3351,ENSG00000109787,KLF3,1
3352,ENSG00000109790,KLHL5,1
3353,ENSG00000109794,FAM149A,0
3354,ENSG00000109805,NCAPG,6
3355,ENSG00000109814,UGDH,0
3356,ENSG00000109819,PPARGC1A,34
3357,ENSG00000109832,DDX25,0
3358,ENSG00000109846,CRYAB,3
3359,ENSG00000109851,DBX1,0
3360,ENSG00000109854,HTATIP2,0
3361,ENSG00000109861,CTSC,1
3362,ENSG00000109881,CCDC34,0
3363,ENSG00000109906,ZBTB16,9
3364,ENSG00000109911,ELP4,41
3365,ENSG00000109917,ZPR1,1
3366,ENSG00000109919,MTCH2,0
3367,ENSG00000109920,FNBP4,0
3368,ENSG00000109927,TECTA,0
3369,ENSG00000109929,SC5D,2
3370,ENSG00000109943,CRTAM,2
3371,ENSG00000109944,JHY,0
3372,ENSG00000109956,B3GAT1,1
3373,ENSG00000109971,HSPA8,81
3374,ENSG00000109991,P2RX3,10
3375,ENSG00000110011,DNAJC4,0
3376,ENSG00000110013,SIAE,0
3377,ENSG00000110025,SNX15,0
3378,ENSG00000110031,LPXN,2
3379,ENSG00000110042,DTX4,0
3380,ENSG00000110046,ATG2A,6
3381,ENSG00000110047,EHD1,8
3382,ENSG00000110048,OSBP,1
3383,ENSG00000110057,UNC93B1,4
3384,ENSG00000110060,PUS3,0
3385,ENSG00000110063,DCPS,0
3386,ENSG00000110066,KMT5B,2
3387,ENSG00000110074,FOXRED1,42
3388,ENSG00000110075,PPP6R3,4
3389,ENSG00000110076,NRXN2,11
3390,ENSG00000110080,ST3GAL4,0
3391,ENSG00000110090,CPT1A,7
3392,ENSG00000110092,CCND1,26
3393,ENSG00000110104,CCDC86,0
3394,ENSG00000110107,PRPF19,73
3395,ENSG00000110108,TMEM109,0
3396,ENSG00000110148,CCKBR,1
3397,ENSG00000110169,HPX,5
3398,ENSG00000110171,TRIM3,0
3399,ENSG00000110172,CHORDC1,2
3400,ENSG00000110195,FOLR1,0
3401,ENSG00000110218,PANX1,2
3402,ENSG00000110237,ARHGEF17,0
3403,ENSG00000110243,APOA5,20
3404,ENSG00000110244,APOA4,19
3405,ENSG00000110315,RNF141,0
3406,ENSG00000110318,CEP126,0
3407,ENSG00000110321,EIF4G2,12
3408,ENSG00000110324,IL10RA,9
3409,ENSG00000110328,GALNT18,0
3410,ENSG00000110330,BIRC2,33
3411,ENSG00000110344,UBE4A,4
3412,ENSG00000110367,DDX6,27
3413,ENSG00000110375,UPK2,2
3414,ENSG00000110395,CBL,70
3415,ENSG00000110400,NECTIN1,14
3416,ENSG00000110422,HIPK3,1
3417,ENSG00000110427,KIAA1549L,0
3418,ENSG00000110429,FBXO3,2
3419,ENSG00000110435,PDHX,7
3420,ENSG00000110436,SLC1A2,1
3421,ENSG00000110442,COMMD9,3
3422,ENSG00000110446,SLC15A3,0
3423,ENSG00000110448,CD5,6
3424,ENSG00000110455,ACCS,0
3425,ENSG00000110492,MDK,9
3426,ENSG00000110497,AMBRA1,36
3427,ENSG00000110514,MADD,2
3428,ENSG00000110536,PTPMT1,0
3429,ENSG00000110583,NAA40,2
3430,ENSG00000110619,CARS1,2
3431,ENSG00000110628,SLC22A18,0
3432,ENSG00000110651,CD81,20
3433,ENSG00000110660,SLC35F2,0
3434,ENSG00000110675,ELMOD1,0
3435,ENSG00000110680,CALCA,8
3436,ENSG00000110693,SOX6,6
3437,ENSG00000110696,C11orf58,0
3438,ENSG00000110697,PITPNM1,1
3439,ENSG00000110700,RPS13,156
3440,ENSG00000110711,AIP,8
3441,ENSG00000110713,NUP98,37
3442,ENSG00000110717,NDUFS8,68
3443,ENSG00000110719,TCIRG1,26
3444,ENSG00000110721,CHKA,4
3445,ENSG00000110723,EXPH5,1
3446,ENSG00000110756,HPS5,12
3447,ENSG00000110768,GTF2H1,69
3448,ENSG00000110777,POU2AF1,1
3449,ENSG00000110786,PTPN5,2
3450,ENSG00000110799,VWF,16
3451,ENSG00000110801,PSMD9,17
3452,ENSG00000110811,P3H3,2
3453,ENSG00000110841,PPFIBP1,2
3454,ENSG00000110844,PRPF40B,15
3455,ENSG00000110848,CD69,1
3456,ENSG00000110851,PRDM4,2
3457,ENSG00000110871,COQ5,5
3458,ENSG00000110880,CORO1C,5
3459,ENSG00000110881,ASIC1,1
3460,ENSG00000110887,DAO,2
3461,ENSG00000110888,CAPRIN2,1
3462,ENSG00000110900,TSPAN11,0
3463,ENSG00000110906,KCTD10,34
3464,ENSG00000110911,SLC11A2,2
3465,ENSG00000110917,MLEC,12
3466,ENSG00000110921,MVK,0
3467,ENSG00000110925,CSRNP2,0
3468,ENSG00000110931,CAMKK2,5
3469,ENSG00000110934,BIN2,0
3470,ENSG00000110944,IL23A,2
3471,ENSG00000110955,ATP5F1B,28
3472,ENSG00000110958,PTGES3,55
3473,ENSG00000110975,SYT10,0
3474,ENSG00000110987,BCL7A,28
3475,ENSG00000111011,RSRC2,0
3476,ENSG00000111012,CYP27B1,0
3477,ENSG00000111046,MYF6,5
3478,ENSG00000111049,MYF5,2
3479,ENSG00000111052,LIN7A,9
3480,ENSG00000111057,KRT18,5
3481,ENSG00000111058,ACSS3,2
3482,ENSG00000111077,TNS2,1
3483,ENSG00000111087,GLI1,10
3484,ENSG00000111110,PPM1H,0
3485,ENSG00000111142,METAP2,1
3486,ENSG00000111144,LTA4H,0
3487,ENSG00000111145,ELK3,0
3488,ENSG00000111181,SLC6A12,0
3489,ENSG00000111186,WNT5B,6
3490,ENSG00000111199,TRPV4,10
3491,ENSG00000111203,ITFG2,9
3492,ENSG00000111206,FOXM1,11
3493,ENSG00000111218,PRMT8,0
3494,ENSG00000111224,PARP11,0
3495,ENSG00000111229,ARPC3,16
3496,ENSG00000111231,GPN3,1
3497,ENSG00000111237,VPS29,18
3498,ENSG00000111241,FGF6,14
3499,ENSG00000111245,MYL2,7
3500,ENSG00000111247,RAD51AP1,4
3501,ENSG00000111249,CUX2,0
3502,ENSG00000111252,SH2B3,4
3503,ENSG00000111254,AKAP3,0
3504,ENSG00000111261,MANSC1,0
3505,ENSG00000111262,KCNA1,11
3506,ENSG00000111266,DUSP16,1
3507,ENSG00000111269,CREBL2,0
3508,ENSG00000111275,ALDH2,2
3509,ENSG00000111276,CDKN1B,55
3510,ENSG00000111291,GPRC5D,0
3511,ENSG00000111300,NAA25,3
3512,ENSG00000111305,GSG1,0
3513,ENSG00000111319,SCNN1A,12
3514,ENSG00000111321,LTBR,9
3515,ENSG00000111325,OGFOD2,0
3516,ENSG00000111331,OAS3,1
3517,ENSG00000111335,OAS2,2
3518,ENSG00000111339,ART4,0
3519,ENSG00000111341,MGP,2
3520,ENSG00000111344,RASAL1,0
3521,ENSG00000111348,ARHGDIB,8
3522,ENSG00000111358,GTF2H3,70
3523,ENSG00000111361,EIF2B1,6
3524,ENSG00000111364,DDX55,0
3525,ENSG00000111371,SLC38A1,1
3526,ENSG00000111404,RERGL,0
3527,ENSG00000111405,ENDOU,0
3528,ENSG00000111412,SPRING1,0
3529,ENSG00000111424,VDR,0
3530,ENSG00000111432,FZD10,11
3531,ENSG00000111445,RFC5,14
3532,ENSG00000111450,STX2,13
3533,ENSG00000111452,ADGRD1,2
3534,ENSG00000111481,COPZ1,12
3535,ENSG00000111490,TBC1D30,0
3536,ENSG00000111530,CAND1,8
3537,ENSG00000111540,RAB5B,5
3538,ENSG00000111554,MDM1,0
3539,ENSG00000111581,NUP107,27
3540,ENSG00000111596,CNOT2,13
3541,ENSG00000111602,TIMELESS,34
3542,ENSG00000111605,CPSF6,15
3543,ENSG00000111615,KRR1,67
3544,ENSG00000111639,MRPL51,98
3545,ENSG00000111641,NOP2,7
3546,ENSG00000111642,CHD4,31
3547,ENSG00000111644,ACRBP,0
3548,ENSG00000111647,BLTP3B,1
3549,ENSG00000111652,COPS7A,19
3550,ENSG00000111653,ING4,16
3551,ENSG00000111664,GNB3,25
3552,ENSG00000111665,CDCA3,1
3553,ENSG00000111666,CHPT1,1
3554,ENSG00000111667,USP5,6
3555,ENSG00000111669,TPI1,2
3556,ENSG00000111670,GNPTAB,1
3557,ENSG00000111671,SPSB2,1
3558,ENSG00000111674,ENO2,1
3559,ENSG00000111676,ATN1,2
3560,ENSG00000111678,C12orf57,1
3561,ENSG00000111679,PTPN6,15
3562,ENSG00000111684,LPCAT3,5
3563,ENSG00000111696,NT5DC3,0
3564,ENSG00000111701,APOBEC1,1
3565,ENSG00000111707,SUDS3,18
3566,ENSG00000111711,GOLT1B,0
3567,ENSG00000111713,GYS2,3
3568,ENSG00000111716,LDHB,0
3569,ENSG00000111725,PRKAB1,8
3570,ENSG00000111726,CMAS,0
3571,ENSG00000111727,HCFC2,11
3572,ENSG00000111728,ST8SIA1,0
3573,ENSG00000111729,CLEC4A,0
3574,ENSG00000111731,C2CD5,1
3575,ENSG00000111732,AICDA,0
3576,ENSG00000111737,RAB35,6
3577,ENSG00000111752,PHC1,48
3578,ENSG00000111775,COX6A1,24
3579,ENSG00000111783,RFX4,0
3580,ENSG00000111785,RIC8B,0
3581,ENSG00000111786,SRSF9,17
3582,ENSG00000111790,FGFR1OP2,9
3583,ENSG00000111799,COL12A1,5
3584,ENSG00000111802,TDP2,6
3585,ENSG00000111816,FRK,0
3586,ENSG00000111817,DSE,0
3587,ENSG00000111832,RWDD1,2
3588,ENSG00000111834,RSPH4A,2
3589,ENSG00000111837,MAK,0
3590,ENSG00000111843,TMEM14C,0
3591,ENSG00000111845,PAK1IP1,0
3592,ENSG00000111846,GCNT2,0
3593,ENSG00000111850,SMIM8,0
3594,ENSG00000111859,NEDD9,10
3595,ENSG00000111860,CEP85L,0
3596,ENSG00000111863,ADTRP,0
3597,ENSG00000111875,ASF1A,9
3598,ENSG00000111877,MCM9,11
3599,ENSG00000111879,FAM184A,0
3600,ENSG00000111880,RNGTT,7
3601,ENSG00000111885,MAN1A1,2
3602,ENSG00000111886,GABRR2,1
3603,ENSG00000111897,SERINC1,0
3604,ENSG00000111906,HDDC2,0
3605,ENSG00000111907,TPD52L1,1
3606,ENSG00000111911,HINT3,0
3607,ENSG00000111912,NCOA7,0
3608,ENSG00000111913,RIPOR2,15
3609,ENSG00000111961,SASH1,0
3610,ENSG00000111962,UST,0
3611,ENSG00000112029,FBXO5,17
3612,ENSG00000112031,MTRF1L,1
3613,ENSG00000112033,PPARD,9
3614,ENSG00000112038,OPRM1,9
3615,ENSG00000112039,FANCE,16
3616,ENSG00000112041,TULP1,0
3617,ENSG00000112053,SLC26A8,1
3618,ENSG00000112062,MAPK14,16
3619,ENSG00000112077,RHAG,5
3620,ENSG00000112078,KCTD20,0
3621,ENSG00000112079,STK38,2
3622,ENSG00000112081,SRSF3,20
3623,ENSG00000112110,MRPL18,98
3624,ENSG00000112115,IL17A,3
3625,ENSG00000112116,IL17F,4
3626,ENSG00000112118,MCM3,55
3627,ENSG00000112130,RNF8,10
3628,ENSG00000112137,PHACTR1,1
3629,ENSG00000112139,MDGA1,1
3630,ENSG00000112144,CILK1,1
3631,ENSG00000112146,FBXO9,2
3632,ENSG00000112149,CD83,0
3633,ENSG00000112159,MDN1,2
3634,ENSG00000112164,GLP1R,5
3635,ENSG00000112167,SAYSD1,0
3636,ENSG00000112175,BMP5,1
3637,ENSG00000112182,BACH2,6
3638,ENSG00000112183,RBM24,0
3639,ENSG00000112186,CAP2,2
3640,ENSG00000112195,TREML2,1
3641,ENSG00000112200,ZNF451,1
3642,ENSG00000112208,BAG2,9
3643,ENSG00000112210,RAB23,0
3644,ENSG00000112212,TSPO2,0
3645,ENSG00000112214,FHL5,0
3646,ENSG00000112218,GPR63,0
3647,ENSG00000112232,KHDRBS2,0
3648,ENSG00000112234,FBXL4,2
3649,ENSG00000112237,CCNC,33
3650,ENSG00000112238,PRDM13,0
3651,ENSG00000112242,E2F3,6
3652,ENSG00000112246,SIM1,2
3653,ENSG00000112249,ASCC3,4
3654,ENSG00000112276,BVES,1
3655,ENSG00000112280,COL9A1,4
3656,ENSG00000112282,MED23,73
3657,ENSG00000112290,WASF1,21
3658,ENSG00000112293,GPLD1,0
3659,ENSG00000112294,ALDH5A1,0
3660,ENSG00000112297,CRYBG1,0
3661,ENSG00000112299,VNN1,0
3662,ENSG00000112304,ACOT13,1
3663,ENSG00000112305,SMAP1,0
3664,ENSG00000112308,C6orf62,0
3665,ENSG00000112309,B3GAT2,1
3666,ENSG00000112312,GMNN,2
3667,ENSG00000112319,EYA4,0
3668,ENSG00000112320,SOBP,0
3669,ENSG00000112333,NR2E1,5
3670,ENSG00000112335,SNX3,8
3671,ENSG00000112337,SLC17A2,0
3672,ENSG00000112339,HBS1L,69
3673,ENSG00000112343,TRIM38,0
3674,ENSG00000112357,PEX7,3
3675,ENSG00000112365,ZBTB24,0
3676,ENSG00000112367,FIG4,3
3677,ENSG00000112378,PERP,0
3678,ENSG00000112379,ARFGEF3,1
3679,ENSG00000112394,SLC16A10,1
3680,ENSG00000112406,HECA,0
3681,ENSG00000112414,ADGRG6,0
3682,ENSG00000112419,PHACTR2,0
3683,ENSG00000112425,EPM2A,2
3684,ENSG00000112462,OR12D3,0
3685,ENSG00000112473,SLC39A7,0
3686,ENSG00000112486,CCR6,16
3687,ENSG00000112499,SLC22A2,0
3688,ENSG00000112511,PHF1,13
3689,ENSG00000112514,CUTA,0
3690,ENSG00000112530,PACRG,32
3691,ENSG00000112531,QKI,17
3692,ENSG00000112541,PDE10A,0
3693,ENSG00000112559,MDFI,0
3694,ENSG00000112561,TFEB,13
3695,ENSG00000112562,SMOC2,0
3696,ENSG00000112576,CCND3,13
3697,ENSG00000112578,BYSL,82
3698,ENSG00000112584,FAM120B,0
3699,ENSG00000112592,TBP,105
3700,ENSG00000112599,GUCA1B,0
3701,ENSG00000112619,PRPH2,1
3702,ENSG00000112624,BICRAL,25
3703,ENSG00000112640,PPP2R5D,14
3704,ENSG00000112651,MRPL2,99
3705,ENSG00000112655,PTK7,3
3706,ENSG00000112658,SRF,18
3707,ENSG00000112659,CUL9,3
3708,ENSG00000112667,DNPH1,0
3709,ENSG00000112679,DUSP22,9
3710,ENSG00000112685,EXOC2,17
3711,ENSG00000112695,COX7A2,15
3712,ENSG00000112697,TMEM30A,11
3713,ENSG00000112699,GMDS,0
3714,ENSG00000112701,SENP6,0
3715,ENSG00000112706,IMPG1,0
3716,ENSG00000112715,VEGFA,0
3717,ENSG00000112739,PRPF4B,55
3718,ENSG00000112742,TTK,3
3719,ENSG00000112759,SLC29A1,2
3720,ENSG00000112761,CCN6,0
3721,ENSG00000112769,LAMA4,10
3722,ENSG00000112773,TENT5A,0
3723,ENSG00000112787,FBRSL1,0
3724,ENSG00000112796,ENPP5,0
3725,ENSG00000112799,LY86,2
3726,ENSG00000112812,PRSS16,0
3727,ENSG00000112837,TBX18,0
3728,ENSG00000112851,ERBIN,6
3729,ENSG00000112852,PCDHB2,0
3730,ENSG00000112855,HARS2,1
3731,ENSG00000112874,NUDT12,4
3732,ENSG00000112877,CEP72,0
3733,ENSG00000112893,MAN2A1,1
3734,ENSG00000112902,SEMA5A,3
3735,ENSG00000112936,C7,21
3736,ENSG00000112941,TENT4A,2
3737,ENSG00000112964,GHR,7
3738,ENSG00000112972,HMGCS1,1
3739,ENSG00000112977,DAP,0
3740,ENSG00000112981,NME5,0
3741,ENSG00000112983,BRD8,41
3742,ENSG00000112984,KIF20A,6
3743,ENSG00000112996,MRPS30,100
3744,ENSG00000113013,HSPA9,45
3745,ENSG00000113048,MRPS27,93
3746,ENSG00000113068,PFDN1,13
3747,ENSG00000113070,HBEGF,10
3748,ENSG00000113073,SLC4A9,0
3749,ENSG00000113083,LOX,1
3750,ENSG00000113088,GZMK,0
3751,ENSG00000113100,CDH9,2
3752,ENSG00000113108,APBB3,1
3753,ENSG00000113119,TMCO6,0
3754,ENSG00000113140,SPARC,7
3755,ENSG00000113161,HMGCR,3
3756,ENSG00000113163,CERT1,3
3757,ENSG00000113194,FAF2,22
3758,ENSG00000113196,HAND1,0
3759,ENSG00000113205,PCDHB3,0
3760,ENSG00000113211,PCDHB6,0
3761,ENSG00000113212,PCDHB7,0
3762,ENSG00000113231,PDE8B,1
3763,ENSG00000113240,CLK4,1
3764,ENSG00000113248,PCDHB15,0
3765,ENSG00000113262,GRM6,1
3766,ENSG00000113263,ITK,11
3767,ENSG00000113269,RNF130,0
3768,ENSG00000113272,THG1L,0
3769,ENSG00000113273,ARSB,2
3770,ENSG00000113282,CLINT1,11
3771,ENSG00000113296,THBS4,2
3772,ENSG00000113300,CNOT6,15
3773,ENSG00000113302,IL12B,3
3774,ENSG00000113312,TTC1,1
3775,ENSG00000113318,MSH3,32
3776,ENSG00000113319,RASGRF2,1
3777,ENSG00000113327,GABRG2,6
3778,ENSG00000113328,CCNG1,5
3779,ENSG00000113360,DROSHA,34
3780,ENSG00000113361,CDH6,9
3781,ENSG00000113368,LMNB1,9
3782,ENSG00000113369,ARRDC3,2
3783,ENSG00000113384,GOLPH3,3
3784,ENSG00000113387,SUB1,1
3785,ENSG00000113389,NPR3,3
3786,ENSG00000113391,ARB2A,0
3787,ENSG00000113396,SLC27A6,0
3788,ENSG00000113407,TARS1,3
3789,ENSG00000113430,IRX4,0
3790,ENSG00000113441,LNPEP,1
3791,ENSG00000113448,PDE4D,7
3792,ENSG00000113456,RAD1,10
3793,ENSG00000113460,BRIX1,24
3794,ENSG00000113492,AGXT2,6
3795,ENSG00000113494,PRLR,3
3796,ENSG00000113504,SLC12A7,0
3797,ENSG00000113522,RAD50,10
3798,ENSG00000113525,IL5,8
3799,ENSG00000113532,ST8SIA4,0
3800,ENSG00000113552,GNPDA1,3
3801,ENSG00000113555,PCDH12,0
3802,ENSG00000113558,SKP1,95
3803,ENSG00000113569,NUP155,30
3804,ENSG00000113575,PPP2CA,85
3805,ENSG00000113578,FGF1,11
3806,ENSG00000113580,NR3C1,38
3807,ENSG00000113583,C5orf15,0
3808,ENSG00000113593,PPWD1,36
3809,ENSG00000113594,LIFR,10
3810,ENSG00000113595,TRIM23,5
3811,ENSG00000113597,TRAPPC13,11
3812,ENSG00000113600,C9,22
3813,ENSG00000113615,SEC24A,16
3814,ENSG00000113621,TXNDC15,0
3815,ENSG00000113638,TTC33,0
3816,ENSG00000113643,RARS1,18
3817,ENSG00000113645,WWC1,9
3818,ENSG00000113648,MACROH2A1,5
3819,ENSG00000113649,TCERG1,65
3820,ENSG00000113657,DPYSL3,13
3821,ENSG00000113658,SMAD5,8
3822,ENSG00000113712,CSNK1A1,43
3823,ENSG00000113716,HMGXB3,0
3824,ENSG00000113719,ERGIC1,1
3825,ENSG00000113721,PDGFRB,26
3826,ENSG00000113722,CDX1,0
3827,ENSG00000113732,ATP6V0E1,24
3828,ENSG00000113734,BNIP1,32
3829,ENSG00000113739,STC2,1
3830,ENSG00000113742,CPEB4,1
3831,ENSG00000113749,HRH2,0
3832,ENSG00000113758,DBN1,4
3833,ENSG00000113761,ZNF346,3
3834,ENSG00000113763,UNC5A,9
3835,ENSG00000113790,EHHADH,7
3836,ENSG00000113805,CNTN3,1
3837,ENSG00000113810,SMC4,8
3838,ENSG00000113811,SELENOK,2
3839,ENSG00000113812,ACTR8,21
3840,ENSG00000113838,TBCCD1,0
3841,ENSG00000113845,TIMMDC1,30
3842,ENSG00000113851,CRBN,34
3843,ENSG00000113905,HRG,2
3844,ENSG00000113916,BCL6,15
3845,ENSG00000113924,HGD,0
3846,ENSG00000113946,CLDN16,6
3847,ENSG00000113966,ARL6,1
3848,ENSG00000113971,NPHP3,4
3849,ENSG00000114019,AMOTL2,7
3850,ENSG00000114021,NIT2,0
3851,ENSG00000114023,FAM162A,0
3852,ENSG00000114026,OGG1,1
3853,ENSG00000114030,KPNA1,11
3854,ENSG00000114054,PCCB,5
3855,ENSG00000114062,UBE3A,14
3856,ENSG00000114098,ARMC8,9
3857,ENSG00000114107,CEP70,1
3858,ENSG00000114113,RBP2,0
3859,ENSG00000114115,RBP1,0
3860,ENSG00000114120,SLC25A36,0
3861,ENSG00000114126,TFDP2,18
3862,ENSG00000114127,XRN1,17
3863,ENSG00000114166,KAT2B,74
3864,ENSG00000114200,BCHE,1
3865,ENSG00000114204,SERPINI2,0
3866,ENSG00000114209,PDCD10,21
3867,ENSG00000114248,LRRC31,0
3868,ENSG00000114251,WNT5A,19
3869,ENSG00000114268,PFKFB4,3
3870,ENSG00000114279,FGF12,3
3871,ENSG00000114302,PRKAR2A,14
3872,ENSG00000114315,HES1,13
3873,ENSG00000114316,USP4,7
3874,ENSG00000114331,ACAP2,1
3875,ENSG00000114346,ECT2,4
3876,ENSG00000114349,GNAT1,8
3877,ENSG00000114353,GNAI2,34
3878,ENSG00000114354,TFG,4
3879,ENSG00000114374,USP9Y,0
3880,ENSG00000114378,HYAL1,0
3881,ENSG00000114383,TUSC2,0
3882,ENSG00000114388,NPRL2,19
3883,ENSG00000114391,RPL24,101
3884,ENSG00000114395,CYB561D2,0
3885,ENSG00000114405,CEP15,0
3886,ENSG00000114416,FXR1,17
3887,ENSG00000114423,CBLB,0
3888,ENSG00000114439,BBX,0
3889,ENSG00000114446,IFT57,16
3890,ENSG00000114450,GNB4,28
3891,ENSG00000114473,IQCG,1
3892,ENSG00000114480,GBE1,0
3893,ENSG00000114487,MORC1,0
3894,ENSG00000114491,UMPS,0
3895,ENSG00000114503,NCBP2,73
3896,ENSG00000114520,SNX4,32
3897,ENSG00000114529,C3orf52,0
3898,ENSG00000114541,FRMD4B,1
3899,ENSG00000114544,SLC41A3,0
3900,ENSG00000114554,PLXNA1,20
3901,ENSG00000114573,ATP6V1A,32
3902,ENSG00000114626,ABTB1,1
3903,ENSG00000114631,PODXL2,0
3904,ENSG00000114638,UPK1B,2
3905,ENSG00000114646,CSPG5,0
3906,ENSG00000114648,KLHL18,0
3907,ENSG00000114650,SCAP,4
3908,ENSG00000114654,EFCC1,0
3909,ENSG00000114656,CFAP92,0
3910,ENSG00000114670,NEK11,0
3911,ENSG00000114686,MRPL3,104
3912,ENSG00000114698,PLSCR4,0
3913,ENSG00000114735,HEMK1,1
3914,ENSG00000114737,CISH,5
3915,ENSG00000114738,MAPKAPK3,3
3916,ENSG00000114739,ACVR2B,21
3917,ENSG00000114742,WDR48,11
3918,ENSG00000114744,COMMD2,6
3919,ENSG00000114745,GORASP1,2
3920,ENSG00000114757,PEX5L,3
3921,ENSG00000114767,RRP9,76
3922,ENSG00000114770,ABCC5,0
3923,ENSG00000114771,AADAC,0
3924,ENSG00000114779,ABHD14B,0
3925,ENSG00000114784,EIF1B,9
3926,ENSG00000114790,ARHGEF26,0
3927,ENSG00000114796,KLHL24,31
3928,ENSG00000114805,PLCH1,0
3929,ENSG00000114812,VIPR1,8
3930,ENSG00000114841,DNAH1,11
3931,ENSG00000114850,SSR3,14
3932,ENSG00000114853,ZBTB47,0
3933,ENSG00000114854,TNNC1,9
3934,ENSG00000114857,NKTR,0
3935,ENSG00000114859,CLCN2,0
3936,ENSG00000114861,FOXP1,0
3937,ENSG00000114867,EIF4G1,79
3938,ENSG00000114902,SPCS1,3
3939,ENSG00000114904,NEK4,1
3940,ENSG00000114923,SLC4A3,0
3941,ENSG00000114933,INO80D,21
3942,ENSG00000114942,EEF1B2,0
3943,ENSG00000114948,ADAM23,5
3944,ENSG00000114956,DGUOK,8
3945,ENSG00000114978,MOB1A,7
3946,ENSG00000114982,KANSL3,30
3947,ENSG00000114988,LMAN2L,0
3948,ENSG00000114993,RTKN,4
3949,ENSG00000114999,TTL,5
3950,ENSG00000115008,IL1A,18
3951,ENSG00000115009,CCL20,16
3952,ENSG00000115020,PIKFYVE,3
3953,ENSG00000115041,KCNIP3,5
3954,ENSG00000115042,FAHD2A,0
3955,ENSG00000115053,NCL,21
3956,ENSG00000115073,ACTR1B,9
3957,ENSG00000115084,SLC35F5,0
3958,ENSG00000115085,ZAP70,30
3959,ENSG00000115091,ACTR3,21
3960,ENSG00000115107,STEAP3,1
3961,ENSG00000115109,EPB41L5,0
3962,ENSG00000115112,TFCP2L1,0
3963,ENSG00000115128,SF3B6,87
3964,ENSG00000115137,DNAJC27,0
3965,ENSG00000115138,POMC,17
3966,ENSG00000115145,STAM2,30
3967,ENSG00000115155,OTOF,7
3968,ENSG00000115159,GPD2,0
3969,ENSG00000115163,CENPA,25
3970,ENSG00000115165,CYTIP,2
3971,ENSG00000115170,ACVR1,24
3972,ENSG00000115183,TANC1,1
3973,ENSG00000115194,SLC30A3,0
3974,ENSG00000115204,MPV17,2
3975,ENSG00000115207,GTF3C2,6
3976,ENSG00000115211,EIF2B4,6
3977,ENSG00000115216,NRBP1,0
3978,ENSG00000115221,ITGB6,27
3979,ENSG00000115226,FNDC4,0
3980,ENSG00000115232,ITGA4,29
3981,ENSG00000115233,PSMD14,47
3982,ENSG00000115234,SNX17,3
3983,ENSG00000115239,ASB3,0
3984,ENSG00000115241,PPM1G,1
3985,ENSG00000115252,PDE1A,2
3986,ENSG00000115257,PCSK4,0
3987,ENSG00000115263,GCG,8
3988,ENSG00000115266,APC2,16
3989,ENSG00000115267,IFIH1,18
3990,ENSG00000115268,RPS15,130
3991,ENSG00000115271,GCA,0
3992,ENSG00000115274,INO80B,21
3993,ENSG00000115275,MOGS,0
3994,ENSG00000115286,NDUFS7,66
3995,ENSG00000115289,PCGF1,32
3996,ENSG00000115290,GRB14,3
3997,ENSG00000115295,CLIP4,0
3998,ENSG00000115297,TLX2,0
3999,ENSG00000115306,SPTBN1,16
4000,ENSG00000115307,AUP1,7
4001,ENSG00000115310,RTN4,8
4002,ENSG00000115317,HTRA2,5
4003,ENSG00000115318,LOXL3,0
4004,ENSG00000115325,DOK1,4
4005,ENSG00000115339,GALNT3,0
4006,ENSG00000115350,POLE4,47
4007,ENSG00000115353,TACR1,5
4008,ENSG00000115355,CCDC88A,0
4009,ENSG00000115361,ACADL,6
4010,ENSG00000115363,EVA1A,0
4011,ENSG00000115364,MRPL19,106
4012,ENSG00000115365,LANCL1,1
4013,ENSG00000115368,WDR75,65
4014,ENSG00000115380,EFEMP1,2
4015,ENSG00000115392,FANCL,14
4016,ENSG00000115414,FN1,95
4017,ENSG00000115415,STAT1,39
4018,ENSG00000115419,GLS,2
4019,ENSG00000115421,PAPOLG,7
4020,ENSG00000115423,DNAH6,0
4021,ENSG00000115425,PECR,1
4022,ENSG00000115446,UNC50,0
4023,ENSG00000115457,IGFBP2,4
4024,ENSG00000115459,ELMOD3,0
4025,ENSG00000115461,IGFBP5,6
4026,ENSG00000115464,USP34,4
4027,ENSG00000115468,EFHD1,0
4028,ENSG00000115474,KCNJ13,4
4029,ENSG00000115484,CCT4,48
4030,ENSG00000115486,GGCX,0
4031,ENSG00000115488,NEU2,0
4032,ENSG00000115504,EHBP1,3
4033,ENSG00000115507,OTX1,0
4034,ENSG00000115514,TXNDC9,4
4035,ENSG00000115520,COQ10B,0
4036,ENSG00000115524,SF3B1,103
4037,ENSG00000115525,ST3GAL5,0
4038,ENSG00000115526,CHST10,0
4039,ENSG00000115539,PDCL3,9
4040,ENSG00000115540,MOB4,27
4041,ENSG00000115548,KDM3A,4
4042,ENSG00000115556,PLCD4,3
4043,ENSG00000115561,CHMP3,28
4044,ENSG00000115568,ZNF142,0
4045,ENSG00000115590,IL1R2,5
4046,ENSG00000115592,PRKAG3,6
4047,ENSG00000115593,SMYD1,0
4048,ENSG00000115594,IL1R1,18
4049,ENSG00000115596,WNT6,5
4050,ENSG00000115598,IL1RL2,6
4051,ENSG00000115602,IL1RL1,4
4052,ENSG00000115604,IL18R1,6
4053,ENSG00000115607,IL18RAP,2
4054,ENSG00000115616,SLC9A2,0
4055,ENSG00000115641,FHL2,4
4056,ENSG00000115648,MLPH,3
4057,ENSG00000115649,CNPPD1,0
4058,ENSG00000115652,UXS1,1
4059,ENSG00000115657,ABCB6,16
4060,ENSG00000115661,STK16,0
4061,ENSG00000115665,SLC5A7,0
4062,ENSG00000115677,HDLBP,2
4063,ENSG00000115687,PASK,0
4064,ENSG00000115694,STK25,20
4065,ENSG00000115705,TPO,0
4066,ENSG00000115738,ID2,4
4067,ENSG00000115750,TAF1B,5
4068,ENSG00000115758,ODC1,4
4069,ENSG00000115760,BIRC6,1
4070,ENSG00000115761,NOL10,59
4071,ENSG00000115762,PLEKHB2,0
4072,ENSG00000115806,GORASP2,2
4073,ENSG00000115808,STRN,26
4074,ENSG00000115816,CEBPZ,2
4075,ENSG00000115825,PRKD3,2
4076,ENSG00000115827,DCAF17,26
4077,ENSG00000115828,QPCT,0
4078,ENSG00000115839,RAB3GAP1,1
4079,ENSG00000115840,SLC25A12,1
4080,ENSG00000115841,RMDN2,0
4081,ENSG00000115844,DLX2,1
4082,ENSG00000115850,LCT,1
4083,ENSG00000115866,DARS1,11
4084,ENSG00000115875,SRSF7,17
4085,ENSG00000115884,SDC1,25
4086,ENSG00000115896,PLCL1,13
4087,ENSG00000115902,SLC1A4,0
4088,ENSG00000115904,SOS1,36
4089,ENSG00000115919,KYNU,0
4090,ENSG00000115935,WIPF1,10
4091,ENSG00000115942,ORC2,22
4092,ENSG00000115944,COX7A2L,21
4093,ENSG00000115946,PNO1,81
4094,ENSG00000115947,ORC4,18
4095,ENSG00000115956,PLEK,0
4096,ENSG00000115963,RND3,7
4097,ENSG00000115966,ATF2,49
4098,ENSG00000115970,THADA,0
4099,ENSG00000115977,AAK1,8
4100,ENSG00000115993,TRAK2,17
4101,ENSG00000115998,C2orf42,0
4102,ENSG00000116001,TIA1,11
4103,ENSG00000116005,PCYOX1,18
4104,ENSG00000116014,KISS1R,0
4105,ENSG00000116016,EPAS1,20
4106,ENSG00000116017,ARID3A,1
4107,ENSG00000116030,SUMO1,16
4108,ENSG00000116031,CD207,1
4109,ENSG00000116032,GRIN3B,22
4110,ENSG00000116035,VAX2,0
4111,ENSG00000116039,ATP6V1B1,31
4112,ENSG00000116044,NFE2L2,12
4113,ENSG00000116062,MSH6,33
4114,ENSG00000116095,PLEKHA3,0
4115,ENSG00000116096,SPR,0
4116,ENSG00000116106,EPHA4,15
4117,ENSG00000116117,PARD3B,0
4118,ENSG00000116120,FARSB,2
4119,ENSG00000116128,BCL9,14
4120,ENSG00000116132,PRRX1,0
4121,ENSG00000116133,DHCR24,0
4122,ENSG00000116138,DNAJC16,0
4123,ENSG00000116141,MARK1,0
4124,ENSG00000116147,TNR,1
4125,ENSG00000116151,MORN1,0
4126,ENSG00000116157,GPX7,8
4127,ENSG00000116161,CACYBP,11
4128,ENSG00000116171,SCP2,5
4129,ENSG00000116176,TPSG1,0
4130,ENSG00000116183,PAPPA2,0
4131,ENSG00000116191,RALGPS2,0
4132,ENSG00000116194,ANGPTL1,0
4133,ENSG00000116198,CEP104,0
4134,ENSG00000116199,FAM20B,0
4135,ENSG00000116205,TCEANC2,0
4136,ENSG00000116209,TMEM59,1
4137,ENSG00000116212,LRRC42,0
4138,ENSG00000116213,WRAP73,0
4139,ENSG00000116218,NPHS2,8
4140,ENSG00000116221,MRPL37,98
4141,ENSG00000116237,ICMT,0
4142,ENSG00000116251,RPL22,101
4143,ENSG00000116254,CHD5,13
4144,ENSG00000116260,QSOX1,0
4145,ENSG00000116266,STXBP3,2
4146,ENSG00000116273,PHF13,0
4147,ENSG00000116285,ERRFI1,1
4148,ENSG00000116288,PARK7,13
4149,ENSG00000116299,ELAPOR1,0
4150,ENSG00000116329,OPRD1,5
4151,ENSG00000116337,AMPD2,2
4152,ENSG00000116350,SRSF4,16
4153,ENSG00000116353,MECR,7
4154,ENSG00000116396,KCNC4,1
4155,ENSG00000116406,EDEM3,2
4156,ENSG00000116455,WDR77,13
4157,ENSG00000116459,ATP5PB,18
4158,ENSG00000116473,RAP1A,14
4159,ENSG00000116478,HDAC1,160
4160,ENSG00000116497,S100PBP,0
4161,ENSG00000116514,RNF19B,0
4162,ENSG00000116521,SCAMP3,1
4163,ENSG00000116525,TRIM62,0
4164,ENSG00000116539,ASH1L,0
4165,ENSG00000116544,DLGAP3,2
4166,ENSG00000116560,SFPQ,8
4167,ENSG00000116574,RHOU,6
4168,ENSG00000116584,ARHGEF2,6
4169,ENSG00000116586,LAMTOR2,30
4170,ENSG00000116604,MEF2D,13
4171,ENSG00000116641,DOCK7,3
4172,ENSG00000116649,SRM,0
4173,ENSG00000116661,FBXO2,9
4174,ENSG00000116663,FBXO6,4
4175,ENSG00000116667,C1orf21,0
4176,ENSG00000116668,SWT1,0
4177,ENSG00000116670,MAD2L2,30
4178,ENSG00000116675,DNAJC6,2
4179,ENSG00000116678,LEPR,6
4180,ENSG00000116679,IVNS1ABP,2
4181,ENSG00000116685,KIAA2013,0
4182,ENSG00000116688,MFN2,19
4183,ENSG00000116690,PRG4,1
4184,ENSG00000116691,MIIP,0
4185,ENSG00000116698,SMG7,5
4186,ENSG00000116701,NCF2,20
4187,ENSG00000116703,PDC,3
4188,ENSG00000116704,SLC35D1,0
4189,ENSG00000116711,PLA2G4A,0
4190,ENSG00000116717,GADD45A,11
4191,ENSG00000116729,WLS,12
4192,ENSG00000116731,PRDM2,0
4193,ENSG00000116741,RGS2,1
4194,ENSG00000116745,RPE65,0
4195,ENSG00000116747,RO60,2
4196,ENSG00000116748,AMPD1,2
4197,ENSG00000116750,UCHL5,58
4198,ENSG00000116752,BCAS2,65
4199,ENSG00000116754,SRSF11,17
4200,ENSG00000116761,CTH,2
4201,ENSG00000116771,AGMAT,0
4202,ENSG00000116774,OLFML3,0
4203,ENSG00000116783,TNNI3K,1
4204,ENSG00000116786,PLEKHM2,1
4205,ENSG00000116791,CRYZ,0
4206,ENSG00000116793,PHTF1,0
4207,ENSG00000116809,ZBTB17,5
4208,ENSG00000116819,TFAP2E,0
4209,ENSG00000116824,CD2,9
4210,ENSG00000116830,TTF2,36
4211,ENSG00000116833,NR5A2,8
4212,ENSG00000116852,KIF21B,0
4213,ENSG00000116857,TMEM9,0
4214,ENSG00000116863,ADPRS,0
4215,ENSG00000116871,MAP7D1,0
4216,ENSG00000116874,WARS2,1
4217,ENSG00000116882,HAO2,3
4218,ENSG00000116885,OSCP1,0
4219,ENSG00000116898,MRPS15,98
4220,ENSG00000116903,EXOC8,15
4221,ENSG00000116906,GNPAT,2
4222,ENSG00000116918,TSNAX,2
4223,ENSG00000116922,AIRIM,1
4224,ENSG00000116954,RRAGC,21
4225,ENSG00000116962,NID1,9
4226,ENSG00000116977,LGALS8,2
4227,ENSG00000116981,NT5C1A,10
4228,ENSG00000116983,HPCAL4,0
4229,ENSG00000116984,MTR,2
4230,ENSG00000116990,MYCL,2
4231,ENSG00000116991,SIPA1L2,0
4232,ENSG00000117000,RLF,0
4233,ENSG00000117009,KMO,0
4234,ENSG00000117013,KCNQ4,9
4235,ENSG00000117016,RIMS3,0
4236,ENSG00000117020,AKT3,3
4237,ENSG00000117036,ETV3,0
4238,ENSG00000117054,ACADM,2
4239,ENSG00000117069,ST6GALNAC5,0
4240,ENSG00000117090,SLAMF1,5
4241,ENSG00000117114,ADGRL2,16
4242,ENSG00000117115,PADI2,0
4243,ENSG00000117118,SDHB,7
4244,ENSG00000117122,MFAP2,4
4245,ENSG00000117133,RPF1,24
4246,ENSG00000117139,KDM5B,7
4247,ENSG00000117143,UAP1,0
4248,ENSG00000117151,CTBS,0
4249,ENSG00000117152,RGS4,4
4250,ENSG00000117153,KLHL12,43
4251,ENSG00000117154,IGSF21,0
4252,ENSG00000117155,SSX2IP,3
4253,ENSG00000117174,ZNHIT6,5
4254,ENSG00000117215,PLA2G2D,1
4255,ENSG00000117222,RBBP5,47
4256,ENSG00000117245,KIF17,4
4257,ENSG00000117266,CDK18,0
4258,ENSG00000117280,RAB29,3
4259,ENSG00000117281,CD160,1
4260,ENSG00000117298,ECE1,0
4261,ENSG00000117305,HMGCL,1
4262,ENSG00000117308,GALE,0
4263,ENSG00000117318,ID3,1
4264,ENSG00000117360,PRPF3,58
4265,ENSG00000117362,APH1A,8
4266,ENSG00000117385,P3H1,2
4267,ENSG00000117394,SLC2A1,6
4268,ENSG00000117395,EBNA1BP2,32
4269,ENSG00000117399,CDC20,44
4270,ENSG00000117400,MPL,2
4271,ENSG00000117407,ARTN,8
4272,ENSG00000117408,IPO13,2
4273,ENSG00000117410,ATP6V0B,35
4274,ENSG00000117411,B4GALT2,3
4275,ENSG00000117419,ERI3,0
4276,ENSG00000117425,PTCH2,9
4277,ENSG00000117448,AKR1A1,0
4278,ENSG00000117450,PRDX1,2
4279,ENSG00000117461,PIK3R3,22
4280,ENSG00000117472,TSPAN1,1
4281,ENSG00000117475,BLZF1,4
4282,ENSG00000117477,CCDC181,0
4283,ENSG00000117479,SLC19A2,2
4284,ENSG00000117480,FAAH,2
4285,ENSG00000117500,TMED5,3
4286,ENSG00000117501,MROH9,0
4287,ENSG00000117505,DR1,34
4288,ENSG00000117519,CNN3,0
4289,ENSG00000117523,PRRC2C,0
4290,ENSG00000117525,F3,5
4291,ENSG00000117528,ABCD3,4
4292,ENSG00000117533,VAMP4,27
4293,ENSG00000117543,DPH5,0
4294,ENSG00000117560,FASLG,10
4295,ENSG00000117569,PTBP2,3
4296,ENSG00000117593,DARS2,4
4297,ENSG00000117594,HSD11B1,1
4298,ENSG00000117595,IRF6,0
4299,ENSG00000117597,UTP25,22
4300,ENSG00000117598,PLPPR5,0
4301,ENSG00000117600,PLPPR4,0
4302,ENSG00000117601,SERPINC1,5
4303,ENSG00000117602,RCAN3,0
4304,ENSG00000117614,SYF2,52
4305,ENSG00000117616,RSRP1,0
4306,ENSG00000117620,SLC35A3,0
4307,ENSG00000117625,RCOR3,5
4308,ENSG00000117632,STMN1,3
4309,ENSG00000117640,MTFR1L,0
4310,ENSG00000117643,MAN1C1,2
4311,ENSG00000117650,NEK2,17
4312,ENSG00000117676,RPS6KA1,7
4313,ENSG00000117682,DHDDS,1
4314,ENSG00000117691,NENF,0
4315,ENSG00000117697,NSL1,12
4316,ENSG00000117707,PROX1,0
4317,ENSG00000117713,ARID1A,37
4318,ENSG00000117724,CENPF,10
4319,ENSG00000117748,RPA2,44
4320,ENSG00000117751,PPP1R8,19
4321,ENSG00000117758,STX12,32
4322,ENSG00000117791,MTARC2,0
4323,ENSG00000117834,SLC5A9,0
4324,ENSG00000117859,OSBPL9,1
4325,ENSG00000117862,TXNDC12,7
4326,ENSG00000117868,ESYT2,2
4327,ENSG00000117899,MESD,0
4328,ENSG00000117906,RCN2,0
4329,ENSG00000117971,CHRNB4,11
4330,ENSG00000117984,CTSD,3
4331,ENSG00000118004,COLEC11,5
4332,ENSG00000118007,STAG1,14
4333,ENSG00000118017,A4GNT,0
4334,ENSG00000118046,STK11,12
4335,ENSG00000118058,KMT2A,45
4336,ENSG00000118094,TREH,0
4337,ENSG00000118096,IFT46,15
4338,ENSG00000118113,MMP8,1
4339,ENSG00000118137,APOA1,37
4340,ENSG00000118156,ZNF541,0
4341,ENSG00000118160,SLC8A2,2
4342,ENSG00000118162,KPTN,11
4343,ENSG00000118181,RPS25,114
4344,ENSG00000118193,KIF14,5
4345,ENSG00000118194,TNNT2,12
4346,ENSG00000118197,DDX59,0
4347,ENSG00000118200,CAMSAP2,0
4348,ENSG00000118217,ATF6,8
4349,ENSG00000118242,MREG,0
4350,ENSG00000118245,TNP1,0
4351,ENSG00000118246,FASTKD2,4
4352,ENSG00000118257,NRP2,18
4353,ENSG00000118260,CREB1,42
4354,ENSG00000118263,KLF7,0
4355,ENSG00000118271,TTR,9
4356,ENSG00000118276,B4GALT6,2
4357,ENSG00000118292,C1orf54,0
4358,ENSG00000118298,CA14,0
4359,ENSG00000118307,DNAI7,11
4360,ENSG00000118308,IRAG2,0
4361,ENSG00000118322,ATP10B,6
4362,ENSG00000118363,SPCS2,3
4363,ENSG00000118369,USP35,1
4364,ENSG00000118402,ELOVL4,7
4365,ENSG00000118407,FILIP1,1
4366,ENSG00000118412,CASP8AP2,1
4367,ENSG00000118418,HMGN3,0
4368,ENSG00000118420,UBE3D,0
4369,ENSG00000118432,CNR1,8
4370,ENSG00000118434,SPACA1,0
4371,ENSG00000118454,ANKRD13C,0
4372,ENSG00000118473,SGIP1,34
4373,ENSG00000118482,PHF3,0
4374,ENSG00000118491,ZC2HC1B,0
4375,ENSG00000118492,ADGB,0
4376,ENSG00000118496,FBXO30,1
4377,ENSG00000118503,TNFAIP3,18
4378,ENSG00000118507,AKAP7,5
4379,ENSG00000118513,MYB,11
4380,ENSG00000118514,ALDH8A1,0
4381,ENSG00000118515,SGK1,5
4382,ENSG00000118518,RNF146,5
4383,ENSG00000118520,ARG1,1
4384,ENSG00000118523,CCN2,5
4385,ENSG00000118526,TCF21,0
4386,ENSG00000118557,PMFBP1,0
4387,ENSG00000118564,FBXL5,4
4388,ENSG00000118579,MED28,71
4389,ENSG00000118596,SLC16A7,3
4390,ENSG00000118600,RXYLT1,0
4391,ENSG00000118640,VAMP8,32
4392,ENSG00000118655,DCLRE1B,2
4393,ENSG00000118680,MYL12B,12
4394,ENSG00000118689,FOXO3,32
4395,ENSG00000118690,ARMC2,0
4396,ENSG00000118702,GHRH,3
4397,ENSG00000118705,RPN2,20
4398,ENSG00000118707,TGIF2,2
4399,ENSG00000118729,CASQ2,6
4400,ENSG00000118733,OLFM3,1
4401,ENSG00000118762,PKD2,7
4402,ENSG00000118785,SPP1,20
4403,ENSG00000118804,STBD1,1
4404,ENSG00000118816,CCNI,0
4405,ENSG00000118849,RARRES1,0
4406,ENSG00000118855,MFSD1,0
4407,ENSG00000118873,RAB3GAP2,1
4408,ENSG00000118898,PPL,7
4409,ENSG00000118900,UBN1,4
4410,ENSG00000118922,KLF12,0
4411,ENSG00000118946,PCDH17,0
4412,ENSG00000118960,HS1BP3,0
4413,ENSG00000118961,LDAH,0
4414,ENSG00000118965,WDR35,11
4415,ENSG00000118971,CCND2,8
4416,ENSG00000118972,FGF23,6
4417,ENSG00000118985,ELL2,36
4418,ENSG00000119004,CYP20A1,0
4419,ENSG00000119013,NDUFB3,63
4420,ENSG00000119041,GTF3C3,7
4421,ENSG00000119042,SATB2,2
4422,ENSG00000119048,UBE2B,14
4423,ENSG00000119121,TRPM6,1
4424,ENSG00000119125,GDA,0
4425,ENSG00000119138,KLF9,2
4426,ENSG00000119139,TJP2,20
4427,ENSG00000119147,ECRG4,0
4428,ENSG00000119185,ITGB1BP1,3
4429,ENSG00000119203,CPSF3,26
4430,ENSG00000119231,SENP5,0
4431,ENSG00000119242,CCDC92,0
4432,ENSG00000119280,C1orf198,5
4433,ENSG00000119283,TRIM67,0
4434,ENSG00000119285,HEATR1,65
4435,ENSG00000119314,PTBP3,0
4436,ENSG00000119318,RAD23B,38
4437,ENSG00000119321,FKBP15,0
4438,ENSG00000119326,CTNNAL1,1
4439,ENSG00000119328,ABITRAM,0
4440,ENSG00000119333,DYNC2I2,15
4441,ENSG00000119383,PTPA,15
4442,ENSG00000119392,GLE1,6
4443,ENSG00000119396,RAB14,2
4444,ENSG00000119397,CNTRL,10
4445,ENSG00000119401,TRIM32,4
4446,ENSG00000119402,FBXW2,3
4447,ENSG00000119403,PHF19,13
4448,ENSG00000119408,NEK6,1
4449,ENSG00000119411,BSPRY,0
4450,ENSG00000119414,PPP6C,7
4451,ENSG00000119421,NDUFA8,64
4452,ENSG00000119431,HDHD3,0
4453,ENSG00000119446,RBM18,0
4454,ENSG00000119457,SLC46A2,0
4455,ENSG00000119471,HSDL2,0
4456,ENSG00000119487,MAPKAP1,12
4457,ENSG00000119508,NR4A3,0
4458,ENSG00000119509,INVS,9
4459,ENSG00000119514,GALNT12,0
4460,ENSG00000119522,DENND1A,2
4461,ENSG00000119523,ALG2,0
4462,ENSG00000119535,CSF3R,11
4463,ENSG00000119537,KDSR,0
4464,ENSG00000119541,VPS4B,10
4465,ENSG00000119547,ONECUT2,0
4466,ENSG00000119559,C19orf25,0
4467,ENSG00000119574,ZBTB45,0
4468,ENSG00000119596,YLPM1,0
4469,ENSG00000119608,PROX2,0
4470,ENSG00000119614,VSX2,0
4471,ENSG00000119630,PGF,10
4472,ENSG00000119636,BBOF1,0
4473,ENSG00000119638,NEK9,5
4474,ENSG00000119650,IFT43,7
4475,ENSG00000119655,NPC2,2
4476,ENSG00000119661,DNAL1,11
4477,ENSG00000119669,IRF2BPL,1
4478,ENSG00000119681,LTBP2,6
4479,ENSG00000119682,AREL1,0
4480,ENSG00000119684,MLH3,7
4481,ENSG00000119686,FLVCR2,0
4482,ENSG00000119688,ABCD4,17
4483,ENSG00000119689,DLST,8
4484,ENSG00000119698,PPP4R4,1
4485,ENSG00000119699,TGFB3,10
4486,ENSG00000119703,ZC2HC1C,0
4487,ENSG00000119705,SLIRP,1
4488,ENSG00000119707,RBM25,30
4489,ENSG00000119711,ALDH6A1,0
4490,ENSG00000119714,GPR68,0
4491,ENSG00000119715,ESRRB,4
4492,ENSG00000119718,EIF2B2,6
4493,ENSG00000119720,NRDE2,1
4494,ENSG00000119723,COQ6,6
4495,ENSG00000119725,ZNF410,0
4496,ENSG00000119729,RHOQ,8
4497,ENSG00000119737,GPR75,0
4498,ENSG00000119760,SUPT7L,36
4499,ENSG00000119771,KLHL29,0
4500,ENSG00000119772,DNMT3A,29
4501,ENSG00000119777,TMEM214,0
4502,ENSG00000119778,ATAD2B,0
4503,ENSG00000119782,FKBP1B,8
4504,ENSG00000119787,ATL2,0
4505,ENSG00000119801,YPEL5,3
4506,ENSG00000119812,FAM98A,6
4507,ENSG00000119820,YIPF4,0
4508,ENSG00000119844,AFTPH,0
4509,ENSG00000119865,CNRIP1,0
4510,ENSG00000119866,BCL11A,31
4511,ENSG00000119878,CRIPT,35
4512,ENSG00000119888,EPCAM,4
4513,ENSG00000119899,SLC17A5,0
4514,ENSG00000119900,OGFRL1,0
4515,ENSG00000119906,SLF2,7
4516,ENSG00000119912,IDE,12
4517,ENSG00000119913,TECTB,0
4518,ENSG00000119915,ELOVL3,2
4519,ENSG00000119919,NKX2-3,0
4520,ENSG00000119922,IFIT2,0
4521,ENSG00000119927,GPAM,3
4522,ENSG00000119929,CUTC,0
4523,ENSG00000119938,PPP1R3C,12
4524,ENSG00000119943,PYROXD2,0
4525,ENSG00000119946,CNNM1,0
4526,ENSG00000119950,MXI1,7
4527,ENSG00000119953,SMNDC1,12
4528,ENSG00000119965,C10orf88,0
4529,ENSG00000119969,HELLS,1
4530,ENSG00000119973,PRLHR,1
4531,ENSG00000119977,TCTN3,10
4532,ENSG00000119979,DENND10,4
4533,ENSG00000119986,AVPI1,0
4534,ENSG00000120008,WDR11,1
4535,ENSG00000120029,ARMH3,1
4536,ENSG00000120049,KCNIP2,4
4537,ENSG00000120051,CFAP58,0
4538,ENSG00000120053,GOT1,6
4539,ENSG00000120054,CPN1,1
4540,ENSG00000120055,C10orf95,0
4541,ENSG00000120057,SFRP5,0
4542,ENSG00000120063,GNA13,16
4543,ENSG00000120068,HOXB8,1
4544,ENSG00000120071,KANSL1,47
4545,ENSG00000120075,HOXB5,10
4546,ENSG00000120088,CRHR1,6
4547,ENSG00000120093,HOXB3,0
4548,ENSG00000120094,HOXB1,4
4549,ENSG00000120129,DUSP1,3
4550,ENSG00000120137,PANK3,2
4551,ENSG00000120149,MSX2,4
4552,ENSG00000120156,TEK,7
4553,ENSG00000120158,RCL1,63
4554,ENSG00000120159,CAAP1,0
4555,ENSG00000120162,MOB3B,0
4556,ENSG00000120215,MLANA,1
4557,ENSG00000120217,CD274,10
4558,ENSG00000120251,GRIA2,30
4559,ENSG00000120253,NUP43,27
4560,ENSG00000120254,MTHFD1L,3
4561,ENSG00000120256,LRP11,0
4562,ENSG00000120262,CCDC170,0
4563,ENSG00000120265,PCMT1,0
4564,ENSG00000120278,PLEKHG1,0
4565,ENSG00000120279,MYCT1,0
4566,ENSG00000120280,TASL,0
4567,ENSG00000120306,CYSTM1,0
4568,ENSG00000120314,WDR55,0
4569,ENSG00000120318,ARAP3,2
4570,ENSG00000120327,PCDHB14,0
4571,ENSG00000120329,SLC25A2,0
4572,ENSG00000120332,TNN,0
4573,ENSG00000120333,MRPS14,98
4574,ENSG00000120334,CENPL,14
4575,ENSG00000120341,SEC16B,2
4576,ENSG00000120370,GORAB,1
4577,ENSG00000120436,GPR31,0
4578,ENSG00000120438,TCP1,54
4579,ENSG00000120440,TTLL2,0
4580,ENSG00000120451,SNX19,0
4581,ENSG00000120457,KCNJ5,3
4582,ENSG00000120458,MSANTD2,0
4583,ENSG00000120498,TEX11,0
4584,ENSG00000120500,ARR3,1
4585,ENSG00000120509,PDZD11,21
4586,ENSG00000120519,SLC10A7,0
4587,ENSG00000120526,NUDCD1,0
4588,ENSG00000120533,ENY2,49
4589,ENSG00000120539,MASTL,0
4590,ENSG00000120549,KIAA1217,0
4591,ENSG00000120594,PLXDC2,2
4592,ENSG00000120616,EPC1,32
4593,ENSG00000120645,IQSEC3,0
4594,ENSG00000120647,CCDC77,0
4595,ENSG00000120656,TAF12,93
4596,ENSG00000120658,ENOX1,0
4597,ENSG00000120659,TNFSF11,8
4598,ENSG00000120662,MTRF1,0
4599,ENSG00000120675,DNAJC15,4
4600,ENSG00000120685,PROSER1,0
4601,ENSG00000120686,UFM1,3
4602,ENSG00000120688,WBP4,55
4603,ENSG00000120690,ELF1,0
4604,ENSG00000120694,HSPH1,9
4605,ENSG00000120697,ALG5,0
4606,ENSG00000120699,EXOSC8,21
4607,ENSG00000120705,ETF1,66
4608,ENSG00000120708,TGFBI,1
4609,ENSG00000120709,FAM53C,0
4610,ENSG00000120725,SIL1,3
4611,ENSG00000120727,PAIP2,0
4612,ENSG00000120729,MYOT,2
4613,ENSG00000120733,KDM3B,3
4614,ENSG00000120738,EGR1,10
4615,ENSG00000120742,SERP1,0
4616,ENSG00000120756,PLS1,14
4617,ENSG00000120784,ZFP30,0
4618,ENSG00000120798,NR2C1,2
4619,ENSG00000120800,UTP20,78
4620,ENSG00000120805,ARL1,5
4621,ENSG00000120820,GLT8D2,0
4622,ENSG00000120832,MTERF2,0
4623,ENSG00000120833,SOCS2,9
4624,ENSG00000120837,NFYB,4
4625,ENSG00000120860,WASHC3,4
4626,ENSG00000120868,APAF1,12
4627,ENSG00000120875,DUSP4,1
4628,ENSG00000120885,CLU,33
4629,ENSG00000120896,SORBS3,6
4630,ENSG00000120899,PTK2B,22
4631,ENSG00000120903,CHRNA2,10
4632,ENSG00000120907,ADRA1A,2
4633,ENSG00000120910,PPP3CC,4
4634,ENSG00000120913,PDLIM2,0
4635,ENSG00000120915,EPHX2,0
4636,ENSG00000120925,RNF170,2
4637,ENSG00000120942,UBIAD1,1
4638,ENSG00000120948,TARDBP,16
4639,ENSG00000120963,ZNF706,0
4640,ENSG00000120992,LYPLA1,4
4641,ENSG00000121005,CRISPLD1,0
4642,ENSG00000121022,COPS5,42
4643,ENSG00000121039,RDH10,3
4644,ENSG00000121053,EPX,0
4645,ENSG00000121057,AKAP1,7
4646,ENSG00000121058,COIL,4
4647,ENSG00000121060,TRIM25,9
4648,ENSG00000121064,SCPEP1,0
4649,ENSG00000121068,TBX2,0
4650,ENSG00000121073,SLC35B1,0
4651,ENSG00000121075,TBX4,0
4652,ENSG00000121101,TEX14,1
4653,ENSG00000121104,FAM117A,0
4654,ENSG00000121152,NCAPH,5
4655,ENSG00000121207,LRAT,0
4656,ENSG00000121210,TMEM131L,0
4657,ENSG00000121211,MND1,2
4658,ENSG00000121236,TRIM6,0
4659,ENSG00000121274,TENT4B,3
4660,ENSG00000121281,ADCY7,0
4661,ENSG00000121289,CEP89,3
4662,ENSG00000121297,TSHZ3,0
4663,ENSG00000121310,ECHDC2,0
4664,ENSG00000121316,PLBD1,0
4665,ENSG00000121350,PYROXD1,0
4666,ENSG00000121351,IAPP,10
4667,ENSG00000121361,KCNJ8,3
4668,ENSG00000121377,TAS2R7,0
4669,ENSG00000121380,BCL2L14,1
4670,ENSG00000121390,PSPC1,5
4671,ENSG00000121440,PDZRN3,0
4672,ENSG00000121446,RGSL1,0
4673,ENSG00000121454,LHX4,4
4674,ENSG00000121481,RNF2,88
4675,ENSG00000121486,TRMT1L,0
4676,ENSG00000121542,SEC22A,2
4677,ENSG00000121570,DPPA4,0
4678,ENSG00000121577,POPDC2,0
4679,ENSG00000121578,B4GALT4,2
4680,ENSG00000121579,NAA50,7
4681,ENSG00000121621,KIF18A,9
4682,ENSG00000121634,GJA8,8
4683,ENSG00000121644,DESI2,0
4684,ENSG00000121653,MAPK8IP1,12
4685,ENSG00000121671,CRY2,13
4686,ENSG00000121680,PEX16,2
4687,ENSG00000121690,DEPDC7,0
4688,ENSG00000121691,CAT,3
4689,ENSG00000121741,ZMYM2,5
4690,ENSG00000121742,GJB6,6
4691,ENSG00000121743,GJA3,7
4692,ENSG00000121749,TBC1D15,4
4693,ENSG00000121753,ADGRB2,0
4694,ENSG00000121764,HCRTR1,2
4695,ENSG00000121766,ZCCHC17,0
4696,ENSG00000121769,FABP3,0
4697,ENSG00000121774,KHDRBS1,11
4698,ENSG00000121775,TMEM39B,0
4699,ENSG00000121807,CCR2,0
4700,ENSG00000121853,GHSR,4
4701,ENSG00000121858,TNFSF10,9
4702,ENSG00000121864,ZNF639,0
4703,ENSG00000121871,SLITRK3,1
4704,ENSG00000121879,PIK3CA,28
4705,ENSG00000121892,PDS5A,11
4706,ENSG00000121897,LIAS,0
4707,ENSG00000121898,CPXM2,0
4708,ENSG00000121900,TMEM54,0
4709,ENSG00000121903,ZSCAN20,0
4710,ENSG00000121904,CSMD2,0
4711,ENSG00000121905,HPCA,0
4712,ENSG00000121931,LRIF1,1
4713,ENSG00000121940,CLCC1,0
4714,ENSG00000121957,GPSM2,3
4715,ENSG00000121964,GTDC1,0
4716,ENSG00000121966,CXCR4,38
4717,ENSG00000121988,ZRANB3,1
4718,ENSG00000121989,ACVR2A,24
4719,ENSG00000122008,POLK,2
4720,ENSG00000122012,SV2C,2
4721,ENSG00000122025,FLT3,6
4722,ENSG00000122026,RPL21,100
4723,ENSG00000122033,MTIF3,32
4724,ENSG00000122034,GTF3A,4
4725,ENSG00000122035,RASL11A,0
4726,ENSG00000122042,UBL3,0
4727,ENSG00000122068,FYTTD1,9
4728,ENSG00000122085,MTERF4,56
4729,ENSG00000122121,XPNPEP2,5
4730,ENSG00000122122,SASH3,0
4731,ENSG00000122126,OCRL,15
4732,ENSG00000122140,MRPS2,94
4733,ENSG00000122145,TBX22,2
4734,ENSG00000122176,FMOD,4
4735,ENSG00000122180,MYOG,4
4736,ENSG00000122188,LAX1,4
4737,ENSG00000122194,PLG,23
4738,ENSG00000122203,KIAA1191,0
4739,ENSG00000122218,COPA,14
4740,ENSG00000122224,LY9,1
4741,ENSG00000122254,HS3ST2,0
4742,ENSG00000122257,RBBP6,7
4743,ENSG00000122299,ZC3H7A,0
4744,ENSG00000122304,PRM2,0
4745,ENSG00000122335,SERAC1,0
4746,ENSG00000122359,ANXA11,2
4747,ENSG00000122367,LDB3,0
4748,ENSG00000122375,OPN4,0
4749,ENSG00000122376,SHLD2,3
4750,ENSG00000122378,PRXL2A,0
4751,ENSG00000122386,ZNF205,0
4752,ENSG00000122390,NAA60,1
4753,ENSG00000122417,ODF2L,0
4754,ENSG00000122420,PTGFR,0
4755,ENSG00000122432,SPATA1,0
4756,ENSG00000122435,TRMT13,0
4757,ENSG00000122477,LRRC39,0
4758,ENSG00000122481,RWDD3,1
4759,ENSG00000122482,ZNF644,1
4760,ENSG00000122483,CCDC18,0
4761,ENSG00000122484,RPAP2,13
4762,ENSG00000122490,SLC66A2,0
4763,ENSG00000122507,BBS9,7
4764,ENSG00000122512,PMS2,11
4765,ENSG00000122515,ZMIZ2,0
4766,ENSG00000122545,SEPTIN7,13
4767,ENSG00000122547,EEPD1,0
4768,ENSG00000122550,KLHL7,31
4769,ENSG00000122557,HERPUD2,0
4770,ENSG00000122566,HNRNPA2B1,13
4771,ENSG00000122574,WIPF3,5
4772,ENSG00000122584,NXPH1,0
4773,ENSG00000122585,NPY,11
4774,ENSG00000122591,HYCC1,2
4775,ENSG00000122592,HOXA7,10
4776,ENSG00000122641,INHBA,7
4777,ENSG00000122642,FKBP9,0
4778,ENSG00000122643,NT5C3A,10
4779,ENSG00000122644,ARL4A,0
4780,ENSG00000122678,POLM,1
4781,ENSG00000122679,RAMP3,11
4782,ENSG00000122687,MRM2,56
4783,ENSG00000122691,TWIST1,10
4784,ENSG00000122692,SMU1,62
4785,ENSG00000122694,GLIPR2,1
4786,ENSG00000122705,CLTA,20
4787,ENSG00000122707,RECK,0
4788,ENSG00000122711,SPINK4,0
4789,ENSG00000122729,ACO1,2
4790,ENSG00000122733,PHF24,0
4791,ENSG00000122735,DNAI1,3
4792,ENSG00000122741,DCAF10,26
4793,ENSG00000122756,CNTFR,9
4794,ENSG00000122778,KIAA1549,0
4795,ENSG00000122779,TRIM24,3
4796,ENSG00000122783,CYREN,2
4797,ENSG00000122786,CALD1,5
4798,ENSG00000122787,AKR1D1,0
4799,ENSG00000122859,NEUROG3,0
4800,ENSG00000122861,PLAU,9
4801,ENSG00000122863,CHST3,1
4802,ENSG00000122870,BICC1,0
4803,ENSG00000122873,CISD1,0
4804,ENSG00000122877,EGR2,10
4805,ENSG00000122882,ECD,1
4806,ENSG00000122884,P4HA1,2
4807,ENSG00000122912,SLC25A16,0
4808,ENSG00000122952,ZWINT,25
4809,ENSG00000122958,VPS26A,13
4810,ENSG00000122965,RBM19,0
4811,ENSG00000122966,CIT,4
4812,ENSG00000122970,IFT81,15
4813,ENSG00000122971,ACADS,6
4814,ENSG00000122986,HVCN1,0
4815,ENSG00000123064,DDX54,0
4816,ENSG00000123066,MED13L,30
4817,ENSG00000123080,CDKN2C,3
4818,ENSG00000123091,RNF11,3
4819,ENSG00000123094,RASSF8,2
4820,ENSG00000123095,BHLHE41,2
4821,ENSG00000123096,SSPN,14
4822,ENSG00000123104,ITPR2,4
4823,ENSG00000123106,CCDC91,1
4824,ENSG00000123119,NECAB1,0
4825,ENSG00000123124,WWP1,11
4826,ENSG00000123131,PRDX4,3
4827,ENSG00000123136,DDX39A,8
4828,ENSG00000123143,PKN1,12
4829,ENSG00000123144,TRIR,5
4830,ENSG00000123146,ADGRE5,1
4831,ENSG00000123154,WDR83,8
4832,ENSG00000123159,GIPC1,8
4833,ENSG00000123165,ACTRT1,0
4834,ENSG00000123171,CCDC70,0
4835,ENSG00000123178,SPRYD7,0
4836,ENSG00000123179,EBPL,0
4837,ENSG00000123191,ATP7B,4
4838,ENSG00000123200,ZC3H13,35
4839,ENSG00000123213,NLN,1
4840,ENSG00000123219,CENPK,14
4841,ENSG00000123240,OPTN,26
4842,ENSG00000123243,ITIH5,0
4843,ENSG00000123268,ATF1,10
4844,ENSG00000123297,TSFM,1
4845,ENSG00000123307,NEUROD4,0
4846,ENSG00000123329,ARHGAP9,0
4847,ENSG00000123338,NCKAP1L,11
4848,ENSG00000123342,MMP19,0
4849,ENSG00000123349,PFDN5,14
4850,ENSG00000123352,SPATS2,0
4851,ENSG00000123353,ORMDL2,1
4852,ENSG00000123358,NR4A1,5
4853,ENSG00000123360,PDE1B,2
4854,ENSG00000123364,HOXC13,0
4855,ENSG00000123374,CDK2,59
4856,ENSG00000123384,LRP1,21
4857,ENSG00000123388,HOXC11,0
4858,ENSG00000123395,ATG101,7
4859,ENSG00000123405,NFE2,3
4860,ENSG00000123407,HOXC12,0
4861,ENSG00000123411,IKZF4,1
4862,ENSG00000123415,SMUG1,0
4863,ENSG00000123416,TUBA1B,38
4864,ENSG00000123427,EEF1AKMT3,0
4865,ENSG00000123444,KBTBD4,0
4866,ENSG00000123453,SARDH,2
4867,ENSG00000123454,DBH,0
4868,ENSG00000123472,ATPAF1,2
4869,ENSG00000123473,STIL,4
4870,ENSG00000123496,IL13RA2,6
4871,ENSG00000123545,NDUFAF4,34
4872,ENSG00000123552,USP45,0
4873,ENSG00000123560,PLP1,1
4874,ENSG00000123561,SERPINA7,1
4875,ENSG00000123562,MORF4L2,0
4876,ENSG00000123570,RAB9B,4
4877,ENSG00000123572,NRK,0
4878,ENSG00000123575,FAM199X,0
4879,ENSG00000123595,RAB9A,9
4880,ENSG00000123600,METTL8,0
4881,ENSG00000123607,TTC21B,9
4882,ENSG00000123609,NMI,4
4883,ENSG00000123610,TNFAIP6,6
4884,ENSG00000123612,ACVR1C,8
4885,ENSG00000123636,BAZ2B,2
4886,ENSG00000123643,SLC36A1,2
4887,ENSG00000123684,LPGAT1,4
4888,ENSG00000123685,BATF3,3
4889,ENSG00000123689,G0S2,1
4890,ENSG00000123700,KCNJ2,7
4891,ENSG00000123728,RAP2C,0
4892,ENSG00000123737,EXOSC9,20
4893,ENSG00000123739,PLA2G12A,0
4894,ENSG00000123810,B9D2,13
4895,ENSG00000123815,COQ8B,1
4896,ENSG00000123836,PFKFB2,5
4897,ENSG00000123892,RAB38,0
4898,ENSG00000123901,GPR83,2
4899,ENSG00000123908,AGO2,62
4900,ENSG00000123933,MXD4,0
4901,ENSG00000123975,CKS2,5
4902,ENSG00000123977,DAW1,1
4903,ENSG00000123983,ACSL3,1
4904,ENSG00000123989,CHPF,2
4905,ENSG00000123992,DNPEP,0
4906,ENSG00000123999,INHA,4
4907,ENSG00000124003,MOGAT1,1
4908,ENSG00000124006,OBSL1,2
4909,ENSG00000124019,FAM124B,0
4910,ENSG00000124067,SLC12A4,0
4911,ENSG00000124074,ENKD1,0
4912,ENSG00000124089,MC3R,2
4913,ENSG00000124092,CTCFL,1
4914,ENSG00000124098,FAM210B,0
4915,ENSG00000124104,SNX21,0
4916,ENSG00000124107,SLPI,1
4917,ENSG00000124120,TTPAL,0
4918,ENSG00000124126,PREX1,4
4919,ENSG00000124134,KCNS1,0
4920,ENSG00000124140,SLC12A5,0
4921,ENSG00000124143,ARHGAP40,0
4922,ENSG00000124145,SDC4,15
4923,ENSG00000124151,NCOA3,30
4924,ENSG00000124155,PIGT,4
4925,ENSG00000124159,MATN4,0
4926,ENSG00000124160,NCOA5,1
4927,ENSG00000124164,VAPB,10
4928,ENSG00000124171,PARD6B,10
4929,ENSG00000124172,ATP5F1E,16
4930,ENSG00000124177,CHD6,0
4931,ENSG00000124181,PLCG1,46
4932,ENSG00000124191,TOX2,0
4933,ENSG00000124193,SRSF6,17
4934,ENSG00000124194,GDAP1L1,0
4935,ENSG00000124196,GTSF1L,0
4936,ENSG00000124198,ARFGEF2,0
4937,ENSG00000124201,ZNFX1,0
4938,ENSG00000124203,ZNF831,0
4939,ENSG00000124205,EDN3,4
4940,ENSG00000124207,CSE1L,1
4941,ENSG00000124209,RAB22A,2
4942,ENSG00000124212,PTGIS,1
4943,ENSG00000124214,STAU1,4
4944,ENSG00000124215,CDH26,0
4945,ENSG00000124216,SNAI1,21
4946,ENSG00000124217,MOCS3,2
4947,ENSG00000124222,STX16,29
4948,ENSG00000124225,PMEPA1,3
4949,ENSG00000124226,RNF114,1
4950,ENSG00000124227,ANKRD60,0
4951,ENSG00000124228,DDX27,0
4952,ENSG00000124232,RBPJL,9
4953,ENSG00000124237,CIMIP1,0
4954,ENSG00000124249,KCNK15,0
4955,ENSG00000124253,PCK1,2
4956,ENSG00000124257,NEURL2,0
4957,ENSG00000124275,MTRR,2
4958,ENSG00000124279,FASTKD3,1
4959,ENSG00000124299,PEPD,0
4960,ENSG00000124302,CHST8,1
4961,ENSG00000124313,IQSEC2,1
4962,ENSG00000124334,IL9R,3
4963,ENSG00000124356,STAMBP,8
4964,ENSG00000124357,NAGK,0
4965,ENSG00000124370,MCEE,0
4966,ENSG00000124374,PAIP2B,0
4967,ENSG00000124383,MPHOSPH10,78
4968,ENSG00000124391,IL17C,3
4969,ENSG00000124406,ATP8A1,7
4970,ENSG00000124422,USP22,35
4971,ENSG00000124429,POF1B,0
4972,ENSG00000124440,HIF3A,4
4973,ENSG00000124449,IRGC,0
4974,ENSG00000124459,ZNF45,0
4975,ENSG00000124466,LYPD3,0
4976,ENSG00000124479,NDP,4
4977,ENSG00000124486,USP9X,7
4978,ENSG00000124490,CRISP2,0
4979,ENSG00000124491,F13A1,1
4980,ENSG00000124493,GRM4,8
4981,ENSG00000124496,TRERF1,3
4982,ENSG00000124507,PACSIN1,4
4983,ENSG00000124508,BTN2A2,2
4984,ENSG00000124523,SIRT5,2
4985,ENSG00000124532,MRS2,0
4986,ENSG00000124535,WRNIP1,1
4987,ENSG00000124541,RRP36,2
4988,ENSG00000124557,BTN1A1,3
4989,ENSG00000124562,SNRPC,52
4990,ENSG00000124564,SLC17A3,0
4991,ENSG00000124568,SLC17A1,0
4992,ENSG00000124571,XPO5,14
4993,ENSG00000124574,ABCC10,0
4994,ENSG00000124575,H1-3,3
4995,ENSG00000124587,PEX6,6
4996,ENSG00000124588,NQO2,0
4997,ENSG00000124596,OARD1,0
4998,ENSG00000124602,UNC5CL,3
4999,ENSG00000124608,AARS2,1
5000,ENSG00000124610,H1-1,3
5001,ENSG00000124614,RPS10,107
5002,ENSG00000124615,MOCS1,0
5003,ENSG00000124641,MED20,68
5004,ENSG00000124657,OR2B6,0
5005,ENSG00000124659,TBCC,0
5006,ENSG00000124664,SPDEF,1
5007,ENSG00000124678,TCP11,0
5008,ENSG00000124688,MAD2L1BP,3
5009,ENSG00000124701,APOBEC2,0
5010,ENSG00000124702,KLHDC3,13
5011,ENSG00000124713,GNMT,2
5012,ENSG00000124721,DNAH8,11
5013,ENSG00000124733,MEA1,0
5014,ENSG00000124743,KLHL31,0
5015,ENSG00000124762,CDKN1A,33
5016,ENSG00000124766,SOX4,3
5017,ENSG00000124767,GLO1,1
5018,ENSG00000124772,CPNE5,0
5019,ENSG00000124782,RREB1,2
5020,ENSG00000124783,SSR1,14
5021,ENSG00000124784,RIOK1,40
5022,ENSG00000124785,NRN1,0
5023,ENSG00000124786,SLC35B3,0
5024,ENSG00000124787,RPP40,23
5025,ENSG00000124788,ATXN1,10
5026,ENSG00000124789,NUP153,37
5027,ENSG00000124795,DEK,11
5028,ENSG00000124802,EEF1E1,11
5029,ENSG00000124812,CRISP1,0
5030,ENSG00000124813,RUNX2,40
5031,ENSG00000124818,OPN5,0
5032,ENSG00000124827,GCM2,1
5033,ENSG00000124839,RAB17,0
5034,ENSG00000124875,CXCL6,7
5035,ENSG00000124882,EREG,6
5036,ENSG00000124920,MYRF,0
5037,ENSG00000124942,AHNAK,6
5038,ENSG00000125037,EMC3,11
5039,ENSG00000125046,SSUH2,0
5040,ENSG00000125084,WNT1,10
5041,ENSG00000125089,SH3TC1,0
5042,ENSG00000125107,CNOT1,21
5043,ENSG00000125124,BBS2,7
5044,ENSG00000125149,PHAF1,0
5045,ENSG00000125166,GOT2,7
5046,ENSG00000125170,DOK4,0
5047,ENSG00000125207,PIWIL1,8
5048,ENSG00000125245,GPR18,0
5049,ENSG00000125246,CLYBL,0
5050,ENSG00000125247,TMTC4,0
5051,ENSG00000125249,RAP2A,3
5052,ENSG00000125255,SLC10A2,0
5053,ENSG00000125257,ABCC4,0
5054,ENSG00000125266,EFNB2,16
5055,ENSG00000125285,SOX21,0
5056,ENSG00000125304,TM9SF2,0
5057,ENSG00000125319,HROB,0
5058,ENSG00000125347,IRF1,9
5059,ENSG00000125351,UPF3B,16
5060,ENSG00000125354,SEPTIN6,12
5061,ENSG00000125355,TMEM255A,0
5062,ENSG00000125356,NDUFA1,61
5063,ENSG00000125363,AMELX,0
5064,ENSG00000125375,DMAC2L,1
5065,ENSG00000125378,BMP4,14
5066,ENSG00000125384,PTGER2,1
5067,ENSG00000125386,FAM193A,0
5068,ENSG00000125388,GRK4,4
5069,ENSG00000125398,SOX9,8
5070,ENSG00000125409,TEKT3,31
5071,ENSG00000125430,HS3ST3B1,1
5072,ENSG00000125434,SLC25A35,0
5073,ENSG00000125445,MRPS7,95
5074,ENSG00000125447,GGA3,11
5075,ENSG00000125449,ARMC7,34
5076,ENSG00000125450,NUP85,31
5077,ENSG00000125454,SLC25A19,0
5078,ENSG00000125457,MIF4GD,2
5079,ENSG00000125458,NT5C,10
5080,ENSG00000125459,MSTO1,0
5081,ENSG00000125484,GTF3C4,7
5082,ENSG00000125485,DDX31,0
5083,ENSG00000125492,BARHL1,0
5084,ENSG00000125503,PPP1R12C,6
5085,ENSG00000125505,MBOAT7,3
5086,ENSG00000125508,SRMS,0
5087,ENSG00000125510,OPRL1,0
5088,ENSG00000125531,FNDC11,0
5089,ENSG00000125533,BHLHE23,0
5090,ENSG00000125534,PPDPF,0
5091,ENSG00000125538,IL1B,18
5092,ENSG00000125611,CHCHD5,2
5093,ENSG00000125618,PAX8,5
5094,ENSG00000125629,INSIG2,4
5095,ENSG00000125630,POLR1B,15
5096,ENSG00000125633,CCDC93,5
5097,ENSG00000125637,PSD4,0
5098,ENSG00000125648,SLC25A23,3
5099,ENSG00000125650,PSPN,8
5100,ENSG00000125651,GTF2F1,65
5101,ENSG00000125652,ALKBH7,0
5102,ENSG00000125656,CLPP,3
5103,ENSG00000125675,GRIA3,26
5104,ENSG00000125676,THOC2,16
5105,ENSG00000125686,MED1,99
5106,ENSG00000125691,RPL23,139
5107,ENSG00000125703,ATG4C,1
5108,ENSG00000125726,CD70,5
5109,ENSG00000125730,C3,15
5110,ENSG00000125733,TRIP10,4
5111,ENSG00000125734,GPR108,0
5112,ENSG00000125735,TNFSF14,2
5113,ENSG00000125740,FOSB,11
5114,ENSG00000125741,OPA3,0
5115,ENSG00000125743,SNRPD2,127
5116,ENSG00000125744,RTN2,1
5117,ENSG00000125746,EML2,0
5118,ENSG00000125753,VASP,28
5119,ENSG00000125755,SYMPK,28
5120,ENSG00000125772,GPCPD1,0
5121,ENSG00000125775,SDCBP2,2
5122,ENSG00000125779,PANK2,2
5123,ENSG00000125780,TGM3,0
5124,ENSG00000125798,FOXA2,2
5125,ENSG00000125810,CD93,0
5126,ENSG00000125812,GZF1,0
5127,ENSG00000125813,PAX1,0
5128,ENSG00000125814,NAPB,24
5129,ENSG00000125815,CST8,0
5130,ENSG00000125816,NKX2-4,0
5131,ENSG00000125817,CENPB,2
5132,ENSG00000125818,PSMF1,19
5133,ENSG00000125820,NKX2-2,3
5134,ENSG00000125821,DTD1,0
5135,ENSG00000125823,CSTL1,0
5136,ENSG00000125826,RBCK1,18
5137,ENSG00000125827,TMX4,0
5138,ENSG00000125831,CST11,0
5139,ENSG00000125834,STK35,0
5140,ENSG00000125835,SNRPB,143
5141,ENSG00000125841,NRSN2,0
5142,ENSG00000125843,AP5S1,19
5143,ENSG00000125844,RRBP1,3
5144,ENSG00000125845,BMP2,25
5145,ENSG00000125848,FLRT3,3
5146,ENSG00000125850,OVOL2,0
5147,ENSG00000125851,PCSK2,0
5148,ENSG00000125861,GFRA4,5
5149,ENSG00000125863,MKKS,8
5150,ENSG00000125864,BFSP1,2
5151,ENSG00000125868,DSTN,1
5152,ENSG00000125869,LAMP5,0
5153,ENSG00000125870,SNRPB2,103
5154,ENSG00000125871,MGME1,0
5155,ENSG00000125872,LRRN4,0
5156,ENSG00000125875,TBC1D20,2
5157,ENSG00000125877,ITPA,2
5158,ENSG00000125878,TCF15,1
5159,ENSG00000125879,OTOR,0
5160,ENSG00000125885,MCM8,11
5161,ENSG00000125888,BANF2,4
5162,ENSG00000125895,TMEM74B,0
5163,ENSG00000125898,FAM110A,0
5164,ENSG00000125901,MRPS26,93
5165,ENSG00000125910,S1PR4,2
5166,ENSG00000125912,NCLN,30
5167,ENSG00000125931,CITED1,2
5168,ENSG00000125944,HNRNPR,3
5169,ENSG00000125945,ZNF436,1
5170,ENSG00000125952,MAX,34
5171,ENSG00000125962,ARMCX5,0
5172,ENSG00000125965,GDF5,13
5173,ENSG00000125966,MMP24,0
5174,ENSG00000125967,NECAB3,0
5175,ENSG00000125968,ID1,5
5176,ENSG00000125970,RALY,1
5177,ENSG00000125971,DYNLRB1,27
5178,ENSG00000125977,EIF2S2,52
5179,ENSG00000125991,ERGIC3,2
5180,ENSG00000125995,ROMO1,2
5181,ENSG00000125998,FAM83C,0
5182,ENSG00000125999,BPIFB1,0
5183,ENSG00000126001,CEP250,1
5184,ENSG00000126003,PLAGL2,0
5185,ENSG00000126005,MMP24OS,0
5186,ENSG00000126010,GRPR,4
5187,ENSG00000126012,KDM5C,4
5188,ENSG00000126016,AMOT,15
5189,ENSG00000126062,TMEM115,0
5190,ENSG00000126067,PSMB2,46
5191,ENSG00000126070,AGO3,30
5192,ENSG00000126088,UROD,0
5193,ENSG00000126091,ST3GAL3,0
5194,ENSG00000126106,TMEM53,0
5195,ENSG00000126107,HECTD3,0
5196,ENSG00000126214,KLC1,13
5197,ENSG00000126215,XRCC3,9
5198,ENSG00000126216,TUBGCP3,10
5199,ENSG00000126217,MCF2L,0
5200,ENSG00000126218,F10,11
5201,ENSG00000126226,PCID2,12
5202,ENSG00000126231,PROZ,1
5203,ENSG00000126233,SLURP1,0
5204,ENSG00000126243,LRFN3,2
5205,ENSG00000126246,IGFLR1,0
5206,ENSG00000126247,CAPNS1,4
5207,ENSG00000126249,PDCD2L,0
5208,ENSG00000126254,RBM42,42
5209,ENSG00000126259,KIRREL2,1
5210,ENSG00000126261,UBA2,3
5211,ENSG00000126262,FFAR2,0
5212,ENSG00000126264,HCST,5
5213,ENSG00000126266,FFAR1,0
5214,ENSG00000126267,COX6B1,66
5215,ENSG00000126337,KRT36,0
5216,ENSG00000126351,THRA,15
5217,ENSG00000126353,CCR7,19
5218,ENSG00000126368,NR1D1,4
5219,ENSG00000126391,FRMD8,0
5220,ENSG00000126432,PRDX5,0
5221,ENSG00000126453,BCL2L12,0
5222,ENSG00000126456,IRF3,20
5223,ENSG00000126457,PRMT1,25
5224,ENSG00000126458,RRAS,6
5225,ENSG00000126460,PRRG2,1
5226,ENSG00000126461,SCAF1,0
5227,ENSG00000126464,PRR12,0
5228,ENSG00000126467,TSKS,0
5229,ENSG00000126500,FLRT1,1
5230,ENSG00000126522,ASL,0
5231,ENSG00000126524,SBDS,2
5232,ENSG00000126561,STAT5A,27
5233,ENSG00000126562,WNK4,1
5234,ENSG00000126581,BECN1,54
5235,ENSG00000126583,PRKCG,3
5236,ENSG00000126602,TRAP1,1
5237,ENSG00000126603,GLIS2,0
5238,ENSG00000126653,NSRP1,1
5239,ENSG00000126698,DNAJC8,15
5240,ENSG00000126705,AHDC1,0
5241,ENSG00000126733,DACH2,0
5242,ENSG00000126746,ZNF384,0
5243,ENSG00000126749,EMG1,69
5244,ENSG00000126756,UXT,11
5245,ENSG00000126759,CFP,3
5246,ENSG00000126767,ELK1,2
5247,ENSG00000126768,TIMM17B,5
5248,ENSG00000126773,PCNX4,0
5249,ENSG00000126775,ATG14,20
5250,ENSG00000126777,KTN1,2
5251,ENSG00000126778,SIX1,2
5252,ENSG00000126785,RHOJ,4
5253,ENSG00000126787,DLGAP5,2
5254,ENSG00000126790,L3HYPDH,0
5255,ENSG00000126803,HSPA2,39
5256,ENSG00000126804,ZBTB1,0
5257,ENSG00000126814,TRMT5,0
5258,ENSG00000126821,SGPP1,5
5259,ENSG00000126822,PLEKHG3,0
5260,ENSG00000126858,RHOT1,9
5261,ENSG00000126860,EVI2A,0
5262,ENSG00000126861,OMG,3
5263,ENSG00000126870,DYNC2I1,15
5264,ENSG00000126878,AIF1L,0
5265,ENSG00000126882,FAM78A,0
5266,ENSG00000126883,NUP214,37
5267,ENSG00000126895,AVPR2,7
5268,ENSG00000126903,SLC10A3,0
5269,ENSG00000126934,MAP2K2,8
5270,ENSG00000126945,HNRNPH2,9
5271,ENSG00000126947,ARMCX1,0
5272,ENSG00000126950,TMEM35A,0
5273,ENSG00000126953,TIMM8A,3
5274,ENSG00000126970,ZC4H2,0
5275,ENSG00000127022,CANX,17
5276,ENSG00000127054,INTS11,31
5277,ENSG00000127074,RGS13,1
5278,ENSG00000127080,IPPK,0
5279,ENSG00000127083,OMD,0
5280,ENSG00000127084,FGD3,1
5281,ENSG00000127124,HIVEP3,2
5282,ENSG00000127125,PPCS,0
5283,ENSG00000127129,EDN2,4
5284,ENSG00000127152,BCL11B,31
5285,ENSG00000127184,COX7C,69
5286,ENSG00000127191,TRAF2,51
5287,ENSG00000127220,ABHD8,0
5288,ENSG00000127241,MASP1,6
5289,ENSG00000127249,ATP13A4,0
5290,ENSG00000127252,PLAAT1,0
5291,ENSG00000127311,HELB,3
5292,ENSG00000127314,RAP1B,10
5293,ENSG00000127324,TSPAN8,2
5294,ENSG00000127325,BEST3,0
5295,ENSG00000127328,RAB3IP,7
5296,ENSG00000127329,PTPRB,5
5297,ENSG00000127334,DYRK2,3
5298,ENSG00000127337,YEATS4,36
5299,ENSG00000127362,TAS2R3,0
5300,ENSG00000127364,TAS2R4,0
5301,ENSG00000127377,CRYGN,0
5302,ENSG00000127399,LRRC61,0
5303,ENSG00000127412,TRPV5,3
5304,ENSG00000127415,IDUA,0
5305,ENSG00000127418,FGFRL1,4
5306,ENSG00000127419,TMEM175,0
5307,ENSG00000127423,AUNIP,0
5308,ENSG00000127452,FBXL12,2
5309,ENSG00000127463,EMC1,12
5310,ENSG00000127472,PLA2G5,0
5311,ENSG00000127481,UBR4,4
5312,ENSG00000127483,HP1BP3,0
5313,ENSG00000127511,SIN3B,22
5314,ENSG00000127526,SLC35E1,0
5315,ENSG00000127527,EPS15L1,20
5316,ENSG00000127528,KLF2,2
5317,ENSG00000127529,OR7C2,0
5318,ENSG00000127533,F2RL3,3
5319,ENSG00000127540,UQCR11,60
5320,ENSG00000127554,GFER,2
5321,ENSG00000127561,SYNGR3,1
5322,ENSG00000127564,PKMYT1,0
5323,ENSG00000127578,WFIKKN1,0
5324,ENSG00000127580,WDR24,17
5325,ENSG00000127585,FBXL16,1
5326,ENSG00000127586,CHTF18,11
5327,ENSG00000127588,GNG13,11
5328,ENSG00000127603,MACF1,3
5329,ENSG00000127616,SMARCA4,74
5330,ENSG00000127663,KDM4B,1
5331,ENSG00000127666,TICAM1,13
5332,ENSG00000127720,METTL25,0
5333,ENSG00000127743,IL17B,2
5334,ENSG00000127774,EMC6,10
5335,ENSG00000127804,METTL16,10
5336,ENSG00000127824,TUBA4A,11
5337,ENSG00000127831,VIL1,0
5338,ENSG00000127837,AAMP,3
5339,ENSG00000127838,PNKD,2
5340,ENSG00000127863,TNFRSF19,3
5341,ENSG00000127870,RNF6,0
5342,ENSG00000127884,ECHS1,2
5343,ENSG00000127914,AKAP9,8
5344,ENSG00000127920,GNG11,5
5345,ENSG00000127922,SEM1,18
5346,ENSG00000127928,GNGT1,13
5347,ENSG00000127946,HIP1,9
5348,ENSG00000127947,PTPN12,8
5349,ENSG00000127948,POR,6
5350,ENSG00000127951,FGL2,6
5351,ENSG00000127952,STYXL1,0
5352,ENSG00000127954,STEAP4,0
5353,ENSG00000127955,GNAI1,80
5354,ENSG00000127980,PEX1,3
5355,ENSG00000127990,SGCE,11
5356,ENSG00000127993,RBM48,34
5357,ENSG00000127995,CASD1,0
5358,ENSG00000128011,LRFN1,0
5359,ENSG00000128016,ZFP36,0
5360,ENSG00000128039,SRD5A3,2
5361,ENSG00000128045,RASL11B,0
5362,ENSG00000128050,PAICS,0
5363,ENSG00000128052,KDR,49
5364,ENSG00000128059,PPAT,0
5365,ENSG00000128159,TUBGCP6,16
5366,ENSG00000128165,ADM2,4
5367,ENSG00000128191,DGCR8,29
5368,ENSG00000128203,ASPHD2,0
5369,ENSG00000128218,VPREB3,0
5370,ENSG00000128228,SDF2L1,26
5371,ENSG00000128242,GAL3ST1,0
5372,ENSG00000128245,YWHAH,14
5373,ENSG00000128266,GNAZ,1
5374,ENSG00000128268,MGAT3,0
5375,ENSG00000128271,ADORA2A,9
5376,ENSG00000128272,ATF4,21
5377,ENSG00000128274,A4GALT,1
5378,ENSG00000128283,CDC42EP1,0
5379,ENSG00000128285,MCHR1,1
5380,ENSG00000128294,TPST2,0
5381,ENSG00000128298,BAIAP2L2,14
5382,ENSG00000128309,MPST,2
5383,ENSG00000128310,GALR3,3
5384,ENSG00000128311,TST,1
5385,ENSG00000128340,RAC2,21
5386,ENSG00000128342,LIF,2
5387,ENSG00000128346,C22orf23,0
5388,ENSG00000128408,RIBC2,31
5389,ENSG00000128422,KRT17,2
5390,ENSG00000128463,EMC4,9
5391,ENSG00000128482,RNF112,0
5392,ENSG00000128487,SPECC1,1
5393,ENSG00000128510,CPA4,1
5394,ENSG00000128512,DOCK4,3
5395,ENSG00000128519,TAS2R16,0
5396,ENSG00000128524,ATP6V1F,34
5397,ENSG00000128534,LSM8,65
5398,ENSG00000128536,CDHR3,0
5399,ENSG00000128563,PRKRIP1,37
5400,ENSG00000128564,VGF,0
5401,ENSG00000128573,FOXP2,3
5402,ENSG00000128578,STRIP2,16
5403,ENSG00000128581,IFT22,16
5404,ENSG00000128585,MKLN1,5
5405,ENSG00000128590,DNAJB9,0
5406,ENSG00000128591,FLNC,26
5407,ENSG00000128594,LRRC4,2
5408,ENSG00000128595,CALU,3
5409,ENSG00000128596,CCDC136,0
5410,ENSG00000128602,SMO,16
5411,ENSG00000128604,IRF5,1
5412,ENSG00000128606,LRRC17,0
5413,ENSG00000128607,KLHDC10,13
5414,ENSG00000128609,NDUFA5,64
5415,ENSG00000128610,FEZF1,0
5416,ENSG00000128617,OPN1SW,0
5417,ENSG00000128626,MRPS12,98
5418,ENSG00000128641,MYO1B,2
5419,ENSG00000128645,HOXD1,2
5420,ENSG00000128652,HOXD3,0
5421,ENSG00000128654,MTX2,12
5422,ENSG00000128655,PDE11A,0
5423,ENSG00000128656,CHN1,0
5424,ENSG00000128683,GAD1,3
5425,ENSG00000128694,OSGEPL1,0
5426,ENSG00000128699,ORMDL1,1
5427,ENSG00000128708,HAT1,5
5428,ENSG00000128709,HOXD9,0
5429,ENSG00000128710,HOXD10,0
5430,ENSG00000128713,HOXD11,0
5431,ENSG00000128714,HOXD13,0
5432,ENSG00000128731,HERC2,7
5433,ENSG00000128739,SNRPN,59
5434,ENSG00000128789,PSMG2,40
5435,ENSG00000128791,TWSG1,1
5436,ENSG00000128805,ARHGAP22,0
5437,ENSG00000128815,WDFY4,0
5438,ENSG00000128829,EIF2AK4,0
5439,ENSG00000128833,MYO5C,2
5440,ENSG00000128849,CGNL1,4
5441,ENSG00000128872,TMOD2,4
5442,ENSG00000128881,TTBK2,1
5443,ENSG00000128886,ELL3,36
5444,ENSG00000128891,CCDC32,0
5445,ENSG00000128908,INO80,22
5446,ENSG00000128915,ICE2,37
5447,ENSG00000128917,DLL4,5
5448,ENSG00000128918,ALDH1A2,2
5449,ENSG00000128923,MINDY2,4
5450,ENSG00000128928,IVD,0
5451,ENSG00000128944,KNSTRN,1
5452,ENSG00000128965,CHAC1,1
5453,ENSG00000128973,CLN6,0
5454,ENSG00000129003,VPS13C,0
5455,ENSG00000129007,CALML4,79
5456,ENSG00000129009,ISLR,0
5457,ENSG00000129038,LOXL1,1
5458,ENSG00000129048,ACKR4,6
5459,ENSG00000129055,ANAPC13,39
5460,ENSG00000129071,MBD4,1
5461,ENSG00000129083,COPB1,15
5462,ENSG00000129084,PSMA1,49
5463,ENSG00000129103,SUMF2,1
5464,ENSG00000129116,PALLD,1
5465,ENSG00000129151,BBOX1,0
5466,ENSG00000129152,MYOD1,23
5467,ENSG00000129158,SERGEF,1
5468,ENSG00000129159,KCNC1,4
5469,ENSG00000129167,TPH1,1
5470,ENSG00000129170,CSRP3,4
5471,ENSG00000129173,E2F8,1
5472,ENSG00000129187,DCTD,0
5473,ENSG00000129194,SOX15,1
5474,ENSG00000129195,PIMREG,0
5475,ENSG00000129197,RPAIN,0
5476,ENSG00000129214,SHBG,1
5477,ENSG00000129219,PLD2,6
5478,ENSG00000129221,AIPL1,5
5479,ENSG00000129235,TXNDC17,0
5480,ENSG00000129244,ATP1B2,19
5481,ENSG00000129245,FXR2,13
5482,ENSG00000129250,KIF1C,4
5483,ENSG00000129255,MPDU1,0
5484,ENSG00000129292,PHF20L1,5
5485,ENSG00000129295,DNAAF11,0
5486,ENSG00000129315,CCNT1,55
5487,ENSG00000129317,PUS7L,0
5488,ENSG00000129347,KRI1,2
5489,ENSG00000129351,ILF3,0
5490,ENSG00000129353,SLC44A2,1
5491,ENSG00000129354,AP1M2,9
5492,ENSG00000129355,CDKN2D,2
5493,ENSG00000129422,MTUS1,0
5494,ENSG00000129437,KLK14,1
5495,ENSG00000129451,KLK10,0
5496,ENSG00000129455,KLK8,1
5497,ENSG00000129460,NGDN,63
5498,ENSG00000129465,RIPK3,13
5499,ENSG00000129467,ADCY4,2
5500,ENSG00000129472,RAB2B,1
5501,ENSG00000129473,BCL2L2,10
5502,ENSG00000129474,AJUBA,4
5503,ENSG00000129480,DTD2,0
5504,ENSG00000129484,PARP2,9
5505,ENSG00000129493,HEATR5A,0
5506,ENSG00000129514,FOXA1,14
5507,ENSG00000129515,SNX6,12
5508,ENSG00000129518,EAPP,2
5509,ENSG00000129521,EGLN3,6
5510,ENSG00000129535,NRL,1
5511,ENSG00000129538,RNASE1,2
5512,ENSG00000129559,NEDD8,41
5513,ENSG00000129562,DAD1,19
5514,ENSG00000129566,TEP1,19
5515,ENSG00000129595,EPB41L4A,0
5516,ENSG00000129596,CDO1,0
5517,ENSG00000129625,REEP5,1
5518,ENSG00000129636,ITFG1,0
5519,ENSG00000129654,FOXJ1,0
5520,ENSG00000129657,SEC14L1,0
5521,ENSG00000129667,RHBDF2,3
5522,ENSG00000129673,AANAT,1
5523,ENSG00000129675,ARHGEF6,8
5524,ENSG00000129682,FGF13,17
5525,ENSG00000129691,ASH2L,27
5526,ENSG00000129696,TTI2,4
5527,ENSG00000129744,ART1,0
5528,ENSG00000129749,CHRNA10,1
5529,ENSG00000129810,SGO1,13
5530,ENSG00000129910,CDH15,13
5531,ENSG00000129911,KLF16,0
5532,ENSG00000129925,PGAP6,0
5533,ENSG00000129932,DOHH,0
5534,ENSG00000129933,MAU2,5
5535,ENSG00000129951,PLPPR3,0
5536,ENSG00000129968,ABHD17A,0
5537,ENSG00000129988,LBP,3
5538,ENSG00000129990,SYT5,3
5539,ENSG00000129991,TNNI3,12
5540,ENSG00000129993,CBFA2T3,10
5541,ENSG00000130005,GAMT,0
5542,ENSG00000130021,PUDP,0
5543,ENSG00000130024,PHF10,24
5544,ENSG00000130032,PRRG3,0
5545,ENSG00000130037,KCNA5,5
5546,ENSG00000130038,CRACR2A,1
5547,ENSG00000130045,NXNL2,1
5548,ENSG00000130052,STARD8,0
5549,ENSG00000130054,NALF2,0
5550,ENSG00000130055,GDPD2,0
5551,ENSG00000130066,SAT1,1
5552,ENSG00000130119,GNL3L,17
5553,ENSG00000130147,SH3BP4,0
5554,ENSG00000130150,MOSPD2,3
5555,ENSG00000130158,DOCK6,1
5556,ENSG00000130159,ECSIT,14
5557,ENSG00000130164,LDLR,5
5558,ENSG00000130165,ELOF1,8
5559,ENSG00000130173,ANGPTL8,0
5560,ENSG00000130175,PRKCSH,1
5561,ENSG00000130176,CNN1,3
5562,ENSG00000130177,CDC16,44
5563,ENSG00000130182,ZSCAN10,3
5564,ENSG00000130193,THEM6,0
5565,ENSG00000130202,NECTIN2,11
5566,ENSG00000130203,APOE,44
5567,ENSG00000130204,TOMM40,22
5568,ENSG00000130208,APOC1,18
5569,ENSG00000130222,GADD45G,5
5570,ENSG00000130224,LRCH2,0
5571,ENSG00000130226,DPP6,3
5572,ENSG00000130227,XPO7,1
5573,ENSG00000130234,ACE2,15
5574,ENSG00000130244,FAM98C,2
5575,ENSG00000130254,SAFB2,1
5576,ENSG00000130255,RPL36,109
5577,ENSG00000130270,ATP8B3,0
5578,ENSG00000130287,NCAN,6
5579,ENSG00000130294,KIF1A,4
5580,ENSG00000130299,GTPBP3,5
5581,ENSG00000130300,PLVAP,0
5582,ENSG00000130304,SLC27A1,3
5583,ENSG00000130305,NSUN5,0
5584,ENSG00000130307,USHBP1,0
5585,ENSG00000130309,COLGALT1,4
5586,ENSG00000130311,DDA1,27
5587,ENSG00000130312,MRPL34,99
5588,ENSG00000130313,PGLS,1
5589,ENSG00000130332,LSM7,69
5590,ENSG00000130338,TULP4,1
5591,ENSG00000130340,SNX9,9
5592,ENSG00000130347,RTN4IP1,1
5593,ENSG00000130348,QRSL1,3
5594,ENSG00000130349,MTRES1,51
5595,ENSG00000130368,MAS1,0
5596,ENSG00000130377,ACSBG2,0
5597,ENSG00000130382,MLLT1,50
5598,ENSG00000130385,BMP15,5
5599,ENSG00000130396,AFDN,44
5600,ENSG00000130402,ACTN4,25
5601,ENSG00000130413,STK33,0
5602,ENSG00000130414,NDUFA10,61
5603,ENSG00000130427,EPO,6
5604,ENSG00000130429,ARPC1B,16
5605,ENSG00000130433,CACNG6,25
5606,ENSG00000130449,ZSWIM6,0
5607,ENSG00000130475,FCHO1,6
5608,ENSG00000130477,UNC13A,7
5609,ENSG00000130479,MAP1S,3
5610,ENSG00000130508,PXDN,0
5611,ENSG00000130511,SSBP4,1
5612,ENSG00000130513,GDF15,2
5613,ENSG00000130517,PGPEP1,0
5614,ENSG00000130520,LSM4,69
5615,ENSG00000130522,JUND,16
5616,ENSG00000130528,HRC,4
5617,ENSG00000130529,TRPM4,13
5618,ENSG00000130540,SULT4A1,1
5619,ENSG00000130545,CRB3,5
5620,ENSG00000130558,OLFM1,1
5621,ENSG00000130559,CAMSAP1,4
5622,ENSG00000130560,UBAC1,1
5623,ENSG00000130561,SAG,4
5624,ENSG00000130584,ZBTB46,0
5625,ENSG00000130589,HELZ2,0
5626,ENSG00000130590,SAMD10,0
5627,ENSG00000130592,LSP1,7
5628,ENSG00000130595,TNNT3,6
5629,ENSG00000130598,TNNI2,6
5630,ENSG00000130635,COL5A1,9
5631,ENSG00000130638,ATXN10,0
5632,ENSG00000130640,TUBGCP2,12
5633,ENSG00000130643,CALY,1
5634,ENSG00000130649,CYP2E1,6
5635,ENSG00000130653,PNPLA7,5
5636,ENSG00000130656,HBZ,5
5637,ENSG00000130669,PAK4,10
5638,ENSG00000130675,MNX1,0
5639,ENSG00000130695,CEP85,1
5640,ENSG00000130699,TAF4,118
5641,ENSG00000130700,GATA5,0
5642,ENSG00000130701,RBBP8NL,0
5643,ENSG00000130702,LAMA5,8
5644,ENSG00000130703,OSBPL2,0
5645,ENSG00000130707,ASS1,1
5646,ENSG00000130711,PRDM12,0
5647,ENSG00000130713,EXOSC2,22
5648,ENSG00000130714,POMT1,1
5649,ENSG00000130717,UCK1,2
5650,ENSG00000130720,FIBCD1,0
5651,ENSG00000130724,CHMP2A,32
5652,ENSG00000130725,UBE2M,9
5653,ENSG00000130726,TRIM28,28
5654,ENSG00000130731,METTL26,0
5655,ENSG00000130733,YIPF2,0
5656,ENSG00000130734,ATG4D,1
5657,ENSG00000130748,TMEM160,0
5658,ENSG00000130749,ZC3H4,1
5659,ENSG00000130751,NPAS1,0
5660,ENSG00000130755,GMFG,7
5661,ENSG00000130758,MAP3K10,1
5662,ENSG00000130762,ARHGEF16,1
5663,ENSG00000130764,LRRC47,33
5664,ENSG00000130766,SESN2,15
5665,ENSG00000130768,SMPDL3B,0
5666,ENSG00000130770,ATP5IF1,3
5667,ENSG00000130772,MED18,69
5668,ENSG00000130775,THEMIS2,0
5669,ENSG00000130779,CLIP1,10
5670,ENSG00000130783,CCDC62,0
5671,ENSG00000130787,HIP1R,7
5672,ENSG00000130803,ZNF317,0
5673,ENSG00000130810,PPAN,4
5674,ENSG00000130811,EIF3G,48
5675,ENSG00000130812,ANGPTL6,1
5676,ENSG00000130813,SHFL,0
5677,ENSG00000130816,DNMT1,43
5678,ENSG00000130818,ZNF426,0
5679,ENSG00000130822,PNCK,0
5680,ENSG00000130826,DKC1,34
5681,ENSG00000130827,PLXNA3,8
5682,ENSG00000130829,DUSP9,1
5683,ENSG00000130830,MPP1,11
5684,ENSG00000130856,ZNF236,0
5685,ENSG00000130876,SLC7A10,1
5686,ENSG00000130881,LRP3,0
5687,ENSG00000130921,MTRFR,51
5688,ENSG00000130935,NOL11,68
5689,ENSG00000130939,UBE4B,9
5690,ENSG00000130943,PKDREJ,0
5691,ENSG00000130948,HSD17B3,3
5692,ENSG00000130956,HABP4,3
5693,ENSG00000130957,FBP2,5
5694,ENSG00000130958,SLC35D2,0
5695,ENSG00000130962,PRRG1,0
5696,ENSG00000130985,UBA1,12
5697,ENSG00000130988,RGN,0
5698,ENSG00000130997,POLN,1
5699,ENSG00000131013,PPIL4,0
5700,ENSG00000131016,AKAP12,8
5701,ENSG00000131018,SYNE1,12
5702,ENSG00000131023,LATS1,12
5703,ENSG00000131037,EPS8L1,0
5704,ENSG00000131043,AAR2,14
5705,ENSG00000131044,TTLL9,0
5706,ENSG00000131051,RBM39,27
5707,ENSG00000131055,COX4I2,15
5708,ENSG00000131059,BPIFA3,0
5709,ENSG00000131061,ZNF341,0
5710,ENSG00000131067,GGT7,0
5711,ENSG00000131069,ACSS2,2
5712,ENSG00000131080,EDA2R,2
5713,ENSG00000131089,ARHGEF9,3
5714,ENSG00000131094,C1QL1,0
5715,ENSG00000131095,GFAP,1
5716,ENSG00000131096,PYY,5
5717,ENSG00000131097,HIGD1B,0
5718,ENSG00000131100,ATP6V1E1,33
5719,ENSG00000131116,ZNF428,0
5720,ENSG00000131126,TEX101,0
5721,ENSG00000131143,COX4I1,67
5722,ENSG00000131148,EMC8,9
5723,ENSG00000131149,GSE1,6
5724,ENSG00000131153,GINS2,21
5725,ENSG00000131165,CHMP1A,15
5726,ENSG00000131171,SH3BGRL,1
5727,ENSG00000131174,COX7B,64
5728,ENSG00000131183,SLC34A1,3
5729,ENSG00000131187,F12,3
5730,ENSG00000131188,PRR7,0
5731,ENSG00000131196,NFATC1,11
5732,ENSG00000131203,IDO1,2
5733,ENSG00000131236,CAP1,5
5734,ENSG00000131238,PPT1,1
5735,ENSG00000131242,RAB11FIP4,2
5736,ENSG00000131263,RLIM,8
5737,ENSG00000131264,CDX4,0
5738,ENSG00000131269,ABCB7,0
5739,ENSG00000131323,TRAF3,40
5740,ENSG00000131368,MRPS25,93
5741,ENSG00000131370,SH3BP5,3
5742,ENSG00000131373,HACL1,1
5743,ENSG00000131374,TBC1D5,10
5744,ENSG00000131375,CAPN7,0
5745,ENSG00000131378,RFTN1,0
5746,ENSG00000131379,C3orf20,0
5747,ENSG00000131381,RBSN,6
5748,ENSG00000131386,GALNT15,0
5749,ENSG00000131389,SLC6A6,0
5750,ENSG00000131398,KCNC3,0
5751,ENSG00000131400,NAPSA,0
5752,ENSG00000131408,NR1H2,10
5753,ENSG00000131409,LRRC4B,2
5754,ENSG00000131435,PDLIM4,9
5755,ENSG00000131437,KIF3A,14
5756,ENSG00000131446,MGAT1,0
5757,ENSG00000131459,GFPT2,3
5758,ENSG00000131462,TUBG1,13
5759,ENSG00000131467,PSME3,9
5760,ENSG00000131469,RPL27,100
5761,ENSG00000131470,PSMC3IP,1
5762,ENSG00000131471,AOC3,3
5763,ENSG00000131473,ACLY,1
5764,ENSG00000131475,VPS25,21
5765,ENSG00000131477,RAMP2,12
5766,ENSG00000131480,AOC2,3
5767,ENSG00000131482,G6PC1,8
5768,ENSG00000131495,NDUFA2,63
5769,ENSG00000131503,ANKHD1,0
5770,ENSG00000131504,DIAPH1,6
5771,ENSG00000131507,NDFIP1,2
5772,ENSG00000131508,UBE2D2,35
5773,ENSG00000131558,EXOC4,17
5774,ENSG00000131584,ACAP3,0
5775,ENSG00000131591,C1orf159,0
5776,ENSG00000131620,ANO1,0
5777,ENSG00000131626,PPFIA1,11
5778,ENSG00000131634,TMEM204,0
5779,ENSG00000131650,KREMEN2,3
5780,ENSG00000131652,THOC6,9
5781,ENSG00000131653,TRAF7,1
5782,ENSG00000131668,BARX1,0
5783,ENSG00000131669,NINJ1,0
5784,ENSG00000131686,CA6,0
5785,ENSG00000131697,NPHP4,7
5786,ENSG00000131711,MAP1B,3
5787,ENSG00000131724,IL13RA1,7
5788,ENSG00000131725,WDR44,0
5789,ENSG00000131730,CKMT2,0
5790,ENSG00000131732,ZCCHC9,0
5791,ENSG00000131737,KRT34,0
5792,ENSG00000131746,TNS4,1
5793,ENSG00000131747,TOP2A,6
5794,ENSG00000131748,STARD3,4
5795,ENSG00000131759,RARA,23
5796,ENSG00000131771,PPP1R1B,2
5797,ENSG00000131773,KHDRBS3,0
5798,ENSG00000131778,CHD1L,5
5799,ENSG00000131779,PEX11B,3
5800,ENSG00000131781,FMO5,0
5801,ENSG00000131788,PIAS3,5
5802,ENSG00000131791,PRKAB2,9
5803,ENSG00000131808,FSHB,2
5804,ENSG00000131828,PDHA1,0
5805,ENSG00000131831,RAI2,0
5806,ENSG00000131844,MCCC2,4
5807,ENSG00000131871,SELENOS,32
5808,ENSG00000131873,CHSY1,2
5809,ENSG00000131876,SNRPA1,103
5810,ENSG00000131899,LLGL1,9
5811,ENSG00000131910,NR0B2,9
5812,ENSG00000131914,LIN28A,2
5813,ENSG00000131931,THAP1,1
5814,ENSG00000131941,RHPN2,2
5815,ENSG00000131943,C19orf12,0
5816,ENSG00000131944,FAAP24,14
5817,ENSG00000131951,LRRC9,0
5818,ENSG00000131966,ACTR10,18
5819,ENSG00000131969,ABHD12B,0
5820,ENSG00000131979,GCH1,0
5821,ENSG00000131981,LGALS3,26
5822,ENSG00000132000,PODNL1,0
5823,ENSG00000132002,DNAJB1,23
5824,ENSG00000132003,ZSWIM4,0
5825,ENSG00000132004,FBXW9,3
5826,ENSG00000132005,RFX1,3
5827,ENSG00000132017,DCAF15,27
5828,ENSG00000132024,CC2D1A,0
5829,ENSG00000132026,RTBDN,0
5830,ENSG00000132031,MATN3,0
5831,ENSG00000132109,TRIM21,17
5832,ENSG00000132122,SPATA6,0
5833,ENSG00000132128,LRRC41,1
5834,ENSG00000132141,CCT6B,25
5835,ENSG00000132153,DHX30,0
5836,ENSG00000132155,RAF1,28
5837,ENSG00000132164,SLC6A11,1
5838,ENSG00000132170,PPARG,51
5839,ENSG00000132182,NUP210,29
5840,ENSG00000132185,FCRLA,0
5841,ENSG00000132196,HSD17B7,8
5842,ENSG00000132205,EMILIN2,0
5843,ENSG00000132254,ARFIP2,3
5844,ENSG00000132259,CNGA4,5
5845,ENSG00000132275,RRP8,5
5846,ENSG00000132294,EFR3A,0
5847,ENSG00000132297,HHLA1,0
5848,ENSG00000132300,PTCD3,93
5849,ENSG00000132305,IMMT,21
5850,ENSG00000132313,MRPL35,95
5851,ENSG00000132321,IQCA1,0
5852,ENSG00000132323,ILKAP,0
5853,ENSG00000132326,PER2,17
5854,ENSG00000132329,RAMP1,12
5855,ENSG00000132330,SCLY,0
5856,ENSG00000132334,PTPRE,0
5857,ENSG00000132341,RAN,30
5858,ENSG00000132356,PRKAA1,7
5859,ENSG00000132357,CARD6,1
5860,ENSG00000132359,RAP1GAP2,2
5861,ENSG00000132361,CLUH,0
5862,ENSG00000132376,INPP5K,3
5863,ENSG00000132382,MYBBP1A,11
5864,ENSG00000132383,RPA1,52
5865,ENSG00000132386,SERPINF1,1
5866,ENSG00000132388,UBE2G1,6
5867,ENSG00000132394,EEFSEC,55
5868,ENSG00000132405,TBC1D14,3
5869,ENSG00000132406,TMEM128,0
5870,ENSG00000132423,COQ3,5
5871,ENSG00000132424,PNISR,0
5872,ENSG00000132429,POPDC3,0
5873,ENSG00000132432,SEC61G,77
5874,ENSG00000132434,LANCL2,0
5875,ENSG00000132436,FIGNL1,0
5876,ENSG00000132437,DDC,1
5877,ENSG00000132463,GRSF1,0
5878,ENSG00000132464,ENAM,1
5879,ENSG00000132465,JCHAIN,0
5880,ENSG00000132466,ANKRD17,0
5881,ENSG00000132467,UTP3,69
5882,ENSG00000132470,ITGB4,33
5883,ENSG00000132471,WBP2,4
5884,ENSG00000132475,H3-3B,101
5885,ENSG00000132478,UNK,0
5886,ENSG00000132481,TRIM47,0
5887,ENSG00000132485,ZRANB2,1
5888,ENSG00000132510,KDM6B,11
5889,ENSG00000132518,GUCY2D,1
5890,ENSG00000132522,GPS2,5
5891,ENSG00000132535,DLG4,82
5892,ENSG00000132541,RIDA,1
5893,ENSG00000132549,VPS13B,0
5894,ENSG00000132554,RGS22,0
5895,ENSG00000132561,MATN2,0
5896,ENSG00000132563,REEP2,0
5897,ENSG00000132570,PCBD2,1
5898,ENSG00000132581,SDF2,23
5899,ENSG00000132589,FLOT2,6
5900,ENSG00000132591,ERAL1,37
5901,ENSG00000132600,PRMT7,1
5902,ENSG00000132603,NIP7,21
5903,ENSG00000132604,TERF2,13
5904,ENSG00000132612,VPS4A,12
5905,ENSG00000132613,MTSS2,0
5906,ENSG00000132622,HSPA12B,1
5907,ENSG00000132623,ANKEF1,0
5908,ENSG00000132631,SCP2D1,0
5909,ENSG00000132635,PCED1A,0
5910,ENSG00000132639,SNAP25,45
5911,ENSG00000132640,BTBD3,0
5912,ENSG00000132646,PCNA,59
5913,ENSG00000132661,NXT1,2
5914,ENSG00000132664,POLR3F,18
5915,ENSG00000132669,RIN2,1
5916,ENSG00000132670,PTPRA,0
5917,ENSG00000132671,SSTR4,4
5918,ENSG00000132676,DAP3,99
5919,ENSG00000132677,RHBG,0
5920,ENSG00000132680,KHDC4,0
5921,ENSG00000132681,ATP1A4,9
5922,ENSG00000132688,NES,2
5923,ENSG00000132692,BCAN,4
5924,ENSG00000132693,CRP,3
5925,ENSG00000132694,ARHGEF11,11
5926,ENSG00000132698,RAB25,3
5927,ENSG00000132702,HAPLN2,0
5928,ENSG00000132703,APCS,3
5929,ENSG00000132716,DCAF8,26
5930,ENSG00000132718,SYT11,2
5931,ENSG00000132740,IGHMBP2,0
5932,ENSG00000132744,ACY3,0
5933,ENSG00000132749,TESMIN,0
5934,ENSG00000132763,MMACHC,1
5935,ENSG00000132768,DPH2,2
5936,ENSG00000132773,TOE1,0
5937,ENSG00000132780,NASP,9
5938,ENSG00000132781,MUTYH,3
5939,ENSG00000132792,CTNNBL1,47
5940,ENSG00000132793,LPIN3,6
5941,ENSG00000132801,ZSWIM3,0
5942,ENSG00000132819,RBM38,0
5943,ENSG00000132821,VSTM2L,0
5944,ENSG00000132823,OSER1,0
5945,ENSG00000132824,SERINC3,0
5946,ENSG00000132825,PPP1R3D,8
5947,ENSG00000132837,DMGDH,0
5948,ENSG00000132840,BHMT2,1
5949,ENSG00000132842,AP3B1,8
5950,ENSG00000132849,PATJ,19
5951,ENSG00000132854,KANK4,0
5952,ENSG00000132855,ANGPTL3,1
5953,ENSG00000132872,SYT4,0
5954,ENSG00000132874,SLC14A2,0
5955,ENSG00000132879,FBXO44,4
5956,ENSG00000132881,CPLANE2,3
5957,ENSG00000132906,CASP9,10
5958,ENSG00000132911,NMUR2,5
5959,ENSG00000132912,DCTN4,20
5960,ENSG00000132915,PDE6A,2
5961,ENSG00000132932,ATP8A2,1
5962,ENSG00000132938,MTUS2,0
5963,ENSG00000132950,ZMYM5,0
5964,ENSG00000132952,USPL1,0
5965,ENSG00000132953,XPO4,1
5966,ENSG00000132963,POMP,18
5967,ENSG00000132964,CDK8,35
5968,ENSG00000132965,ALOX5AP,1
5969,ENSG00000132970,WASF3,12
5970,ENSG00000132972,RNF17,0
5971,ENSG00000132975,GPR12,0
5972,ENSG00000133019,CHRM3,3
5973,ENSG00000133020,MYH8,14
5974,ENSG00000133026,MYH10,21
5975,ENSG00000133027,PEMT,0
5976,ENSG00000133028,SCO1,1
5977,ENSG00000133030,MPRIP,2
5978,ENSG00000133048,CHI3L1,1
5979,ENSG00000133055,MYBPH,6
5980,ENSG00000133056,PIK3C2B,6
5981,ENSG00000133059,DSTYK,0
5982,ENSG00000133063,CHIT1,0
5983,ENSG00000133065,SLC41A1,0
5984,ENSG00000133067,LGR6,4
5985,ENSG00000133069,TMCC2,1
5986,ENSG00000133083,DCLK1,0
5987,ENSG00000133101,CCNA1,17
5988,ENSG00000133103,COG6,12
5989,ENSG00000133104,SPART,3
5990,ENSG00000133105,RXFP2,3
5991,ENSG00000133106,EPSTI1,0
5992,ENSG00000133107,TRPC4,9
5993,ENSG00000133110,POSTN,5
5994,ENSG00000133111,RFXAP,3
5995,ENSG00000133115,STOML3,0
5996,ENSG00000133116,KL,18
5997,ENSG00000133119,RFC3,13
5998,ENSG00000133121,STARD13,0
5999,ENSG00000133124,IRS4,4
6000,ENSG00000133131,MORC4,0
6001,ENSG00000133135,RNF128,1
6002,ENSG00000133138,TBC1D8B,0
6003,ENSG00000133195,SLC39A11,0
6004,ENSG00000133216,EPHB2,12
6005,ENSG00000133226,SRRM1,92
6006,ENSG00000133243,BTBD2,0
6007,ENSG00000133246,PRAM1,0
6008,ENSG00000133247,KMT5C,0
6009,ENSG00000133250,ZNF414,0
6010,ENSG00000133256,PDE6B,2
6011,ENSG00000133265,HSPBP1,7
6012,ENSG00000133275,CSNK1G2,5
6013,ENSG00000133302,SLF1,5
6014,ENSG00000133313,CNDP2,2
6015,ENSG00000133315,MACROD1,0
6016,ENSG00000133316,WDR74,18
6017,ENSG00000133317,LGALS12,0
6018,ENSG00000133318,RTN3,1
6019,ENSG00000133392,MYH11,24
6020,ENSG00000133393,CEP20,1
6021,ENSG00000133401,PDZD2,0
6022,ENSG00000133424,LARGE1,2
6023,ENSG00000133454,MYO18B,7
6024,ENSG00000133466,C1QTNF6,1
6025,ENSG00000133477,FAM83F,0
6026,ENSG00000133488,SEC14L4,0
6027,ENSG00000133574,GIMAP4,0
6028,ENSG00000133597,ADCK2,0
6029,ENSG00000133612,AGAP3,1
6030,ENSG00000133619,KRBA1,0
6031,ENSG00000133636,NTS,4
6032,ENSG00000133639,BTG1,1
6033,ENSG00000133640,LRRIQ1,0
6034,ENSG00000133641,RLIG1,0
6035,ENSG00000133657,ATP13A3,0
6036,ENSG00000133661,SFTPD,1
6037,ENSG00000133678,TMEM254,0
6038,ENSG00000133687,TMTC1,1
6039,ENSG00000133703,KRAS,21
6040,ENSG00000133704,IPO8,3
6041,ENSG00000133706,LARS1,16
6042,ENSG00000133710,SPINK5,1
6043,ENSG00000133731,IMPA1,2
6044,ENSG00000133739,LRRCC1,0
6045,ENSG00000133740,E2F5,13
6046,ENSG00000133742,CA1,1
6047,ENSG00000133773,CCDC59,0
6048,ENSG00000133789,SWAP70,0
6049,ENSG00000133794,BMAL1,19
6050,ENSG00000133800,LYVE1,1
6051,ENSG00000133805,AMPD3,2
6052,ENSG00000133812,SBF2,1
6053,ENSG00000133816,MICAL2,1
6054,ENSG00000133818,RRAS2,2
6055,ENSG00000133835,HSD17B4,4
6056,ENSG00000133858,ZFC3H1,19
6057,ENSG00000133872,SARAF,1
6058,ENSG00000133874,RNF122,0
6059,ENSG00000133878,DUSP26,0
6060,ENSG00000133884,DPF2,23
6061,ENSG00000133895,MEN1,0
6062,ENSG00000133935,ERG28,2
6063,ENSG00000133937,GSC,0
6064,ENSG00000133943,DGLUCY,0
6065,ENSG00000133958,UNC79,4
6066,ENSG00000133961,NUMB,10
6067,ENSG00000133980,VRTN,0
6068,ENSG00000133983,COX16,0
6069,ENSG00000133985,TTC9,0
6070,ENSG00000133997,MED6,70
6071,ENSG00000134001,EIF2S1,57
6072,ENSG00000134013,LOXL2,2
6073,ENSG00000134014,ELP3,5
6074,ENSG00000134028,ADAMDEC1,0
6075,ENSG00000134030,CTIF,1
6076,ENSG00000134042,MRO,0
6077,ENSG00000134046,MBD2,15
6078,ENSG00000134056,MRPS36,35
6079,ENSG00000134057,CCNB1,28
6080,ENSG00000134058,CDK7,72
6081,ENSG00000134061,CD180,2
6082,ENSG00000134070,IRAK2,8
6083,ENSG00000134072,CAMK1,1
6084,ENSG00000134077,THUMPD3,0
6085,ENSG00000134107,BHLHE40,1
6086,ENSG00000134108,ARL8B,0
6087,ENSG00000134109,EDEM1,3
6088,ENSG00000134115,CNTN6,1
6089,ENSG00000134121,CHL1,4
6090,ENSG00000134138,MEIS2,6
6091,ENSG00000134146,DPH6,0
6092,ENSG00000134152,KATNBL1,3
6093,ENSG00000134153,EMC7,9
6094,ENSG00000134160,TRPM1,0
6095,ENSG00000134183,GNAT2,6
6096,ENSG00000134193,REG4,0
6097,ENSG00000134198,TSPAN2,0
6098,ENSG00000134200,TSHB,4
6099,ENSG00000134202,GSTM3,2
6100,ENSG00000134207,SYT6,0
6101,ENSG00000134215,VAV3,11
6102,ENSG00000134222,PSRC1,0
6103,ENSG00000134240,HMGCS2,1
6104,ENSG00000134242,PTPN22,5
6105,ENSG00000134243,SORT1,11
6106,ENSG00000134245,WNT2B,5
6107,ENSG00000134247,PTGFRN,4
6108,ENSG00000134248,LAMTOR5,26
6109,ENSG00000134249,ADAM30,2
6110,ENSG00000134250,NOTCH2,16
6111,ENSG00000134253,TRIM45,0
6112,ENSG00000134255,CEPT1,2
6113,ENSG00000134256,CD101,0
6114,ENSG00000134258,VTCN1,2
6115,ENSG00000134259,NGF,11
6116,ENSG00000134262,AP4B1,21
6117,ENSG00000134265,NAPG,17
6118,ENSG00000134278,SPIRE1,2
6119,ENSG00000134283,PPHLN1,2
6120,ENSG00000134285,FKBP11,1
6121,ENSG00000134287,ARF3,2
6122,ENSG00000134291,TMEM106C,0
6123,ENSG00000134294,SLC38A2,1
6124,ENSG00000134308,YWHAQ,18
6125,ENSG00000134313,KIDINS220,3
6126,ENSG00000134317,GRHL1,0
6127,ENSG00000134318,ROCK2,4
6128,ENSG00000134321,RSAD2,3
6129,ENSG00000134324,LPIN1,9
6130,ENSG00000134326,CMPK2,4
6131,ENSG00000134330,IAH1,0
6132,ENSG00000134333,LDHA,0
6133,ENSG00000134343,ANO3,0
6134,ENSG00000134352,IL6ST,18
6135,ENSG00000134363,FST,7
6136,ENSG00000134369,NAV1,0
6137,ENSG00000134371,CDC73,61
6138,ENSG00000134375,TIMM17A,8
6139,ENSG00000134376,CRB1,3
6140,ENSG00000134398,ERN2,0
6141,ENSG00000134419,RPS15A,155
6142,ENSG00000134438,RAX,0
6143,ENSG00000134440,NARS1,2
6144,ENSG00000134443,GRP,6
6145,ENSG00000134444,RELCH,0
6146,ENSG00000134452,FBH1,2
6147,ENSG00000134453,RBM17,19
6148,ENSG00000134460,IL2RA,11
6149,ENSG00000134461,ANKRD16,0
6150,ENSG00000134463,ECHDC3,0
6151,ENSG00000134470,IL15RA,5
6152,ENSG00000134480,CCNH,0
6153,ENSG00000134489,HRH4,0
6154,ENSG00000134490,TMEM241,0
6155,ENSG00000134504,KCTD1,0
6156,ENSG00000134508,CABLES1,5
6157,ENSG00000134516,DOCK2,3
6158,ENSG00000134531,EMP1,0
6159,ENSG00000134532,SOX5,4
6160,ENSG00000134533,RERG,0
6161,ENSG00000134548,SPX,3
6162,ENSG00000134569,LRP4,2
6163,ENSG00000134571,MYBPC3,9
6164,ENSG00000134574,DDB2,43
6165,ENSG00000134575,ACP2,0
6166,ENSG00000134594,RAB33A,1
6167,ENSG00000134595,SOX3,0
6168,ENSG00000134597,RBMX2,69
6169,ENSG00000134602,STK26,14
6170,ENSG00000134627,PIWIL4,5
6171,ENSG00000134640,MTNR1B,4
6172,ENSG00000134644,PUM1,3
6173,ENSG00000134684,YARS1,3
6174,ENSG00000134686,PHC2,48
6175,ENSG00000134690,CDCA8,16
6176,ENSG00000134697,GNL2,33
6177,ENSG00000134698,AGO4,30
6178,ENSG00000134709,HOOK1,4
6179,ENSG00000134744,TUT4,2
6180,ENSG00000134748,PRPF38A,71
6181,ENSG00000134755,DSC2,6
6182,ENSG00000134757,DSG3,4
6183,ENSG00000134759,ELP2,40
6184,ENSG00000134762,DSC3,5
6185,ENSG00000134765,DSC1,5
6186,ENSG00000134769,DTNA,6
6187,ENSG00000134775,FHOD3,0
6188,ENSG00000134779,TPGS2,5
6189,ENSG00000134780,DAGLA,1
6190,ENSG00000134802,SLC43A3,0
6191,ENSG00000134809,TIMM10,12
6192,ENSG00000134812,CBLIF,1
6193,ENSG00000134815,DHX34,0
6194,ENSG00000134817,APLNR,23
6195,ENSG00000134824,FADS2,0
6196,ENSG00000134825,TMEM258,19
6197,ENSG00000134830,C5AR2,2
6198,ENSG00000134851,TMEM165,0
6199,ENSG00000134852,CLOCK,15
6200,ENSG00000134853,PDGFRA,17
6201,ENSG00000134864,GGACT,0
6202,ENSG00000134871,COL4A2,4
6203,ENSG00000134873,CLDN10,0
6204,ENSG00000134874,DZIP1,0
6205,ENSG00000134882,UBAC2,9
6206,ENSG00000134884,ARGLU1,0
6207,ENSG00000134900,TPP2,0
6208,ENSG00000134901,POGLUT2,0
6209,ENSG00000134905,CARS2,1
6210,ENSG00000134909,ARHGAP32,0
6211,ENSG00000134910,STT3A,19
6212,ENSG00000134917,ADAMTS8,0
6213,ENSG00000134940,ACRV1,0
6214,ENSG00000134954,ETS1,13
6215,ENSG00000134955,SLC37A2,0
6216,ENSG00000134962,KLB,13
6217,ENSG00000134970,TMED7,25
6218,ENSG00000134982,APC,35
6219,ENSG00000134986,NREP,0
6220,ENSG00000134987,WDR36,0
6221,ENSG00000134996,OSTF1,0
6222,ENSG00000135002,RFK,4
6223,ENSG00000135018,UBQLN1,13
6224,ENSG00000135040,NAA35,6
6225,ENSG00000135045,C9orf40,0
6226,ENSG00000135046,ANXA1,7
6227,ENSG00000135048,CEMIP2,0
6228,ENSG00000135049,AGTPBP1,0
6229,ENSG00000135052,GOLM1,0
6230,ENSG00000135063,ENTREP1,0
6231,ENSG00000135069,PSAT1,0
6232,ENSG00000135077,HAVCR2,6
6233,ENSG00000135083,CCNJL,0
6234,ENSG00000135090,TAOK3,2
6235,ENSG00000135093,USP30,5
6236,ENSG00000135094,SDS,1
6237,ENSG00000135097,MSI1,2
6238,ENSG00000135100,HNF1A,4
6239,ENSG00000135108,FBXO21,3
6240,ENSG00000135111,TBX3,1
6241,ENSG00000135114,OASL,1
6242,ENSG00000135116,HRK,4
6243,ENSG00000135119,RNFT2,0
6244,ENSG00000135124,P2RX4,10
6245,ENSG00000135127,BICDL1,15
6246,ENSG00000135144,DTX1,3
6247,ENSG00000135148,TRAFD1,0
6248,ENSG00000135185,TMEM243,0
6249,ENSG00000135205,CCDC146,0
6250,ENSG00000135211,TMEM60,0
6251,ENSG00000135218,CD36,22
6252,ENSG00000135241,PNPLA8,0
6253,ENSG00000135245,HILPDA,1
6254,ENSG00000135248,GARIN1B,0
6255,ENSG00000135249,RINT1,8
6256,ENSG00000135250,SRPK2,2
6257,ENSG00000135253,KCP,0
6258,ENSG00000135272,MDFIC,0
6259,ENSG00000135297,MTO1,2
6260,ENSG00000135298,ADGRB3,0
6261,ENSG00000135299,ANKRD6,3
6262,ENSG00000135312,HTR1B,5
6263,ENSG00000135315,CEP162,0
6264,ENSG00000135316,SYNCRIP,18
6265,ENSG00000135317,SNX14,0
6266,ENSG00000135318,NT5E,11
6267,ENSG00000135324,MRAP2,0
6268,ENSG00000135333,EPHA7,8
6269,ENSG00000135334,AKIRIN2,15
6270,ENSG00000135336,ORC3,17
6271,ENSG00000135338,LCA5,0
6272,ENSG00000135341,MAP3K7,57
6273,ENSG00000135346,CGA,7
6274,ENSG00000135355,GJA10,0
6275,ENSG00000135362,PRR5L,9
6276,ENSG00000135363,LMO2,12
6277,ENSG00000135365,PHF21A,32
6278,ENSG00000135372,NAT10,74
6279,ENSG00000135373,EHF,0
6280,ENSG00000135374,ELF5,0
6281,ENSG00000135378,PRRG4,0
6282,ENSG00000135387,CAPRIN1,6
6283,ENSG00000135390,ATP5MC2,19
6284,ENSG00000135392,DNAJC14,0
6285,ENSG00000135404,CD63,17
6286,ENSG00000135406,PRPH,2
6287,ENSG00000135407,AVIL,0
6288,ENSG00000135409,AMHR2,6
6289,ENSG00000135414,GDF11,9
6290,ENSG00000135423,GLS2,2
6291,ENSG00000135424,ITGA7,4
6292,ENSG00000135426,TESPA1,15
6293,ENSG00000135436,FAM186B,0
6294,ENSG00000135437,RDH5,3
6295,ENSG00000135439,AGAP2,2
6296,ENSG00000135441,BLOC1S1,18
6297,ENSG00000135443,KRT85,0
6298,ENSG00000135446,CDK4,38
6299,ENSG00000135447,PPP1R1A,0
6300,ENSG00000135451,TROAP,1
6301,ENSG00000135452,TSPAN31,0
6302,ENSG00000135454,B4GALNT1,2
6303,ENSG00000135457,TFCP2,1
6304,ENSG00000135469,COQ10A,0
6305,ENSG00000135472,FAIM2,0
6306,ENSG00000135473,PAN2,1
6307,ENSG00000135476,ESPL1,3
6308,ENSG00000135480,KRT7,1
6309,ENSG00000135482,ZC3H10,0
6310,ENSG00000135503,ACVR1B,10
6311,ENSG00000135506,OS9,22
6312,ENSG00000135517,MIP,5
6313,ENSG00000135519,KCNH3,0
6314,ENSG00000135521,LTV1,39
6315,ENSG00000135525,MAP7,2
6316,ENSG00000135535,CD164,0
6317,ENSG00000135537,AFG1L,0
6318,ENSG00000135540,NHSL1,0
6319,ENSG00000135541,AHI1,18
6320,ENSG00000135547,HEY2,2
6321,ENSG00000135549,PKIB,0
6322,ENSG00000135569,TAAR5,0
6323,ENSG00000135577,NMBR,5
6324,ENSG00000135587,SMPD2,6
6325,ENSG00000135596,MICAL1,2
6326,ENSG00000135597,REPS1,10
6327,ENSG00000135604,STX11,13
6328,ENSG00000135605,TEC,6
6329,ENSG00000135617,PRADC1,0
6330,ENSG00000135622,SEMA4F,0
6331,ENSG00000135624,CCT7,49
6332,ENSG00000135625,EGR4,0
6333,ENSG00000135631,RAB11FIP5,5
6334,ENSG00000135632,SMYD5,0
6335,ENSG00000135636,DYSF,9
6336,ENSG00000135637,CCDC142,0
6337,ENSG00000135638,EMX1,0
6338,ENSG00000135643,KCNMB4,7
6339,ENSG00000135655,USP15,13
6340,ENSG00000135677,GNS,0
6341,ENSG00000135678,CPM,0
6342,ENSG00000135679,MDM2,58
6343,ENSG00000135686,KLHL36,0
6344,ENSG00000135697,BCO1,0
6345,ENSG00000135698,MPHOSPH6,18
6346,ENSG00000135709,KIAA0513,0
6347,ENSG00000135720,DYNC1LI2,26
6348,ENSG00000135722,FBXL8,2
6349,ENSG00000135723,FHOD1,2
6350,ENSG00000135736,CCDC102A,0
6351,ENSG00000135740,SLC9A5,0
6352,ENSG00000135744,AGT,7
6353,ENSG00000135749,PCNX2,0
6354,ENSG00000135750,KCNK1,2
6355,ENSG00000135763,URB2,0
6356,ENSG00000135766,EGLN1,7
6357,ENSG00000135773,CAPN9,0
6358,ENSG00000135775,COG2,6
6359,ENSG00000135776,ABCB10,2
6360,ENSG00000135778,NTPCR,0
6361,ENSG00000135801,TAF5L,36
6362,ENSG00000135821,GLUL,4
6363,ENSG00000135823,STX6,41
6364,ENSG00000135824,RGS8,1
6365,ENSG00000135828,RNASEL,2
6366,ENSG00000135829,DHX9,93
6367,ENSG00000135835,KIAA1614,0
6368,ENSG00000135837,CEP350,2
6369,ENSG00000135838,NPL,1
6370,ENSG00000135842,NIBAN1,0
6371,ENSG00000135845,PIGC,6
6372,ENSG00000135862,LAMC1,13
6373,ENSG00000135870,RC3H1,1
6374,ENSG00000135898,GPR55,3
6375,ENSG00000135900,MRPL44,98
6376,ENSG00000135902,CHRND,11
6377,ENSG00000135903,PAX3,4
6378,ENSG00000135905,DOCK10,2
6379,ENSG00000135912,TTLL4,0
6380,ENSG00000135913,USP37,2
6381,ENSG00000135914,HTR2B,4
6382,ENSG00000135916,ITM2C,0
6383,ENSG00000135917,SLC19A3,1
6384,ENSG00000135919,SERPINE2,4
6385,ENSG00000135924,DNAJB2,1
6386,ENSG00000135925,WNT10A,3
6387,ENSG00000135926,TMBIM1,0
6388,ENSG00000135929,CYP27A1,0
6389,ENSG00000135930,EIF4E2,24
6390,ENSG00000135931,ARMC9,0
6391,ENSG00000135932,CAB39,7
6392,ENSG00000135945,REV1,12
6393,ENSG00000135951,TSGA10,0
6394,ENSG00000135953,MFSD9,0
6395,ENSG00000135956,TMEM127,0
6396,ENSG00000135960,EDAR,2
6397,ENSG00000135966,TGFBRAP1,8
6398,ENSG00000135968,GCC2,7
6399,ENSG00000135972,MRPS9,101
6400,ENSG00000135973,GPR45,0
6401,ENSG00000135974,C2orf49,5
6402,ENSG00000135999,EPC2,31
6403,ENSG00000136010,ALDH1L2,1
6404,ENSG00000136011,STAB2,1
6405,ENSG00000136014,USP44,2
6406,ENSG00000136021,SCYL2,0
6407,ENSG00000136026,CKAP4,1
6408,ENSG00000136040,PLXNC1,1
6409,ENSG00000136044,APPL2,1
6410,ENSG00000136045,PWP1,1
6411,ENSG00000136048,DRAM1,0
6412,ENSG00000136051,WASHC4,3
6413,ENSG00000136052,SLC41A2,0
6414,ENSG00000136059,VILL,0
6415,ENSG00000136068,FLNB,21
6416,ENSG00000136098,NEK3,0
6417,ENSG00000136099,PCDH8,0
6418,ENSG00000136100,VPS36,27
6419,ENSG00000136104,RNASEH2B,3
6420,ENSG00000136108,CKAP2,0
6421,ENSG00000136110,CNMD,0
6422,ENSG00000136111,TBC1D4,4
6423,ENSG00000136114,THSD1,0
6424,ENSG00000136122,BORA,1
6425,ENSG00000136141,LRCH1,1
6426,ENSG00000136143,SUCLA2,3
6427,ENSG00000136144,RCBTB1,0
6428,ENSG00000136146,MED4,73
6429,ENSG00000136152,COG3,8
6430,ENSG00000136153,LMO7,4
6431,ENSG00000136155,SCEL,0
6432,ENSG00000136156,ITM2B,0
6433,ENSG00000136158,SPRY2,4
6434,ENSG00000136159,NUDT15,0
6435,ENSG00000136160,EDNRB,8
6436,ENSG00000136161,RCBTB2,0
6437,ENSG00000136167,LCP1,1
6438,ENSG00000136169,SETDB2,1
6439,ENSG00000136193,SCRN1,0
6440,ENSG00000136197,C7orf25,0
6441,ENSG00000136205,TNS3,1
6442,ENSG00000136213,CHST12,2
6443,ENSG00000136231,IGF2BP3,3
6444,ENSG00000136235,GPNMB,3
6445,ENSG00000136237,RAPGEF5,0
6446,ENSG00000136238,RAC1,39
6447,ENSG00000136240,KDELR2,2
6448,ENSG00000136243,NUP42,21
6449,ENSG00000136247,ZDHHC4,0
6450,ENSG00000136250,AOAH,0
6451,ENSG00000136261,BZW2,0
6452,ENSG00000136267,DGKB,0
6453,ENSG00000136270,TBRG4,0
6454,ENSG00000136271,DDX56,3
6455,ENSG00000136273,HUS1,11
6456,ENSG00000136274,NACAD,0
6457,ENSG00000136279,DBNL,1
6458,ENSG00000136280,CCM2,5
6459,ENSG00000136286,MYO1G,1
6460,ENSG00000136295,TTYH3,0
6461,ENSG00000136297,MMD2,0
6462,ENSG00000136305,CIDEB,0
6463,ENSG00000136319,TTC5,30
6464,ENSG00000136327,NKX2-8,0
6465,ENSG00000136352,NKX2-1,2
6466,ENSG00000136367,ZFHX2,0
6467,ENSG00000136378,ADAMTS7,1
6468,ENSG00000136379,ABHD17C,0
6469,ENSG00000136381,IREB2,4
6470,ENSG00000136383,ALPK3,0
6471,ENSG00000136404,TM6SF1,0
6472,ENSG00000136425,CIB2,4
6473,ENSG00000136444,RSAD1,1
6474,ENSG00000136448,NMT1,0
6475,ENSG00000136449,MYCBPAP,0
6476,ENSG00000136450,SRSF1,73
6477,ENSG00000136451,VEZF1,0
6478,ENSG00000136457,CHAD,0
6479,ENSG00000136463,TACO1,0
6480,ENSG00000136478,TEX2,0
6481,ENSG00000136485,DCAF7,40
6482,ENSG00000136490,LIMD2,0
6483,ENSG00000136492,BRIP1,19
6484,ENSG00000136504,KAT7,13
6485,ENSG00000136518,ACTL6A,76
6486,ENSG00000136521,NDUFB5,63
6487,ENSG00000136522,MRPL47,103
6488,ENSG00000136527,TRA2B,8
6489,ENSG00000136531,SCN2A,18
6490,ENSG00000136535,TBR1,1
6491,ENSG00000136536,MARCHF7,0
6492,ENSG00000136541,ERMN,0
6493,ENSG00000136542,GALNT5,0
6494,ENSG00000136546,SCN7A,4
6495,ENSG00000136560,TANK,17
6496,ENSG00000136573,BLK,0
6497,ENSG00000136574,GATA4,18
6498,ENSG00000136603,SKIL,5
6499,ENSG00000136628,EPRS1,23
6500,ENSG00000136630,HLX,0
6501,ENSG00000136631,VPS45,14
6502,ENSG00000136634,IL10,8
6503,ENSG00000136636,KCTD3,1
6504,ENSG00000136643,RPS6KC1,0
6505,ENSG00000136689,IL1RN,4
6506,ENSG00000136694,IL36A,2
6507,ENSG00000136695,IL36RN,2
6508,ENSG00000136697,IL1F10,3
6509,ENSG00000136699,SMPD4,6
6510,ENSG00000136709,WDR33,15
6511,ENSG00000136710,CCDC115,22
6512,ENSG00000136715,SAP130,31
6513,ENSG00000136717,BIN1,11
6514,ENSG00000136718,IMP4,68
6515,ENSG00000136720,HS6ST1,0
6516,ENSG00000136731,UGGT1,3
6517,ENSG00000136732,GYPC,9
6518,ENSG00000136738,STAM,27
6519,ENSG00000136750,GAD2,4
6520,ENSG00000136754,ABI1,19
6521,ENSG00000136758,YME1L1,3
6522,ENSG00000136770,DNAJC1,1
6523,ENSG00000136802,LRRC8A,4
6524,ENSG00000136807,CDK9,68
6525,ENSG00000136810,TXN,8
6526,ENSG00000136811,ODF2,9
6527,ENSG00000136813,ECPAS,5
6528,ENSG00000136816,TOR1B,1
6529,ENSG00000136819,C9orf78,2
6530,ENSG00000136824,SMC2,7
6531,ENSG00000136826,KLF4,7
6532,ENSG00000136827,TOR1A,4
6533,ENSG00000136828,RALGPS1,0
6534,ENSG00000136830,NIBAN2,0
6535,ENSG00000136834,OR1J1,0
6536,ENSG00000136840,ST6GALNAC4,0
6537,ENSG00000136842,TMOD1,5
6538,ENSG00000136848,DAB2IP,1
6539,ENSG00000136854,STXBP1,13
6540,ENSG00000136856,SLC2A8,0
6541,ENSG00000136859,ANGPTL2,0
6542,ENSG00000136861,CDK5RAP2,3
6543,ENSG00000136866,ZFP37,0
6544,ENSG00000136867,SLC31A2,0
6545,ENSG00000136868,SLC31A1,0
6546,ENSG00000136869,TLR4,54
6547,ENSG00000136870,ZNF189,0
6548,ENSG00000136872,ALDOB,1
6549,ENSG00000136874,STX17,27
6550,ENSG00000136875,PRPF4,55
6551,ENSG00000136877,FPGS,0
6552,ENSG00000136878,USP20,2
6553,ENSG00000136881,BAAT,0
6554,ENSG00000136883,KIF12,0
6555,ENSG00000136888,ATP6V1G1,27
6556,ENSG00000136891,TEX10,27
6557,ENSG00000136895,GARNL3,0
6558,ENSG00000136897,MRPL50,97
6559,ENSG00000136908,DPM2,7
6560,ENSG00000136918,WDR38,0
6561,ENSG00000136925,TSTD2,0
6562,ENSG00000136928,GABBR2,15
6563,ENSG00000136930,PSMB7,47
6564,ENSG00000136931,NR5A1,6
6565,ENSG00000136932,TRMO,0
6566,ENSG00000136933,RABEPK,2
6567,ENSG00000136935,GOLGA1,1
6568,ENSG00000136936,XPA,24
6569,ENSG00000136937,NCBP1,67
6570,ENSG00000136938,ANP32B,1
6571,ENSG00000136940,PDCL,12
6572,ENSG00000136944,LMX1B,1
6573,ENSG00000136950,ARPC5L,10
6574,ENSG00000136960,ENPP2,0
6575,ENSG00000136982,DSCC1,6
6576,ENSG00000136986,DERL1,20
6577,ENSG00000136997,MYC,63
6578,ENSG00000136999,CCN3,1
6579,ENSG00000137033,IL33,7
6580,ENSG00000137038,DMAC1,0
6581,ENSG00000137040,RANBP6,1
6582,ENSG00000137054,POLR1E,13
6583,ENSG00000137055,PLAA,7
6584,ENSG00000137073,UBAP2,0
6585,ENSG00000137074,APTX,3
6586,ENSG00000137075,RNF38,5
6587,ENSG00000137076,TLN1,42
6588,ENSG00000137078,SIT1,0
6589,ENSG00000137090,DMRT1,0
6590,ENSG00000137094,DNAJB5,0
6591,ENSG00000137098,SPAG8,31
6592,ENSG00000137100,DCTN3,19
6593,ENSG00000137101,CD72,3
6594,ENSG00000137103,TMEM8B,0
6595,ENSG00000137106,GRHPR,2
6596,ENSG00000137124,ALDH1B1,2
6597,ENSG00000137133,HINT2,0
6598,ENSG00000137135,ARHGEF39,0
6599,ENSG00000137142,IGFBPL1,0
6600,ENSG00000137145,DENND4C,0
6601,ENSG00000137154,RPS6,164
6602,ENSG00000137161,CNPY3,1
6603,ENSG00000137166,FOXP4,0
6604,ENSG00000137168,PPIL1,74
6605,ENSG00000137171,KLC4,10
6606,ENSG00000137177,KIF13A,0
6607,ENSG00000137193,PIM1,1
6608,ENSG00000137198,GMPR,1
6609,ENSG00000137200,CMTR1,0
6610,ENSG00000137203,TFAP2A,0
6611,ENSG00000137204,SLC22A7,1
6612,ENSG00000137207,YIPF3,0
6613,ENSG00000137216,TMEM63B,0
6614,ENSG00000137218,FRS3,4
6615,ENSG00000137221,TJAP1,3
6616,ENSG00000137225,CAPN11,0
6617,ENSG00000137251,TINAG,0
6618,ENSG00000137252,HCRTR2,5
6619,ENSG00000137261,KIAA0319,0
6620,ENSG00000137265,IRF4,7
6621,ENSG00000137266,SLC22A23,0
6622,ENSG00000137267,TUBB2A,23
6623,ENSG00000137269,LRRC1,0
6624,ENSG00000137270,GCM1,1
6625,ENSG00000137273,FOXF2,0
6626,ENSG00000137274,BPHL,0
6627,ENSG00000137275,RIPK1,50
6628,ENSG00000137285,TUBB2B,35
6629,ENSG00000137288,UQCC2,1
6630,ENSG00000137309,HMGA1,3
6631,ENSG00000137310,TCF19,0
6632,ENSG00000137312,FLOT1,9
6633,ENSG00000137331,IER3,2
6634,ENSG00000137343,ATAT1,0
6635,ENSG00000137364,TPMT,0
6636,ENSG00000137392,CLPS,2
6637,ENSG00000137393,RNF144B,0
6638,ENSG00000137404,NRM,0
6639,ENSG00000137409,MTCH1,1
6640,ENSG00000137411,VARS2,1
6641,ENSG00000137413,TAF8,63
6642,ENSG00000137414,FAM8A1,6
6643,ENSG00000137440,FGFBP1,15
6644,ENSG00000137449,CPEB2,5
6645,ENSG00000137460,FHDC1,0
6646,ENSG00000137462,TLR2,36
6647,ENSG00000137473,TTC29,0
6648,ENSG00000137474,MYO7A,21
6649,ENSG00000137478,FCHSD2,2
6650,ENSG00000137486,ARRB1,61
6651,ENSG00000137491,SLCO2B1,0
6652,ENSG00000137492,THAP12,0
6653,ENSG00000137494,ANKRD42,0
6654,ENSG00000137496,IL18BP,1
6655,ENSG00000137497,NUMA1,5
6656,ENSG00000137500,CCDC90B,0
6657,ENSG00000137501,SYTL2,2
6658,ENSG00000137502,RAB30,1
6659,ENSG00000137504,CREBZF,2
6660,ENSG00000137507,LRRC32,1
6661,ENSG00000137509,PRCP,5
6662,ENSG00000137513,NARS2,2
6663,ENSG00000137522,RNF121,0
6664,ENSG00000137547,MRPL15,98
6665,ENSG00000137558,PI15,0
6666,ENSG00000137561,TTPA,0
6667,ENSG00000137563,GGH,0
6668,ENSG00000137571,SLCO5A1,0
6669,ENSG00000137573,SULF1,0
6670,ENSG00000137574,TGS1,2
6671,ENSG00000137575,SDCBP,12
6672,ENSG00000137601,NEK1,2
6673,ENSG00000137628,DDX60,3
6674,ENSG00000137634,NXPE4,0
6675,ENSG00000137642,SORL1,6
6676,ENSG00000137648,TMPRSS4,1
6677,ENSG00000137656,BUD13,69
6678,ENSG00000137672,TRPC6,9
6679,ENSG00000137673,MMP7,5
6680,ENSG00000137674,MMP20,0
6681,ENSG00000137675,MMP27,0
6682,ENSG00000137691,CFAP300,0
6683,ENSG00000137692,DCUN1D5,6
6684,ENSG00000137693,YAP1,37
6685,ENSG00000137699,TRIM29,1
6686,ENSG00000137700,SLC37A4,0
6687,ENSG00000137707,BTG4,2
6688,ENSG00000137709,POU2F3,2
6689,ENSG00000137710,RDX,28
6690,ENSG00000137713,PPP2R1B,35
6691,ENSG00000137714,FDX1,2
6692,ENSG00000137720,CFAP68,31
6693,ENSG00000137726,FXYD6,0
6694,ENSG00000137727,ARHGAP20,1
6695,ENSG00000137731,FXYD2,9
6696,ENSG00000137745,MMP13,0
6697,ENSG00000137747,TMPRSS13,0
6698,ENSG00000137760,ALKBH8,1
6699,ENSG00000137764,MAP2K5,3
6700,ENSG00000137766,UNC13C,3
6701,ENSG00000137767,SQOR,0
6702,ENSG00000137770,CTDSPL2,0
6703,ENSG00000137776,SLTM,0
6704,ENSG00000137801,THBS1,27
6705,ENSG00000137802,MAPKBP1,0
6706,ENSG00000137804,NUSAP1,0
6707,ENSG00000137806,NDUFAF1,49
6708,ENSG00000137807,KIF23,5
6709,ENSG00000137809,ITGA11,18
6710,ENSG00000137812,KNL1,14
6711,ENSG00000137814,HAUS2,8
6712,ENSG00000137815,RTF1,54
6713,ENSG00000137817,PARP6,0
6714,ENSG00000137819,PAQR5,0
6715,ENSG00000137821,LRRC49,4
6716,ENSG00000137822,TUBGCP4,16
6717,ENSG00000137824,RMDN3,8
6718,ENSG00000137825,ITPKA,4
6719,ENSG00000137831,UACA,1
6720,ENSG00000137834,SMAD6,9
6721,ENSG00000137841,PLCB2,2
6722,ENSG00000137842,TMEM62,0
6723,ENSG00000137843,PAK6,7
6724,ENSG00000137845,ADAM10,26
6725,ENSG00000137857,DUOX1,10
6726,ENSG00000137868,STRA6,2
6727,ENSG00000137869,CYP19A1,1
6728,ENSG00000137871,ZNF280D,0
6729,ENSG00000137872,SEMA6D,6
6730,ENSG00000137876,RSL24D1,44
6731,ENSG00000137877,SPTBN5,10
6732,ENSG00000137880,GCHFR,0
6733,ENSG00000137936,BCAR3,2
6734,ENSG00000137941,TTLL7,0
6735,ENSG00000137942,FNBP1L,5
6736,ENSG00000137944,KYAT3,4
6737,ENSG00000137947,GTF2B,74
6738,ENSG00000137948,BRDT,5
6739,ENSG00000137955,RABGGTB,11
6740,ENSG00000137960,GIPC2,0
6741,ENSG00000137962,ARHGAP29,2
6742,ENSG00000137965,IFI44,0
6743,ENSG00000137968,SLC44A5,0
6744,ENSG00000137975,CLCA2,1
6745,ENSG00000137976,DNASE2B,1
6746,ENSG00000137992,DBT,5
6747,ENSG00000137996,RTCA,0
6748,ENSG00000138002,IFT172,14
6749,ENSG00000138018,SELENOI,1
6750,ENSG00000138028,CGREF1,0
6751,ENSG00000138029,HADHB,3
6752,ENSG00000138030,KHK,0
6753,ENSG00000138031,ADCY3,5
6754,ENSG00000138032,PPM1B,1
6755,ENSG00000138035,PNPT1,19
6756,ENSG00000138036,DYNC2LI1,16
6757,ENSG00000138039,LHCGR,3
6758,ENSG00000138050,THUMPD2,0
6759,ENSG00000138061,CYP1B1,2
6760,ENSG00000138068,SULT6B1,0
6761,ENSG00000138069,RAB1A,14
6762,ENSG00000138071,ACTR2,21
6763,ENSG00000138073,PREB,0
6764,ENSG00000138074,SLC5A6,1
6765,ENSG00000138075,ABCG5,16
6766,ENSG00000138078,PREPL,0
6767,ENSG00000138079,SLC3A1,3
6768,ENSG00000138080,EMILIN1,0
6769,ENSG00000138081,FBXO11,3
6770,ENSG00000138083,SIX3,0
6771,ENSG00000138085,ATRAID,0
6772,ENSG00000138092,CENPO,15
6773,ENSG00000138095,LRPPRC,3
6774,ENSG00000138100,TRIM54,0
6775,ENSG00000138107,ACTR1A,19
6776,ENSG00000138111,MFSD13A,0
6777,ENSG00000138119,MYOF,0
6778,ENSG00000138131,LOXL4,0
6779,ENSG00000138134,STAMBPL1,4
6780,ENSG00000138135,CH25H,0
6781,ENSG00000138136,LBX1,0
6782,ENSG00000138138,ATAD1,0
6783,ENSG00000138152,BTBD16,0
6784,ENSG00000138160,KIF11,10
6785,ENSG00000138161,CUZD1,0
6786,ENSG00000138162,TACC2,1
6787,ENSG00000138166,DUSP5,1
6788,ENSG00000138172,CALHM2,0
6789,ENSG00000138175,ARL3,4
6790,ENSG00000138180,CEP55,2
6791,ENSG00000138182,KIF20B,0
6792,ENSG00000138185,ENTPD1,5
6793,ENSG00000138190,EXOC6,16
6794,ENSG00000138193,PLCE1,0
6795,ENSG00000138207,RBP4,2
6796,ENSG00000138231,DBR1,1
6797,ENSG00000138246,DNAJC13,1
6798,ENSG00000138271,GPR87,0
6799,ENSG00000138279,ANXA7,3
6800,ENSG00000138286,FAM149B1,0
6801,ENSG00000138303,ASCC1,4
6802,ENSG00000138308,PLA2G12B,0
6803,ENSG00000138311,ZNF365,0
6804,ENSG00000138315,OIT3,0
6805,ENSG00000138316,ADAMTS14,0
6806,ENSG00000138336,TET1,8
6807,ENSG00000138346,DNA2,7
6808,ENSG00000138356,AOX1,2
6809,ENSG00000138363,ATIC,5
6810,ENSG00000138375,SMARCAL1,4
6811,ENSG00000138376,BARD1,56
6812,ENSG00000138378,STAT4,6
6813,ENSG00000138379,MSTN,12
6814,ENSG00000138380,CARF,0
6815,ENSG00000138381,ASNSD1,0
6816,ENSG00000138382,METTL5,4
6817,ENSG00000138385,SSB,2
6818,ENSG00000138386,NAB1,3
6819,ENSG00000138395,CDK15,0
6820,ENSG00000138398,PPIG,37
6821,ENSG00000138399,FASTKD1,0
6822,ENSG00000138400,MDH1B,0
6823,ENSG00000138411,HECW2,0
6824,ENSG00000138413,IDH1,3
6825,ENSG00000138430,OLA1,2
6826,ENSG00000138433,CIR1,22
6827,ENSG00000138434,ITPRID2,0
6828,ENSG00000138435,CHRNA1,5
6829,ENSG00000138439,FAM117B,0
6830,ENSG00000138442,WDR12,26
6831,ENSG00000138443,ABI2,16
6832,ENSG00000138448,ITGAV,34
6833,ENSG00000138449,SLC40A1,4
6834,ENSG00000138459,SLC35A5,0
6835,ENSG00000138463,SLC49A4,0
6836,ENSG00000138468,SENP7,0
6837,ENSG00000138483,CCDC54,0
6838,ENSG00000138495,COX17,1
6839,ENSG00000138496,PARP9,1
6840,ENSG00000138587,MNS1,31
6841,ENSG00000138592,USP8,11
6842,ENSG00000138593,SECISBP2L,0
6843,ENSG00000138594,TMOD3,4
6844,ENSG00000138600,SPPL2A,0
6845,ENSG00000138604,GLCE,0
6846,ENSG00000138606,SHF,0
6847,ENSG00000138614,INTS14,15
6848,ENSG00000138615,CILP,1
6849,ENSG00000138617,PARP16,0
6850,ENSG00000138621,PPCDC,0
6851,ENSG00000138622,HCN4,4
6852,ENSG00000138623,SEMA7A,2
6853,ENSG00000138629,UBL7,5
6854,ENSG00000138639,ARHGAP24,1
6855,ENSG00000138640,FAM13A,0
6856,ENSG00000138641,HERC3,2
6857,ENSG00000138642,HERC6,0
6858,ENSG00000138650,PCDH10,6
6859,ENSG00000138653,NDST4,0
6860,ENSG00000138660,AP1AR,0
6861,ENSG00000138663,COPS4,23
6862,ENSG00000138668,HNRNPD,19
6863,ENSG00000138669,PRKG2,3
6864,ENSG00000138670,RASGEF1B,0
6865,ENSG00000138674,SEC31A,16
6866,ENSG00000138675,FGF5,12
6867,ENSG00000138678,GPAT3,3
6868,ENSG00000138684,IL21,2
6869,ENSG00000138685,FGF2,33
6870,ENSG00000138686,BBS7,10
6871,ENSG00000138688,BLTP1,0
6872,ENSG00000138696,BMPR1B,19
6873,ENSG00000138698,RAP1GDS1,2
6874,ENSG00000138722,MMRN1,0
6875,ENSG00000138735,PDE5A,2
6876,ENSG00000138738,PRDM5,0
6877,ENSG00000138741,TRPC3,8
6878,ENSG00000138744,NAAA,0
6879,ENSG00000138750,NUP54,25
6880,ENSG00000138755,CXCL9,16
6881,ENSG00000138756,BMP2K,0
6882,ENSG00000138757,G3BP2,6
6883,ENSG00000138758,SEPTIN11,11
6884,ENSG00000138759,FRAS1,2
6885,ENSG00000138760,SCARB2,17
6886,ENSG00000138764,CCNG2,1
6887,ENSG00000138767,CNOT6L,14
6888,ENSG00000138768,USO1,4
6889,ENSG00000138769,CDKL2,0
6890,ENSG00000138771,SHROOM3,1
6891,ENSG00000138772,ANXA3,0
6892,ENSG00000138777,PPA2,2
6893,ENSG00000138778,CENPE,9
6894,ENSG00000138780,GSTCD,0
6895,ENSG00000138785,INTS12,15
6896,ENSG00000138792,ENPEP,5
6897,ENSG00000138794,CASP6,4
6898,ENSG00000138795,LEF1,24
6899,ENSG00000138796,HADH,0
6900,ENSG00000138798,EGF,45
6901,ENSG00000138801,PAPSS1,4
6902,ENSG00000138802,SEC24B,18
6903,ENSG00000138813,C4orf17,0
6904,ENSG00000138814,PPP3CA,21
6905,ENSG00000138821,SLC39A8,1
6906,ENSG00000138823,MTTP,2
6907,ENSG00000138829,FBN2,5
6908,ENSG00000138834,MAPK8IP3,13
6909,ENSG00000138835,RGS3,4
6910,ENSG00000138867,GUCD1,0
6911,ENSG00000138892,TTLL8,0
6912,ENSG00000138942,RNF185,5
6913,ENSG00000138944,SHISAL1,0
6914,ENSG00000138964,PARVG,7
6915,ENSG00000139044,B4GALNT3,1
6916,ENSG00000139053,PDE6H,0
6917,ENSG00000139055,ERP27,0
6918,ENSG00000139083,ETV6,1
6919,ENSG00000139112,GABARAPL1,42
6920,ENSG00000139116,KIF21A,2
6921,ENSG00000139117,CPNE8,0
6922,ENSG00000139131,YARS2,1
6923,ENSG00000139132,FGD4,0
6924,ENSG00000139144,PIK3C2G,5
6925,ENSG00000139146,SINHCAF,18
6926,ENSG00000139151,PLCZ1,0
6927,ENSG00000139154,AEBP2,31
6928,ENSG00000139155,SLCO1C1,0
6929,ENSG00000139160,ETFBKMT,0
6930,ENSG00000139163,ETNK1,0
6931,ENSG00000139168,ZCRB1,21
6932,ENSG00000139173,TMEM117,0
6933,ENSG00000139174,PRICKLE1,5
6934,ENSG00000139178,C1RL,0
6935,ENSG00000139180,NDUFA9,63
6936,ENSG00000139182,CLSTN3,0
6937,ENSG00000139187,KLRG1,3
6938,ENSG00000139190,VAMP1,12
6939,ENSG00000139192,TAPBPL,2
6940,ENSG00000139193,CD27,4
6941,ENSG00000139197,PEX5,27
6942,ENSG00000139200,PIANP,0
6943,ENSG00000139209,SLC38A4,0
6944,ENSG00000139211,AMIGO2,0
6945,ENSG00000139218,SCAF11,0
6946,ENSG00000139219,COL2A1,10
6947,ENSG00000139220,PPFIA2,4
6948,ENSG00000139233,LLPH,30
6949,ENSG00000139263,LRIG3,0
6950,ENSG00000139266,MARCHF9,0
6951,ENSG00000139269,INHBE,0
6952,ENSG00000139278,GLIPR1,0
6953,ENSG00000139287,TPH2,1
6954,ENSG00000139289,PHLDA1,1
6955,ENSG00000139291,TMEM19,0
6956,ENSG00000139292,LGR5,8
6957,ENSG00000139304,PTPRQ,0
6958,ENSG00000139318,DUSP6,2
6959,ENSG00000139323,POC1B,1
6960,ENSG00000139324,TMTC3,0
6961,ENSG00000139329,LUM,12
6962,ENSG00000139330,KERA,0
6963,ENSG00000139343,SNRPF,140
6964,ENSG00000139344,AMDHD1,0
6965,ENSG00000139350,NEDD1,10
6966,ENSG00000139352,ASCL1,4
6967,ENSG00000139354,GAS2L3,0
6968,ENSG00000139364,TMEM132B,0
6969,ENSG00000139370,SLC15A4,0
6970,ENSG00000139372,TDG,5
6971,ENSG00000139405,RITA1,0
6972,ENSG00000139410,SDSL,1
6973,ENSG00000139428,MMAB,0
6974,ENSG00000139433,GLTP,0
6975,ENSG00000139436,GIT2,8
6976,ENSG00000139438,FAM222A,0
6977,ENSG00000139445,FOXN4,0
6978,ENSG00000139496,NUP58,23
6979,ENSG00000139505,MTMR6,1
6980,ENSG00000139508,SLC46A3,0
6981,ENSG00000139514,SLC7A1,1
6982,ENSG00000139515,PDX1,1
6983,ENSG00000139517,LNX2,1
6984,ENSG00000139531,SUOX,0
6985,ENSG00000139537,CCDC65,0
6986,ENSG00000139540,SLC39A5,0
6987,ENSG00000139546,TARBP2,29
6988,ENSG00000139549,DHH,8
6989,ENSG00000139567,ACVRL1,11
6990,ENSG00000139574,NPFF,2
6991,ENSG00000139579,NABP2,7
6992,ENSG00000139597,N4BP2L1,0
6993,ENSG00000139610,CELA1,1
6994,ENSG00000139613,SMARCC2,35
6995,ENSG00000139618,BRCA2,68
6996,ENSG00000139620,KANSL2,30
6997,ENSG00000139624,CERS5,8
6998,ENSG00000139625,MAP3K12,0
6999,ENSG00000139626,ITGB7,30
7000,ENSG00000139629,GALNT6,0
7001,ENSG00000139631,CSAD,3
7002,ENSG00000139636,LMBR1L,0
7003,ENSG00000139637,MYG1,0
7004,ENSG00000139641,ESYT1,2
7005,ENSG00000139644,TMBIM6,4
7006,ENSG00000139645,ANKRD52,3
7007,ENSG00000139648,KRT71,0
7008,ENSG00000139651,ZNF740,0
7009,ENSG00000139668,WDFY2,0
7010,ENSG00000139679,LPAR6,9
7011,ENSG00000139684,ESD,1
7012,ENSG00000139687,RB1,57
7013,ENSG00000139697,SBNO1,0
7014,ENSG00000139714,MORN3,0
7015,ENSG00000139718,SETD1B,10
7016,ENSG00000139719,VPS33A,10
7017,ENSG00000139722,VPS37B,22
7018,ENSG00000139725,RHOF,0
7019,ENSG00000139726,DENR,34
7020,ENSG00000139734,DIAPH3,5
7021,ENSG00000139737,SLAIN1,0
7022,ENSG00000139746,RBM26,0
7023,ENSG00000139767,SRRM4,1
7024,ENSG00000139780,METTL21C,0
7025,ENSG00000139793,MBNL2,2
7026,ENSG00000139800,ZIC5,0
7027,ENSG00000139826,ABHD13,0
7028,ENSG00000139832,RAB20,0
7029,ENSG00000139835,GRTP1,0
7030,ENSG00000139842,CUL4A,69
7031,ENSG00000139865,TTC6,0
7032,ENSG00000139874,SSTR1,3
7033,ENSG00000139880,CDH24,3
7034,ENSG00000139890,REM2,0
7035,ENSG00000139899,CBLN3,0
7036,ENSG00000139908,TSSK4,0
7037,ENSG00000139910,NOVA1,1
7038,ENSG00000139914,FITM1,0
7039,ENSG00000139915,MDGA2,0
7040,ENSG00000139921,TMX1,1
7041,ENSG00000139926,FRMD6,7
7042,ENSG00000139946,PELI2,3
7043,ENSG00000139970,RTN1,1
7044,ENSG00000139971,ARMH4,0
7045,ENSG00000139973,SYT16,0
7046,ENSG00000139974,SLC38A6,0
7047,ENSG00000139977,NAA30,8
7048,ENSG00000139985,ADAM21,2
7049,ENSG00000139988,RDH12,2
7050,ENSG00000139990,DCAF5,26
7051,ENSG00000139998,RAB15,0
7052,ENSG00000140006,WDR89,0
7053,ENSG00000140009,ESR2,21
7054,ENSG00000140015,KCNH5,0
7055,ENSG00000140022,STON2,5
7056,ENSG00000140025,EFCAB11,0
7057,ENSG00000140030,GPR65,0
7058,ENSG00000140043,PTGR2,0
7059,ENSG00000140044,JDP2,4
7060,ENSG00000140057,AK7,0
7061,ENSG00000140067,FAM181A,1
7062,ENSG00000140090,SLC24A4,0
7063,ENSG00000140092,FBLN5,4
7064,ENSG00000140093,SERPINA10,1
7065,ENSG00000140104,CLBA1,0
7066,ENSG00000140105,WARS1,2
7067,ENSG00000140107,SLC25A47,0
7068,ENSG00000140157,NIPA2,0
7069,ENSG00000140199,SLC12A6,1
7070,ENSG00000140254,DUOXA1,1
7071,ENSG00000140262,TCF12,16
7072,ENSG00000140263,SORD,0
7073,ENSG00000140265,ZSCAN29,0
7074,ENSG00000140274,DUOXA2,1
7075,ENSG00000140279,DUOX2,10
7076,ENSG00000140280,LYSMD2,0
7077,ENSG00000140284,SLC27A2,0
7078,ENSG00000140285,FGF7,13
7079,ENSG00000140287,HDC,0
7080,ENSG00000140297,GCNT3,2
7081,ENSG00000140299,BNIP2,0
7082,ENSG00000140307,GTF2A2,69
7083,ENSG00000140319,SRP14,62
7084,ENSG00000140320,BAHD1,5
7085,ENSG00000140323,DISP2,3
7086,ENSG00000140326,CDAN1,0
7087,ENSG00000140332,TLE3,19
7088,ENSG00000140365,COMMD4,4
7089,ENSG00000140367,UBE2Q2,2
7090,ENSG00000140368,PSTPIP1,4
7091,ENSG00000140374,ETFA,4
7092,ENSG00000140382,HMG20A,6
7093,ENSG00000140386,SCAPER,0
7094,ENSG00000140391,TSPAN3,0
7095,ENSG00000140395,SKIC8,56
7096,ENSG00000140396,NCOA2,30
7097,ENSG00000140398,NEIL1,5
7098,ENSG00000140400,MAN2C1,3
7099,ENSG00000140403,DNAJA4,3
7100,ENSG00000140406,TLNRD1,0
7101,ENSG00000140416,TPM1,11
7102,ENSG00000140443,IGF1R,35
7103,ENSG00000140450,ARRDC4,0
7104,ENSG00000140451,PIF1,0
7105,ENSG00000140455,USP3,0
7106,ENSG00000140459,CYP11A1,1
7107,ENSG00000140463,BBS4,11
7108,ENSG00000140464,PML,12
7109,ENSG00000140465,CYP1A1,3
7110,ENSG00000140470,ADAMTS17,1
7111,ENSG00000140471,LINS1,0
7112,ENSG00000140474,ULK3,2
7113,ENSG00000140479,PCSK6,0
7114,ENSG00000140488,CELF6,0
7115,ENSG00000140497,SCAMP2,1
7116,ENSG00000140505,CYP1A2,6
7117,ENSG00000140506,LMAN1L,0
7118,ENSG00000140511,HAPLN3,0
7119,ENSG00000140519,RHCG,0
7120,ENSG00000140521,POLG,19
7121,ENSG00000140522,RLBP1,0
7122,ENSG00000140525,FANCI,22
7123,ENSG00000140526,ABHD2,0
7124,ENSG00000140527,WDR93,0
7125,ENSG00000140534,TICRR,4
7126,ENSG00000140538,NTRK3,0
7127,ENSG00000140543,DET1,28
7128,ENSG00000140545,MFGE8,3
7129,ENSG00000140553,UNC45A,0
7130,ENSG00000140557,ST8SIA2,0
7131,ENSG00000140563,MCTP2,0
7132,ENSG00000140564,FURIN,1
7133,ENSG00000140575,IQGAP1,33
7134,ENSG00000140577,CRTC3,2
7135,ENSG00000140598,EFL1,3
7136,ENSG00000140600,SH3GL3,9
7137,ENSG00000140612,SEC11A,3
7138,ENSG00000140623,SEPTIN12,10
7139,ENSG00000140632,GLYR1,0
7140,ENSG00000140650,PMM2,1
7141,ENSG00000140675,SLC5A2,1
7142,ENSG00000140678,ITGAX,19
7143,ENSG00000140682,TGFB1I1,5
7144,ENSG00000140688,RUSF1,0
7145,ENSG00000140691,ARMC5,0
7146,ENSG00000140694,PARN,6
7147,ENSG00000140718,FTO,1
7148,ENSG00000140740,UQCRC2,70
7149,ENSG00000140743,CDR2,1
7150,ENSG00000140749,IGSF6,0
7151,ENSG00000140750,ARHGAP17,3
7152,ENSG00000140795,MYLK3,3
7153,ENSG00000140798,ABCC12,0
7154,ENSG00000140807,NKD1,14
7155,ENSG00000140829,DHX38,57
7156,ENSG00000140830,TXNL4B,10
7157,ENSG00000140835,CHST4,1
7158,ENSG00000140836,ZFHX3,1
7159,ENSG00000140848,CPNE2,0
7160,ENSG00000140853,NLRC5,7
7161,ENSG00000140854,KATNB1,3
7162,ENSG00000140859,KIFC3,7
7163,ENSG00000140873,ADAMTS18,0
7164,ENSG00000140876,NUDT7,0
7165,ENSG00000140905,GCSH,3
7166,ENSG00000140931,CMTM3,0
7167,ENSG00000140937,CDH11,6
7168,ENSG00000140939,NOL3,0
7169,ENSG00000140943,MBTPS1,0
7170,ENSG00000140945,CDH13,2
7171,ENSG00000140948,ZCCHC14,0
7172,ENSG00000140950,MEAK7,16
7173,ENSG00000140955,ADAD2,0
7174,ENSG00000140961,OSGIN1,0
7175,ENSG00000140968,IRF8,3
7176,ENSG00000140983,RHOT2,6
7177,ENSG00000140986,RPL3L,9
7178,ENSG00000140988,RPS2,130
7179,ENSG00000140990,NDUFB10,64
7180,ENSG00000140992,PDPK1,5
7181,ENSG00000140995,DEF8,0
7182,ENSG00000141002,TCF25,3
7183,ENSG00000141012,GALNS,1
7184,ENSG00000141013,GAS8,0
7185,ENSG00000141026,MED9,68
7186,ENSG00000141027,NCOR1,66
7187,ENSG00000141030,COPS3,23
7188,ENSG00000141034,GID4,7
7189,ENSG00000141040,ZNF287,0
7190,ENSG00000141052,MYOCD,3
7191,ENSG00000141068,KSR1,9
7192,ENSG00000141076,UTP4,65
7193,ENSG00000141084,RANBP10,8
7194,ENSG00000141086,CTRL,0
7195,ENSG00000141096,DPEP3,0
7196,ENSG00000141098,GFOD2,0
7197,ENSG00000141101,NOB1,40
7198,ENSG00000141127,PRPSAP2,3
7199,ENSG00000141161,UNC45B,2
7200,ENSG00000141179,PCTP,2
7201,ENSG00000141194,OR4D1,0
7202,ENSG00000141198,TOM1L1,1
7203,ENSG00000141200,KIF2B,5
7204,ENSG00000141232,TOB1,12
7205,ENSG00000141252,VPS53,7
7206,ENSG00000141255,SPATA22,1
7207,ENSG00000141258,SGSM2,0
7208,ENSG00000141279,NPEPPS,0
7209,ENSG00000141293,SKAP1,5
7210,ENSG00000141294,LRRC46,0
7211,ENSG00000141295,SCRN2,0
7212,ENSG00000141298,SSH2,2
7213,ENSG00000141314,RHBDL3,0
7214,ENSG00000141316,SPACA3,0
7215,ENSG00000141337,ARSG,2
7216,ENSG00000141338,ABCA8,0
7217,ENSG00000141349,G6PC3,8
7218,ENSG00000141367,CLTC,0
7219,ENSG00000141371,CHCT1,0
7220,ENSG00000141376,BCAS3,0
7221,ENSG00000141378,PTRH2,1
7222,ENSG00000141380,SS18,27
7223,ENSG00000141384,TAF4B,33
7224,ENSG00000141385,AFG3L2,5
7225,ENSG00000141391,PRELID3A,1
7226,ENSG00000141401,IMPA2,2
7227,ENSG00000141404,GNAL,6
7228,ENSG00000141424,SLC39A6,0
7229,ENSG00000141425,RPRD1A,9
7230,ENSG00000141428,C18orf21,0
7231,ENSG00000141429,GALNT1,0
7232,ENSG00000141431,ASXL3,1
7233,ENSG00000141433,ADCYAP1,4
7234,ENSG00000141434,MEP1B,5
7235,ENSG00000141441,GAREM1,1
7236,ENSG00000141446,ESCO1,0
7237,ENSG00000141447,OSBPL1A,3
7238,ENSG00000141448,GATA6,4
7239,ENSG00000141449,GREB1L,0
7240,ENSG00000141452,RMC1,2
7241,ENSG00000141456,PELP1,28
7242,ENSG00000141458,NPC1,6
7243,ENSG00000141469,SLC14A1,0
7244,ENSG00000141480,ARRB2,68
7245,ENSG00000141485,SLC13A5,0
7246,ENSG00000141497,ZMYND15,0
7247,ENSG00000141499,WRAP53,15
7248,ENSG00000141503,MINK1,2
7249,ENSG00000141504,SAT2,1
7250,ENSG00000141505,ASGR1,2
7251,ENSG00000141506,PIK3R5,8
7252,ENSG00000141510,TP53,186
7253,ENSG00000141519,CCDC40,1
7254,ENSG00000141522,ARHGDIA,12
7255,ENSG00000141524,TMC6,4
7256,ENSG00000141526,SLC16A3,3
7257,ENSG00000141527,CARD14,3
7258,ENSG00000141540,TTYH2,0
7259,ENSG00000141542,RAB40B,0
7260,ENSG00000141551,CSNK1D,14
7261,ENSG00000141552,ANAPC11,37
7262,ENSG00000141556,TBCD,1
7263,ENSG00000141560,FN3KRP,0
7264,ENSG00000141562,NARF,0
7265,ENSG00000141564,RPTOR,34
7266,ENSG00000141568,FOXK2,5
7267,ENSG00000141569,TRIM65,1
7268,ENSG00000141570,CBX8,52
7269,ENSG00000141576,RNF157,0
7270,ENSG00000141577,CEP131,0
7271,ENSG00000141579,ZNF750,1
7272,ENSG00000141580,WDR45B,0
7273,ENSG00000141582,CBX4,48
7274,ENSG00000141622,ARK2C,1
7275,ENSG00000141627,DYM,0
7276,ENSG00000141639,MAPK4,1
7277,ENSG00000141642,ELAC1,1
7278,ENSG00000141644,MBD1,0
7279,ENSG00000141646,SMAD4,44
7280,ENSG00000141655,TNFRSF11A,4
7281,ENSG00000141664,ZCCHC2,0
7282,ENSG00000141665,FBXO15,1
7283,ENSG00000141668,CBLN2,0
7284,ENSG00000141696,P3H4,0
7285,ENSG00000141698,NT5C3B,10
7286,ENSG00000141699,RETREG3,1
7287,ENSG00000141736,ERBB2,54
7288,ENSG00000141738,GRB7,9
7289,ENSG00000141741,MIEN1,0
7290,ENSG00000141744,PNMT,0
7291,ENSG00000141748,ARL5C,0
7292,ENSG00000141750,STAC2,1
7293,ENSG00000141753,IGFBP4,4
7294,ENSG00000141756,FKBP10,0
7295,ENSG00000141759,TXNL4A,64
7296,ENSG00000141837,CACNA1A,12
7297,ENSG00000141854,MISP3,0
7298,ENSG00000141867,BRD4,33
7299,ENSG00000141873,SLC39A3,0
7300,ENSG00000141905,NFIC,0
7301,ENSG00000141933,TPGS1,4
7302,ENSG00000141934,PLPP2,10
7303,ENSG00000141956,PRDM15,0
7304,ENSG00000141959,PFKL,5
7305,ENSG00000141968,VAV1,34
7306,ENSG00000141971,MVB12A,22
7307,ENSG00000141977,CIB3,1
7308,ENSG00000141985,SH3GL1,8
7309,ENSG00000141994,DUS3L,0
7310,ENSG00000142002,DPP9,0
7311,ENSG00000142025,DMRTC2,0
7312,ENSG00000142039,CCDC97,2
7313,ENSG00000142046,TMEM91,0
7314,ENSG00000142082,SIRT3,5
7315,ENSG00000142102,PGGHG,0
7316,ENSG00000142149,HUNK,0
7317,ENSG00000142156,COL6A1,2
7318,ENSG00000142168,SOD1,8
7319,ENSG00000142173,COL6A2,2
7320,ENSG00000142178,SIK1,0
7321,ENSG00000142182,DNMT3L,6
7322,ENSG00000142185,TRPM2,2
7323,ENSG00000142186,SCYL1,12
7324,ENSG00000142188,TMEM50B,0
7325,ENSG00000142192,APP,75
7326,ENSG00000142197,DOP1B,0
7327,ENSG00000142207,URB1,0
7328,ENSG00000142208,AKT1,65
7329,ENSG00000142224,IL19,5
7330,ENSG00000142227,EMP3,0
7331,ENSG00000142230,SAE1,3
7332,ENSG00000142233,NTN5,0
7333,ENSG00000142235,LMTK3,0
7334,ENSG00000142252,GEMIN7,14
7335,ENSG00000142273,CBLC,11
7336,ENSG00000142279,WTIP,3
7337,ENSG00000142303,ADAMTS10,1
7338,ENSG00000142319,SLC6A3,9
7339,ENSG00000142327,RNPEPL1,0
7340,ENSG00000142330,CAPN10,0
7341,ENSG00000142347,MYO1F,7
7342,ENSG00000142405,NLRP12,9
7343,ENSG00000142408,CACNG8,43
7344,ENSG00000142409,ZNF787,2
7345,ENSG00000142444,TIMM29,4
7346,ENSG00000142453,CARM1,19
7347,ENSG00000142459,EVI5L,0
7348,ENSG00000142484,TM4SF5,0
7349,ENSG00000142494,SLC47A1,0
7350,ENSG00000142507,PSMB6,45
7351,ENSG00000142513,ACP4,0
7352,ENSG00000142534,RPS11,179
7353,ENSG00000142538,PTH2,4
7354,ENSG00000142541,RPL13A,101
7355,ENSG00000142544,CTU1,2
7356,ENSG00000142546,NOSIP,1
7357,ENSG00000142549,IGLON5,1
7358,ENSG00000142552,RCN3,0
7359,ENSG00000142583,SLC2A5,0
7360,ENSG00000142599,RERE,3
7361,ENSG00000142606,MMEL1,0
7362,ENSG00000142609,CFAP74,0
7363,ENSG00000142611,PRDM16,7
7364,ENSG00000142619,PADI3,0
7365,ENSG00000142621,FHAD1,0
7366,ENSG00000142623,PADI1,0
7367,ENSG00000142627,EPHA2,20
7368,ENSG00000142632,ARHGEF19,1
7369,ENSG00000142634,EFHD2,0
7370,ENSG00000142655,PEX14,9
7371,ENSG00000142657,PGD,0
7372,ENSG00000142661,MYOM3,0
7373,ENSG00000142669,SH3BGRL3,0
7374,ENSG00000142675,CNKSR1,1
7375,ENSG00000142676,RPL11,128
7376,ENSG00000142677,IL22RA1,8
7377,ENSG00000142684,ZNF593,30
7378,ENSG00000142686,C1orf216,0
7379,ENSG00000142687,KIAA0319L,0
7380,ENSG00000142694,EVA1B,0
7381,ENSG00000142698,C1orf94,0
7382,ENSG00000142700,DMRTA2,0
7383,ENSG00000142731,PLK4,8
7384,ENSG00000142733,MAP3K6,0
7385,ENSG00000142751,GPN2,1
7386,ENSG00000142765,SYTL1,3
7387,ENSG00000142784,WDTC1,3
7388,ENSG00000142798,HSPG2,32
7389,ENSG00000142856,ITGB3BP,16
7390,ENSG00000142864,SERBP1,60
7391,ENSG00000142867,BCL10,17
7392,ENSG00000142871,CCN1,2
7393,ENSG00000142875,PRKACB,27
7394,ENSG00000142892,PIGK,4
7395,ENSG00000142910,TINAGL1,0
7396,ENSG00000142920,AZIN2,0
7397,ENSG00000142937,RPS8,155
7398,ENSG00000142945,KIF2C,9
7399,ENSG00000142949,PTPRF,7
7400,ENSG00000142961,MOB3C,0
7401,ENSG00000142973,CYP4B1,0
7402,ENSG00000143013,LMO4,1
7403,ENSG00000143028,SYPL2,0
7404,ENSG00000143032,BARHL2,0
7405,ENSG00000143033,MTF2,12
7406,ENSG00000143036,SLC44A3,0
7407,ENSG00000143061,IGSF3,0
7408,ENSG00000143067,ZNF697,0
7409,ENSG00000143079,CTTNBP2NL,15
7410,ENSG00000143093,STRIP1,19
7411,ENSG00000143105,KCNA10,1
7412,ENSG00000143106,PSMA5,50
7413,ENSG00000143107,FNDC7,0
7414,ENSG00000143110,C1orf162,0
7415,ENSG00000143119,CD53,2
7416,ENSG00000143125,PROK1,1
7417,ENSG00000143126,CELSR2,0
7418,ENSG00000143127,ITGA10,19
7419,ENSG00000143147,GPR161,2
7420,ENSG00000143153,ATP1B1,20
7421,ENSG00000143155,TIPRL,3
7422,ENSG00000143156,NME7,47
7423,ENSG00000143157,POGK,0
7424,ENSG00000143158,MPC2,0
7425,ENSG00000143162,CREG1,0
7426,ENSG00000143164,DCAF6,26
7427,ENSG00000143167,GPA33,0
7428,ENSG00000143171,RXRG,15
7429,ENSG00000143178,TBX19,0
7430,ENSG00000143179,UCK2,2
7431,ENSG00000143183,TMCO1,30
7432,ENSG00000143190,POU2F1,10
7433,ENSG00000143194,MAEL,3
7434,ENSG00000143195,ILDR2,0
7435,ENSG00000143196,DPT,0
7436,ENSG00000143198,MGST3,0
7437,ENSG00000143199,ADCY10,1
7438,ENSG00000143207,COP1,27
7439,ENSG00000143217,NECTIN4,5
7440,ENSG00000143222,UFC1,3
7441,ENSG00000143224,PPOX,0
7442,ENSG00000143228,NUF2,14
7443,ENSG00000143248,RGS5,2
7444,ENSG00000143252,SDHC,5
7445,ENSG00000143256,PFDN2,23
7446,ENSG00000143257,NR1I3,4
7447,ENSG00000143258,USP21,8
7448,ENSG00000143278,F13B,1
7449,ENSG00000143294,PRCC,10
7450,ENSG00000143303,METTL25B,0
7451,ENSG00000143314,MRPL24,101
7452,ENSG00000143315,PIGM,1
7453,ENSG00000143318,CASQ1,6
7454,ENSG00000143319,ISG20L2,0
7455,ENSG00000143320,CRABP2,1
7456,ENSG00000143321,HDGF,1
7457,ENSG00000143322,ABL2,1
7458,ENSG00000143324,XPR1,3
7459,ENSG00000143333,RGS16,5
7460,ENSG00000143337,TOR1AIP1,0
7461,ENSG00000143340,FAM163A,0
7462,ENSG00000143341,HMCN1,0
7463,ENSG00000143344,RGL1,2
7464,ENSG00000143353,LYPLAL1,0
7465,ENSG00000143355,LHX9,1
7466,ENSG00000143363,PRUNE1,2
7467,ENSG00000143365,RORC,6
7468,ENSG00000143367,TUFT1,1
7469,ENSG00000143368,SF3B4,95
7470,ENSG00000143369,ECM1,0
7471,ENSG00000143373,ZNF687,6
7472,ENSG00000143374,TARS2,2
7473,ENSG00000143375,CGN,11
7474,ENSG00000143376,SNX27,12
7475,ENSG00000143379,SETDB1,12
7476,ENSG00000143382,ADAMTSL4,0
7477,ENSG00000143384,MCL1,17
7478,ENSG00000143387,CTSK,1
7479,ENSG00000143390,RFX5,4
7480,ENSG00000143393,PI4KB,11
7481,ENSG00000143398,PIP5K1A,8
7482,ENSG00000143401,ANP32E,24
7483,ENSG00000143409,MINDY1,4
7484,ENSG00000143412,ANXA9,0
7485,ENSG00000143418,CERS2,8
7486,ENSG00000143420,ENSA,1
7487,ENSG00000143434,SEMA6C,1
7488,ENSG00000143436,MRPL9,104
7489,ENSG00000143437,ARNT,14
7490,ENSG00000143442,POGZ,1
7491,ENSG00000143443,C1orf56,0
7492,ENSG00000143450,OAZ3,2
7493,ENSG00000143452,HORMAD1,1
7494,ENSG00000143457,GOLPH3L,0
7495,ENSG00000143458,GABPB2,0
7496,ENSG00000143469,SYT14,0
7497,ENSG00000143473,KCNH1,1
7498,ENSG00000143476,DTL,27
7499,ENSG00000143479,DYRK3,0
7500,ENSG00000143486,EIF2D,29
7501,ENSG00000143493,INTS7,31
7502,ENSG00000143494,VASH2,4
7503,ENSG00000143498,TAF1A,5
7504,ENSG00000143499,SMYD2,3
7505,ENSG00000143502,SUSD4,0
7506,ENSG00000143507,DUSP10,1
7507,ENSG00000143512,HHIPL2,0
7508,ENSG00000143514,TP53BP2,11
7509,ENSG00000143515,ATP8B2,2
7510,ENSG00000143536,CRNN,0
7511,ENSG00000143537,ADAM15,4
7512,ENSG00000143543,JTB,0
7513,ENSG00000143545,RAB13,2
7514,ENSG00000143546,S100A8,10
7515,ENSG00000143552,NUP210L,1
7516,ENSG00000143553,SNAPIN,19
7517,ENSG00000143554,SLC27A3,0
7518,ENSG00000143569,UBAP2L,28
7519,ENSG00000143570,SLC39A1,0
7520,ENSG00000143575,HAX1,2
7521,ENSG00000143578,CREB3L4,18
7522,ENSG00000143590,EFNA3,9
7523,ENSG00000143603,KCNN3,8
7524,ENSG00000143612,C1orf43,0
7525,ENSG00000143614,GATAD2B,14
7526,ENSG00000143621,ILF2,6
7527,ENSG00000143622,RIT1,0
7528,ENSG00000143624,INTS3,32
7529,ENSG00000143627,PKLR,8
7530,ENSG00000143630,HCN3,3
7531,ENSG00000143632,ACTA1,52
7532,ENSG00000143633,C1orf131,56
7533,ENSG00000143641,GALNT2,1
7534,ENSG00000143643,TTC13,0
7535,ENSG00000143653,SCCPDH,0
7536,ENSG00000143669,LYST,0
7537,ENSG00000143674,MAP3K21,0
7538,ENSG00000143702,CEP170,10
7539,ENSG00000143727,ACP1,0
7540,ENSG00000143740,SNAP47,13
7541,ENSG00000143742,SRP9,63
7542,ENSG00000143748,NVL,16
7543,ENSG00000143751,SDE2,34
7544,ENSG00000143756,FBXO28,0
7545,ENSG00000143761,ARF1,0
7546,ENSG00000143771,CNIH4,0
7547,ENSG00000143772,ITPKB,3
7548,ENSG00000143774,GUK1,0
7549,ENSG00000143776,CDC42BPA,1
7550,ENSG00000143786,CNIH3,21
7551,ENSG00000143793,C1orf35,0
7552,ENSG00000143797,MBOAT2,9
7553,ENSG00000143799,PARP1,29
7554,ENSG00000143801,PSEN2,8
7555,ENSG00000143811,PYCR2,3
7556,ENSG00000143815,LBR,9
7557,ENSG00000143816,WNT9A,0
7558,ENSG00000143819,EPHX1,0
7559,ENSG00000143839,REN,2
7560,ENSG00000143842,SOX13,1
7561,ENSG00000143845,ETNK2,0
7562,ENSG00000143847,PPFIA4,0
7563,ENSG00000143850,PLEKHA6,0
7564,ENSG00000143851,PTPN7,5
7565,ENSG00000143858,SYT2,2
7566,ENSG00000143862,ARL8A,0
7567,ENSG00000143867,OSR1,0
7568,ENSG00000143869,GDF7,1
7569,ENSG00000143870,PDIA6,4
7570,ENSG00000143878,RHOB,10
7571,ENSG00000143882,ATP6V1C2,22
7572,ENSG00000143889,HNRNPLL,1
7573,ENSG00000143891,GALM,0
7574,ENSG00000143919,CAMKMT,0
7575,ENSG00000143921,ABCG8,16
7576,ENSG00000143924,EML4,2
7577,ENSG00000143933,CALM2,0
7578,ENSG00000143942,CHAC2,1
7579,ENSG00000143947,RPS27A,331
7580,ENSG00000143951,WDPCP,3
7581,ENSG00000143952,VPS54,6
7582,ENSG00000143970,ASXL2,9
7583,ENSG00000143971,ETAA1,1
7584,ENSG00000143977,SNRPG,131
7585,ENSG00000143994,ABHD1,0
7586,ENSG00000143995,MEIS1,6
7587,ENSG00000144021,CIAO1,6
7588,ENSG00000144028,SNRNP200,104
7589,ENSG00000144029,MRPS5,99
7590,ENSG00000144034,TPRKB,2
7591,ENSG00000144036,EXOC6B,12
7592,ENSG00000144040,SFXN5,0
7593,ENSG00000144043,TEX261,0
7594,ENSG00000144045,DQX1,0
7595,ENSG00000144048,DUSP11,0
7596,ENSG00000144057,ST6GAL2,1
7597,ENSG00000144061,NPHP1,5
7598,ENSG00000144063,MALL,0
7599,ENSG00000144115,THNSL2,0
7600,ENSG00000144118,RALB,4
7601,ENSG00000144119,C1QL2,0
7602,ENSG00000144120,TMEM177,0
7603,ENSG00000144136,SLC20A1,1
7604,ENSG00000144152,FBLN7,0
7605,ENSG00000144161,ZC3H8,36
7606,ENSG00000144182,LIPT1,0
7607,ENSG00000144191,CNGA3,4
7608,ENSG00000144214,LYG1,0
7609,ENSG00000144218,AFF3,4
7610,ENSG00000144224,UBXN4,6
7611,ENSG00000144227,NXPH2,0
7612,ENSG00000144228,SPOPL,31
7613,ENSG00000144229,THSD7B,0
7614,ENSG00000144230,GPR17,3
7615,ENSG00000144231,POLR2D,100
7616,ENSG00000144233,AMMECR1L,0
7617,ENSG00000144278,GALNT13,0
7618,ENSG00000144283,PKP4,2
7619,ENSG00000144285,SCN1A,5
7620,ENSG00000144290,SLC4A10,0
7621,ENSG00000144306,SCRN3,0
7622,ENSG00000144320,LNPK,0
7623,ENSG00000144331,ZNF385B,0
7624,ENSG00000144339,TMEFF2,0
7625,ENSG00000144354,CDCA7,0
7626,ENSG00000144355,DLX1,0
7627,ENSG00000144357,UBR3,0
7628,ENSG00000144362,PHOSPHO2,2
7629,ENSG00000144366,GULP1,2
7630,ENSG00000144369,FAM171B,0
7631,ENSG00000144381,HSPD1,10
7632,ENSG00000144395,CCDC150,0
7633,ENSG00000144401,METTL21A,0
7634,ENSG00000144406,UNC80,4
7635,ENSG00000144407,PTH2R,5
7636,ENSG00000144426,NBEAL1,0
7637,ENSG00000144445,KANSL1L,0
7638,ENSG00000144451,SPAG16,0
7639,ENSG00000144452,ABCA12,0
7640,ENSG00000144455,SUMF1,1
7641,ENSG00000144460,NYAP2,0
7642,ENSG00000144468,RHBDD1,1
7643,ENSG00000144476,ACKR3,5
7644,ENSG00000144481,TRPM8,0
7645,ENSG00000144485,HES6,0
7646,ENSG00000144488,ESPNL,10
7647,ENSG00000144504,ANKMY1,0
7648,ENSG00000144524,COPS7B,22
7649,ENSG00000144535,DIS3L2,10
7650,ENSG00000144550,CPNE9,0
7651,ENSG00000144554,FANCD2,28
7652,ENSG00000144559,TAMM41,0
7653,ENSG00000144560,VGLL4,3
7654,ENSG00000144566,RAB5A,28
7655,ENSG00000144567,RETREG2,1
7656,ENSG00000144579,CTDSP1,3
7657,ENSG00000144580,CNOT9,14
7658,ENSG00000144583,MARCHF4,0
7659,ENSG00000144589,STK11IP,0
7660,ENSG00000144591,GMPPA,1
7661,ENSG00000144596,GRIP2,0
7662,ENSG00000144597,EAF1,41
7663,ENSG00000144619,CNTN4,2
7664,ENSG00000144635,DYNC1LI1,32
7665,ENSG00000144642,RBMS3,0
7666,ENSG00000144644,GADL1,3
7667,ENSG00000144645,OSBPL10,1
7668,ENSG00000144647,POMGNT2,0
7669,ENSG00000144648,ACKR2,6
7670,ENSG00000144649,GASK1A,0
7671,ENSG00000144655,CSRNP1,1
7672,ENSG00000144659,SLC25A38,0
7673,ENSG00000144668,ITGA9,4
7674,ENSG00000144671,SLC22A14,0
7675,ENSG00000144674,GOLGA4,3
7676,ENSG00000144677,CTDSPL,1
7677,ENSG00000144681,STAC,0
7678,ENSG00000144711,IQSEC1,2
7679,ENSG00000144712,CAND2,1
7680,ENSG00000144724,PTPRG,2
7681,ENSG00000144730,IL17RD,4
7682,ENSG00000144736,SHQ1,4
7683,ENSG00000144741,SLC25A26,0
7684,ENSG00000144744,UBA3,4
7685,ENSG00000144746,ARL6IP5,0
7686,ENSG00000144747,TMF1,2
7687,ENSG00000144749,LRIG1,3
7688,ENSG00000144771,LRTM1,0
7689,ENSG00000144791,LIMD1,16
7690,ENSG00000144802,NFKBIZ,5
7691,ENSG00000144810,COL8A1,6
7692,ENSG00000144815,NXPE3,0
7693,ENSG00000144820,ADGRG7,0
7694,ENSG00000144821,MYH15,1
7695,ENSG00000144824,PHLDB2,5
7696,ENSG00000144827,ABHD10,0
7697,ENSG00000144834,TAGLN3,0
7698,ENSG00000144837,PLA1A,0
7699,ENSG00000144840,RABL3,0
7700,ENSG00000144843,ADPRH,0
7701,ENSG00000144847,IGSF11,0
7702,ENSG00000144848,ATG3,15
7703,ENSG00000144852,NR1I2,4
7704,ENSG00000144857,BOC,9
7705,ENSG00000144867,SRPRB,31
7706,ENSG00000144868,TMEM108,0
7707,ENSG00000144893,MED12L,21
7708,ENSG00000144895,EIF2A,2
7709,ENSG00000144908,ALDH1L1,1
7710,ENSG00000144909,OSBPL11,2
7711,ENSG00000144935,TRPC1,14
7712,ENSG00000144959,NCEH1,0
7713,ENSG00000144962,SPATA16,0
7714,ENSG00000145012,LPP,0
7715,ENSG00000145014,TMEM44,0
7716,ENSG00000145016,RUBCN,6
7717,ENSG00000145020,AMT,7
7718,ENSG00000145022,TCTA,0
7719,ENSG00000145029,NICN1,6
7720,ENSG00000145040,UCN2,4
7721,ENSG00000145041,DCAF1,32
7722,ENSG00000145050,MANF,0
7723,ENSG00000145087,STXBP5L,4
7724,ENSG00000145088,EAF2,40
7725,ENSG00000145103,ILDR1,0
7726,ENSG00000145107,TM4SF19,0
7727,ENSG00000145147,SLIT2,5
7728,ENSG00000145191,EIF2B5,6
7729,ENSG00000145192,AHSG,4
7730,ENSG00000145194,ECE2,0
7731,ENSG00000145198,VWA5B2,0
7732,ENSG00000145214,DGKQ,0
7733,ENSG00000145217,SLC26A1,0
7734,ENSG00000145220,LYAR,58
7735,ENSG00000145242,EPHA5,9
7736,ENSG00000145244,CORIN,0
7737,ENSG00000145246,ATP10D,6
7738,ENSG00000145247,OCIAD2,0
7739,ENSG00000145283,SLC10A6,0
7740,ENSG00000145287,PLAC8,0
7741,ENSG00000145293,ENOPH1,0
7742,ENSG00000145309,CABS1,0
7743,ENSG00000145321,GC,6
7744,ENSG00000145331,TRMT10A,0
7745,ENSG00000145332,KLHL8,31
7746,ENSG00000145335,SNCA,29
7747,ENSG00000145348,TBCK,0
7748,ENSG00000145354,CISD2,0
7749,ENSG00000145358,DDIT4L,0
7750,ENSG00000145362,ANK2,28
7751,ENSG00000145365,TIFA,3
7752,ENSG00000145375,AFG2A,1
7753,ENSG00000145384,FABP2,0
7754,ENSG00000145386,CCNA2,0
7755,ENSG00000145388,METTL14,12
7756,ENSG00000145390,USP53,0
7757,ENSG00000145391,SETD7,4
7758,ENSG00000145414,NAF1,15
7759,ENSG00000145416,MARCHF1,0
7760,ENSG00000145423,SFRP2,1
7761,ENSG00000145425,RPS3A,157
7762,ENSG00000145431,PDGFC,12
7763,ENSG00000145439,CBR4,2
7764,ENSG00000145451,GLRA3,1
7765,ENSG00000145476,CYP4V2,0
7766,ENSG00000145491,ROPN1L,0
7767,ENSG00000145494,NDUFS6,62
7768,ENSG00000145495,MARCHF6,1
7769,ENSG00000145506,NKD2,1
7770,ENSG00000145526,CDH18,2
7771,ENSG00000145536,ADAMTS16,0
7772,ENSG00000145545,SRD5A1,2
7773,ENSG00000145555,MYO10,4
7774,ENSG00000145569,OTULINL,0
7775,ENSG00000145604,SKP2,35
7776,ENSG00000145623,OSMR,10
7777,ENSG00000145632,PLK2,0
7778,ENSG00000145642,SHISAL2B,0
7779,ENSG00000145649,GZMA,1
7780,ENSG00000145675,PIK3R1,67
7781,ENSG00000145681,HAPLN1,1
7782,ENSG00000145685,LHFPL2,0
7783,ENSG00000145687,SSBP2,1
7784,ENSG00000145700,ANKRD31,1
7785,ENSG00000145703,IQGAP2,7
7786,ENSG00000145708,CRHBP,2
7787,ENSG00000145715,RASA1,17
7788,ENSG00000145721,LIX1,0
7789,ENSG00000145723,GIN1,0
7790,ENSG00000145725,PPIP5K2,1
7791,ENSG00000145730,PAM,1
7792,ENSG00000145734,BDP1,18
7793,ENSG00000145740,SLC30A5,1
7794,ENSG00000145741,BTF3,30
7795,ENSG00000145743,FBXL17,5
7796,ENSG00000145757,SPATA9,0
7797,ENSG00000145779,TNFAIP8,0
7798,ENSG00000145780,FEM1C,13
7799,ENSG00000145781,COMMD10,5
7800,ENSG00000145782,ATG12,24
7801,ENSG00000145794,MEGF10,0
7802,ENSG00000145808,ADAMTS19,0
7803,ENSG00000145817,YIPF5,1
7804,ENSG00000145819,ARHGAP26,0
7805,ENSG00000145824,CXCL14,12
7806,ENSG00000145826,LECT2,0
7807,ENSG00000145832,SLC25A48,0
7808,ENSG00000145833,DDX46,29
7809,ENSG00000145839,IL9,11
7810,ENSG00000145860,RNF145,0
7811,ENSG00000145861,C1QTNF2,0
7812,ENSG00000145863,GABRA6,8
7813,ENSG00000145864,GABRB2,8
7814,ENSG00000145868,FBXO38,0
7815,ENSG00000145879,SPINK7,0
7816,ENSG00000145882,PCYOX1L,0
7817,ENSG00000145888,GLRA1,0
7818,ENSG00000145901,TNIP1,7
7819,ENSG00000145907,G3BP1,20
7820,ENSG00000145911,N4BP3,0
7821,ENSG00000145912,NHP2,34
7822,ENSG00000145916,RMND5B,5
7823,ENSG00000145920,CPLX2,18
7824,ENSG00000145934,TENM2,4
7825,ENSG00000145936,KCNMB1,7
7826,ENSG00000145945,FAM50B,0
7827,ENSG00000145979,TBC1D7,4
7828,ENSG00000145982,FARS2,2
7829,ENSG00000145990,GFOD1,0
7830,ENSG00000145996,CDKAL1,0
7831,ENSG00000146005,PSD2,0
7832,ENSG00000146006,LRRTM2,4
7833,ENSG00000146007,ZMAT2,72
7834,ENSG00000146013,GFRA3,6
7835,ENSG00000146021,KLHL3,32
7836,ENSG00000146038,DCDC2,0
7837,ENSG00000146039,SLC17A4,0
7838,ENSG00000146047,H2BC1,11
7839,ENSG00000146054,TRIM7,1
7840,ENSG00000146063,TRIM41,0
7841,ENSG00000146067,FAM193B,0
7842,ENSG00000146070,PLA2G7,25
7843,ENSG00000146072,TNFRSF21,2
7844,ENSG00000146083,RNF44,0
7845,ENSG00000146085,MMUT,1
7846,ENSG00000146090,RASGEF1C,0
7847,ENSG00000146094,DOK3,2
7848,ENSG00000146109,ABT1,1
7849,ENSG00000146112,PPP1R18,0
7850,ENSG00000146122,DAAM2,4
7851,ENSG00000146143,PRIM2,23
7852,ENSG00000146147,MLIP,0
7853,ENSG00000146151,HMGCLL1,1
7854,ENSG00000146166,LGSN,0
7855,ENSG00000146192,FGD2,0
7856,ENSG00000146197,SCUBE3,1
7857,ENSG00000146205,ANO7,0
7858,ENSG00000146215,CRIP3,0
7859,ENSG00000146216,TTBK1,0
7860,ENSG00000146221,TCTE1,0
7861,ENSG00000146223,RPL7L1,6
7862,ENSG00000146232,NFKBIE,7
7863,ENSG00000146233,CYP39A1,0
7864,ENSG00000146242,TPBG,1
7865,ENSG00000146243,IRAK1BP1,0
7866,ENSG00000146247,PHIP,0
7867,ENSG00000146250,PRSS35,0
7868,ENSG00000146263,MMS22L,1
7869,ENSG00000146267,FAXC,0
7870,ENSG00000146276,GABRR1,1
7871,ENSG00000146278,PNRC1,0
7872,ENSG00000146281,PM20D2,0
7873,ENSG00000146282,RARS2,12
7874,ENSG00000146285,SCML4,0
7875,ENSG00000146350,TBC1D32,0
7876,ENSG00000146352,CLVS2,0
7877,ENSG00000146360,GPR6,0
7878,ENSG00000146373,RNF217,0
7879,ENSG00000146374,RSPO3,4
7880,ENSG00000146376,ARHGAP18,0
7881,ENSG00000146378,TAAR2,0
7882,ENSG00000146386,ABRACL,0
7883,ENSG00000146399,TAAR1,0
7884,ENSG00000146409,SLC18B1,0
7885,ENSG00000146410,MTFR2,0
7886,ENSG00000146411,SLC2A12,0
7887,ENSG00000146414,SHPRH,4
7888,ENSG00000146416,AIG1,0
7889,ENSG00000146426,TIAM2,0
7890,ENSG00000146433,TMEM181,0
7891,ENSG00000146453,PNLDC1,2
7892,ENSG00000146457,WTAP,13
7893,ENSG00000146463,ZMYM4,0
7894,ENSG00000146469,VIP,4
7895,ENSG00000146476,ARMT1,0
7896,ENSG00000146477,SLC22A3,0
7897,ENSG00000146535,GNA12,21
7898,ENSG00000146540,C7orf50,0
7899,ENSG00000146555,SDK1,0
7900,ENSG00000146576,INTS15,15
7901,ENSG00000146587,RBAK,0
7902,ENSG00000146592,CREB5,20
7903,ENSG00000146618,FERD3L,0
7904,ENSG00000146648,EGFR,129
7905,ENSG00000146670,CDCA5,12
7906,ENSG00000146674,IGFBP3,16
7907,ENSG00000146676,PURB,0
7908,ENSG00000146678,IGFBP1,4
7909,ENSG00000146700,SSC4D,0
7910,ENSG00000146701,MDH2,0
7911,ENSG00000146729,NIPSNAP2,1
7912,ENSG00000146731,CCT6A,47
7913,ENSG00000146733,PSPH,0
7914,ENSG00000146755,TRIM50,0
7915,ENSG00000146776,ATXN7L1,2
7916,ENSG00000146802,TMEM168,0
7917,ENSG00000146809,ASB15,0
7918,ENSG00000146826,TRAPPC14,10
7919,ENSG00000146828,SLC12A9,0
7920,ENSG00000146830,GIGYF1,5
7921,ENSG00000146834,MEPCE,4
7922,ENSG00000146842,TMEM209,0
7923,ENSG00000146856,AGBL3,0
7924,ENSG00000146857,STRA8,0
7925,ENSG00000146858,ZC3HAV1L,0
7926,ENSG00000146859,TMEM140,0
7927,ENSG00000146872,TLK2,2
7928,ENSG00000146904,EPHA1,10
7929,ENSG00000146909,NOM1,0
7930,ENSG00000146918,NCAPG2,5
7931,ENSG00000146926,ASB10,1
7932,ENSG00000146950,SHROOM2,2
7933,ENSG00000146955,RAB19,0
7934,ENSG00000146963,LUC7L2,14
7935,ENSG00000146966,DENND2A,0
7936,ENSG00000147003,CLTRN,1
7937,ENSG00000147010,SH3KBP1,17
7938,ENSG00000147027,TMEM47,0
7939,ENSG00000147036,LANCL3,0
7940,ENSG00000147041,SYTL5,0
7941,ENSG00000147044,CASK,22
7942,ENSG00000147050,KDM6A,15
7943,ENSG00000147065,MSN,25
7944,ENSG00000147081,AKAP4,4
7945,ENSG00000147099,HDAC8,6
7946,ENSG00000147100,SLC16A2,1
7947,ENSG00000147113,DIPK2B,0
7948,ENSG00000147118,ZNF182,0
7949,ENSG00000147119,CHST7,1
7950,ENSG00000147130,ZMYM3,2
7951,ENSG00000147138,GPR174,0
7952,ENSG00000147140,NONO,9
7953,ENSG00000147144,CCDC120,9
7954,ENSG00000147145,LPAR4,8
7955,ENSG00000147155,EBP,0
7956,ENSG00000147160,AWAT2,2
7957,ENSG00000147162,OGT,44
7958,ENSG00000147164,SNX12,4
7959,ENSG00000147166,ITGB1BP2,2
7960,ENSG00000147168,IL2RG,16
7961,ENSG00000147180,ZNF711,0
7962,ENSG00000147202,DIAPH2,2
7963,ENSG00000147231,RADX,0
7964,ENSG00000147234,FRMPD3,0
7965,ENSG00000147246,HTR2C,4
7966,ENSG00000147251,DOCK11,0
7967,ENSG00000147255,IGSF1,0
7968,ENSG00000147256,ARHGAP36,0
7969,ENSG00000147257,GPC3,4
7970,ENSG00000147262,GPR119,0
7971,ENSG00000147316,MCPH1,1
7972,ENSG00000147324,MFHAS1,0
7973,ENSG00000147364,FBXO25,3
7974,ENSG00000147383,NSDHL,2
7975,ENSG00000147400,CETN2,48
7976,ENSG00000147408,CSGALNACT1,1
7977,ENSG00000147416,ATP6V1B2,36
7978,ENSG00000147419,CCDC25,0
7979,ENSG00000147421,HMBOX1,0
7980,ENSG00000147432,CHRNB3,10
7981,ENSG00000147434,CHRNA6,10
7982,ENSG00000147437,GNRH1,1
7983,ENSG00000147439,BIN3,0
7984,ENSG00000147443,DOK2,3
7985,ENSG00000147454,SLC25A37,2
7986,ENSG00000147457,CHMP7,26
7987,ENSG00000147459,DOCK5,3
7988,ENSG00000147465,STAR,5
7989,ENSG00000147471,PLPBP,0
7990,ENSG00000147475,ERLIN2,9
7991,ENSG00000147481,SNTG1,13
7992,ENSG00000147488,ST18,0
7993,ENSG00000147526,TACC1,1
7994,ENSG00000147533,GOLGA7,8
7995,ENSG00000147535,PLPP5,6
7996,ENSG00000147536,GINS4,24
7997,ENSG00000147548,NSD3,6
7998,ENSG00000147570,DNAJC5B,0
7999,ENSG00000147571,CRH,8
8000,ENSG00000147573,TRIM55,0
8001,ENSG00000147576,ADHFE1,0
8002,ENSG00000147586,MRPS28,93
8003,ENSG00000147588,PMP2,1
8004,ENSG00000147592,LACTB2,0
8005,ENSG00000147596,PRDM14,7
8006,ENSG00000147601,TERF1,23
8007,ENSG00000147606,SLC26A7,1
8008,ENSG00000147614,ATP6V0D2,31
8009,ENSG00000147642,SYBU,1
8010,ENSG00000147647,DPYS,0
8011,ENSG00000147649,MTDH,4
8012,ENSG00000147650,LRP12,0
8013,ENSG00000147654,EBAG9,1
8014,ENSG00000147655,RSPO2,4
8015,ENSG00000147669,POLR2K,114
8016,ENSG00000147676,MAL2,0
8017,ENSG00000147677,EIF3H,48
8018,ENSG00000147679,UTP23,0
8019,ENSG00000147684,NDUFB9,64
8020,ENSG00000147687,TATDN1,0
8021,ENSG00000147689,FAM83A,0
8022,ENSG00000147724,FAM135B,0
8023,ENSG00000147789,ZNF7,0
8024,ENSG00000147799,ARHGAP39,0
8025,ENSG00000147804,SLC39A4,0
8026,ENSG00000147813,NAPRT,0
8027,ENSG00000147852,VLDLR,10
8028,ENSG00000147853,AK3,1
8029,ENSG00000147854,UHRF2,4
8030,ENSG00000147862,NFIB,0
8031,ENSG00000147869,CER1,1
8032,ENSG00000147872,PLIN2,5
8033,ENSG00000147874,HAUS6,7
8034,ENSG00000147883,CDKN2B,2
8035,ENSG00000147894,C9orf72,16
8036,ENSG00000147905,ZCCHC7,6
8037,ENSG00000147912,FBXO10,2
8038,ENSG00000147955,SIGMAR1,4
8039,ENSG00000148019,CEP78,0
8040,ENSG00000148053,NTRK2,20
8041,ENSG00000148057,IDNK,0
8042,ENSG00000148082,SHC3,3
8043,ENSG00000148090,AUH,0
8044,ENSG00000148110,MFSD14B,0
8045,ENSG00000148120,AOPEP,0
8046,ENSG00000148123,PLPPR1,0
8047,ENSG00000148143,ZNF462,0
8048,ENSG00000148153,INIP,3
8049,ENSG00000148154,UGCG,2
8050,ENSG00000148156,ACTL7B,0
8051,ENSG00000148158,SNX30,1
8052,ENSG00000148175,STOM,2
8053,ENSG00000148180,GSN,23
8054,ENSG00000148187,MRRF,84
8055,ENSG00000148200,NR6A1,0
8056,ENSG00000148204,CRB2,3
8057,ENSG00000148215,OR5C1,0
8058,ENSG00000148218,ALAD,0
8059,ENSG00000148219,ASTN2,0
8060,ENSG00000148225,WDR31,1
8061,ENSG00000148229,POLE3,50
8062,ENSG00000148248,SURF4,3
8063,ENSG00000148288,GBGT1,1
8064,ENSG00000148290,SURF1,2
8065,ENSG00000148291,SURF2,0
8066,ENSG00000148296,SURF6,0
8067,ENSG00000148297,MED22,69
8068,ENSG00000148300,REXO4,0
8069,ENSG00000148303,RPL7A,113
8070,ENSG00000148308,GTF3C5,7
8071,ENSG00000148331,ASB6,1
8072,ENSG00000148334,PTGES2,2
8073,ENSG00000148335,NTMT1,0
8074,ENSG00000148337,CIZ1,1
8075,ENSG00000148339,SLC25A25,0
8076,ENSG00000148341,SH3GLB2,3
8077,ENSG00000148343,MIGA2,1
8078,ENSG00000148344,PTGES,2
8079,ENSG00000148356,LRSAM1,0
8080,ENSG00000148357,HMCN2,0
8081,ENSG00000148358,GPR107,0
8082,ENSG00000148362,PAXX,24
8083,ENSG00000148384,INPP5E,10
8084,ENSG00000148396,SEC16A,9
8085,ENSG00000148399,DPH7,0
8086,ENSG00000148400,NOTCH1,36
8087,ENSG00000148408,CACNA1B,14
8088,ENSG00000148411,NACC2,0
8089,ENSG00000148426,PROSER2,0
8090,ENSG00000148429,USP6NL,1
8091,ENSG00000148444,COMMD3,4
8092,ENSG00000148450,MSRB2,0
8093,ENSG00000148459,PDSS1,1
8094,ENSG00000148468,FAM171A1,0
8095,ENSG00000148481,MINDY3,0
8096,ENSG00000148482,SLC39A12,0
8097,ENSG00000148483,TMEM236,0
8098,ENSG00000148484,RSU1,5
8099,ENSG00000148488,ST8SIA6,0
8100,ENSG00000148498,PARD3,13
8101,ENSG00000148516,ZEB1,0
8102,ENSG00000148541,FAM13C,0
8103,ENSG00000148572,NRBF2,8
8104,ENSG00000148584,A1CF,2
8105,ENSG00000148600,CDHR1,1
8106,ENSG00000148602,LRIT1,0
8107,ENSG00000148604,RGR,0
8108,ENSG00000148606,POLR3A,19
8109,ENSG00000148634,HERC4,0
8110,ENSG00000148655,LRMDA,0
8111,ENSG00000148660,CAMK2G,5
8112,ENSG00000148677,ANKRD1,1
8113,ENSG00000148680,HTR7,3
8114,ENSG00000148688,RPP30,34
8115,ENSG00000148690,FRA10AC1,2
8116,ENSG00000148700,ADD3,13
8117,ENSG00000148702,HABP2,0
8118,ENSG00000148704,VAX1,0
8119,ENSG00000148719,DNAJB12,2
8120,ENSG00000148730,EIF4EBP2,2
8121,ENSG00000148734,NPFFR1,3
8122,ENSG00000148735,PLEKHS1,0
8123,ENSG00000148737,TCF7L2,25
8124,ENSG00000148795,CYP17A1,2
8125,ENSG00000148798,INA,2
8126,ENSG00000148803,FUOM,0
8127,ENSG00000148814,LRRC27,0
8128,ENSG00000148824,MTG1,56
8129,ENSG00000148826,NKX6-2,0
8130,ENSG00000148832,PAOX,0
8131,ENSG00000148834,GSTO1,1
8132,ENSG00000148835,TAF5,89
8133,ENSG00000148840,PPRC1,2
8134,ENSG00000148841,ITPRIP,0
8135,ENSG00000148842,CNNM2,0
8136,ENSG00000148843,PDCD11,54
8137,ENSG00000148848,ADAM12,4
8138,ENSG00000148908,RGS10,1
8139,ENSG00000148925,BTBD10,0
8140,ENSG00000148926,ADM,9
8141,ENSG00000148935,GAS2,0
8142,ENSG00000148942,SLC5A12,0
8143,ENSG00000148943,LIN7C,9
8144,ENSG00000148948,LRRC4C,3
8145,ENSG00000148950,IMMP1L,0
8146,ENSG00000148965,SAA4,0
8147,ENSG00000148985,PGAP2,0
8148,ENSG00000149016,TUT1,0
8149,ENSG00000149021,SCGB1A1,1
8150,ENSG00000149043,SYT8,0
8151,ENSG00000149084,HSD17B12,16
8152,ENSG00000149089,APIP,1
8153,ENSG00000149090,PAMR1,0
8154,ENSG00000149091,DGKZ,2
8155,ENSG00000149100,EIF3M,46
8156,ENSG00000149115,TNKS1BP1,15
8157,ENSG00000149124,GLYAT,0
8158,ENSG00000149131,SERPING1,6
8159,ENSG00000149136,SSRP1,21
8160,ENSG00000149150,SLC43A1,0
8161,ENSG00000149177,PTPRJ,4
8162,ENSG00000149179,CSTPP1,1
8163,ENSG00000149182,ARFGAP2,3
8164,ENSG00000149187,CELF1,3
8165,ENSG00000149196,HIKESHI,0
8166,ENSG00000149201,CCDC81,0
8167,ENSG00000149212,SESN3,2
8168,ENSG00000149218,ENDOD1,0
8169,ENSG00000149231,CCDC82,0
8170,ENSG00000149243,KLHL35,0
8171,ENSG00000149256,TENM4,4
8172,ENSG00000149257,SERPINH1,0
8173,ENSG00000149260,CAPN5,0
8174,ENSG00000149262,INTS4,31
8175,ENSG00000149269,PAK1,21
8176,ENSG00000149273,RPS3,129
8177,ENSG00000149289,ZC3H12C,0
8178,ENSG00000149292,TTC12,0
8179,ENSG00000149294,NCAM1,14
8180,ENSG00000149295,DRD2,15
8181,ENSG00000149300,C11orf52,0
8182,ENSG00000149305,HTR3B,1
8183,ENSG00000149308,NPAT,1
8184,ENSG00000149311,ATM,62
8185,ENSG00000149313,AASDHPPT,1
8186,ENSG00000149328,GLB1L2,0
8187,ENSG00000149346,SLX4IP,1
8188,ENSG00000149357,LAMTOR1,27
8189,ENSG00000149380,P4HA3,1
8190,ENSG00000149403,GRIK4,4
8191,ENSG00000149418,ST14,1
8192,ENSG00000149428,HYOU1,9
8193,ENSG00000149451,ADAM33,0
8194,ENSG00000149452,SLC22A8,1
8195,ENSG00000149474,KAT14,32
8196,ENSG00000149476,TKFC,1
8197,ENSG00000149480,MTA2,17
8198,ENSG00000149483,TMEM138,0
8199,ENSG00000149485,FADS1,7
8200,ENSG00000149488,TMC2,4
8201,ENSG00000149489,ROM1,1
8202,ENSG00000149499,EML3,0
8203,ENSG00000149503,INCENP,9
8204,ENSG00000149506,ZP1,2
8205,ENSG00000149516,MS4A3,0
8206,ENSG00000149527,PLCH2,0
8207,ENSG00000149532,CPSF7,8
8208,ENSG00000149534,MS4A2,2
8209,ENSG00000149541,B3GAT3,0
8210,ENSG00000149547,EI24,0
8211,ENSG00000149554,CHEK1,8
8212,ENSG00000149557,FEZ1,1
8213,ENSG00000149564,ESAM,5
8214,ENSG00000149571,KIRREL3,3
8215,ENSG00000149573,MPZL2,0
8216,ENSG00000149575,SCN2B,13
8217,ENSG00000149577,SIDT2,0
8218,ENSG00000149582,TMEM25,0
8219,ENSG00000149591,TAGLN,0
8220,ENSG00000149596,JPH2,1
8221,ENSG00000149599,DUSP15,0
8222,ENSG00000149600,COMMD7,2
8223,ENSG00000149633,KIAA1755,0
8224,ENSG00000149634,SPATA25,0
8225,ENSG00000149635,OCSTAMP,0
8226,ENSG00000149636,DSN1,10
8227,ENSG00000149639,MTCL2,0
8228,ENSG00000149646,CNBD2,0
8229,ENSG00000149654,CDH22,1
8230,ENSG00000149657,LSM14B,2
8231,ENSG00000149658,YTHDF1,5
8232,ENSG00000149679,CABLES2,2
8233,ENSG00000149716,LTO1,0
8234,ENSG00000149735,GPHA2,1
8235,ENSG00000149743,TRPT1,0
8236,ENSG00000149761,NUDT22,0
8237,ENSG00000149781,FERMT3,3
8238,ENSG00000149782,PLCB3,3
8239,ENSG00000149792,MRPL49,98
8240,ENSG00000149798,CDC42EP2,1
8241,ENSG00000149806,FAU,183
8242,ENSG00000149809,TM7SF2,1
8243,ENSG00000149823,VPS51,5
8244,ENSG00000149922,TBX6,0
8245,ENSG00000149923,PPP4C,16
8246,ENSG00000149926,TLCD3B,0
8247,ENSG00000149927,DOC2A,1
8248,ENSG00000149929,HIRIP3,0
8249,ENSG00000149930,TAOK2,3
8250,ENSG00000149932,TMEM219,2
8251,ENSG00000149948,HMGA2,7
8252,ENSG00000149968,MMP3,7
8253,ENSG00000149970,CNKSR2,0
8254,ENSG00000149972,CNTN5,3
8255,ENSG00000150048,CLEC1A,0
8256,ENSG00000150051,MKX,0
8257,ENSG00000150054,MPP7,3
8258,ENSG00000150093,ITGB1,72
8259,ENSG00000150201,FXYD4,0
8260,ENSG00000150261,OR8K1,0
8261,ENSG00000150275,PCDH15,3
8262,ENSG00000150281,CTF1,4
8263,ENSG00000150316,CWC15,88
8264,ENSG00000150337,FCGR1A,8
8265,ENSG00000150347,ARID5B,2
8266,ENSG00000150361,KLHL1,0
8267,ENSG00000150394,CDH8,11
8268,ENSG00000150401,DCUN1D2,5
8269,ENSG00000150403,TMCO3,0
8270,ENSG00000150433,TMEM218,0
8271,ENSG00000150455,TIRAP,9
8272,ENSG00000150456,EEF1AKMT1,0
8273,ENSG00000150457,LATS2,9
8274,ENSG00000150471,ADGRL3,17
8275,ENSG00000150477,KIAA1328,0
8276,ENSG00000150510,FAM124A,0
8277,ENSG00000150540,HNMT,0
8278,ENSG00000150551,LYPD1,0
8279,ENSG00000150556,LYPD6B,0
8280,ENSG00000150593,PDCD4,3
8281,ENSG00000150594,ADRA2A,4
8282,ENSG00000150625,GPM6A,0
8283,ENSG00000150627,WDR17,0
8284,ENSG00000150628,SPATA4,0
8285,ENSG00000150630,VEGFC,7
8286,ENSG00000150637,CD226,3
8287,ENSG00000150656,CNDP1,2
8288,ENSG00000150667,FSIP1,0
8289,ENSG00000150672,DLG2,12
8290,ENSG00000150676,CCDC83,0
8291,ENSG00000150681,RGS18,1
8292,ENSG00000150687,PRSS23,0
8293,ENSG00000150712,MTMR12,2
8294,ENSG00000150722,PPP1R1C,0
8295,ENSG00000150750,POU2AF2,0
8296,ENSG00000150753,CCT5,59
8297,ENSG00000150756,ATPSCKMT,0
8298,ENSG00000150760,DOCK1,28
8299,ENSG00000150764,DIXDC1,2
8300,ENSG00000150768,DLAT,7
8301,ENSG00000150773,PIH1D2,4
8302,ENSG00000150776,NKAPD1,0
8303,ENSG00000150779,TIMM8B,3
8304,ENSG00000150782,IL18,5
8305,ENSG00000150783,TEX12,4
8306,ENSG00000150787,PTS,0
8307,ENSG00000150867,PIP4K2A,2
8308,ENSG00000150893,FREM2,2
8309,ENSG00000150907,FOXO1,29
8310,ENSG00000150938,CRIM1,0
8311,ENSG00000150961,SEC24D,16
8312,ENSG00000150967,ABCB9,0
8313,ENSG00000150977,RILPL2,2
8314,ENSG00000150990,DHX37,63
8315,ENSG00000150991,UBC,215
8316,ENSG00000150995,ITPR1,22
8317,ENSG00000151005,TKTL2,2
8318,ENSG00000151006,PRSS53,0
8319,ENSG00000151012,SLC7A11,3
8320,ENSG00000151014,NOCT,0
8321,ENSG00000151023,ENKUR,31
8322,ENSG00000151025,GPR158,2
8323,ENSG00000151062,CACNA2D4,25
8324,ENSG00000151065,DCP1B,7
8325,ENSG00000151067,CACNA1C,37
8326,ENSG00000151079,KCNA6,4
8327,ENSG00000151090,THRB,8
8328,ENSG00000151092,NGLY1,7
8329,ENSG00000151093,OXSM,3
8330,ENSG00000151116,UEVLD,8
8331,ENSG00000151117,TMEM86A,0
8332,ENSG00000151131,NOPCHAP1,1
8333,ENSG00000151135,TMEM263,0
8334,ENSG00000151136,ABTB3,0
8335,ENSG00000151148,UBE3B,0
8336,ENSG00000151150,ANK3,26
8337,ENSG00000151151,IPMK,0
8338,ENSG00000151164,RAD9B,6
8339,ENSG00000151176,PLBD2,0
8340,ENSG00000151208,DLG5,3
8341,ENSG00000151224,MAT1A,2
8342,ENSG00000151229,SLC2A13,0
8343,ENSG00000151233,GXYLT1,1
8344,ENSG00000151239,TWF1,17
8345,ENSG00000151240,DIP2C,0
8346,ENSG00000151247,EIF4E,43
8347,ENSG00000151276,MAGI1,11
8348,ENSG00000151287,TEX30,0
8349,ENSG00000151292,CSNK1G3,4
8350,ENSG00000151304,SRFBP1,1
8351,ENSG00000151320,AKAP6,5
8352,ENSG00000151322,NPAS3,0
8353,ENSG00000151332,MBIP,32
8354,ENSG00000151338,MIPOL1,0
8355,ENSG00000151348,EXT2,2
8356,ENSG00000151353,TMEM18,0
8357,ENSG00000151360,ALLC,0
8358,ENSG00000151365,THRSP,1
8359,ENSG00000151366,NDUFC2,62
8360,ENSG00000151376,ME3,2
8361,ENSG00000151379,MSGN1,0
8362,ENSG00000151388,ADAMTS12,1
8363,ENSG00000151413,NUBPL,0
8364,ENSG00000151414,NEK7,3
8365,ENSG00000151418,ATP6V1G3,17
8366,ENSG00000151422,FER,0
8367,ENSG00000151445,VIPAS39,1
8368,ENSG00000151458,ANKRD50,1
8369,ENSG00000151461,UPF2,12
8370,ENSG00000151465,CDC123,0
8371,ENSG00000151466,SCLT1,4
8372,ENSG00000151468,CCDC3,0
8373,ENSG00000151470,C4orf33,0
8374,ENSG00000151474,FRMD4A,1
8375,ENSG00000151475,SLC25A31,23
8376,ENSG00000151490,PTPRO,0
8377,ENSG00000151491,EPS8,13
8378,ENSG00000151498,ACAD8,2
8379,ENSG00000151500,THYN1,0
8380,ENSG00000151502,VPS26B,11
8381,ENSG00000151503,NCAPD3,7
8382,ENSG00000151532,VTI1A,21
8383,ENSG00000151552,QDPR,1
8384,ENSG00000151553,FHIP2A,0
8385,ENSG00000151572,ANO4,0
8386,ENSG00000151575,TEX9,0
8387,ENSG00000151576,QTRT2,1
8388,ENSG00000151577,DRD3,5
8389,ENSG00000151611,MMAA,1
8390,ENSG00000151612,ZNF827,1
8391,ENSG00000151615,POU4F2,1
8392,ENSG00000151617,EDNRA,5
8393,ENSG00000151623,NR3C2,6
8394,ENSG00000151640,DPYSL4,3
8395,ENSG00000151651,ADAM8,0
8396,ENSG00000151655,ITIH2,1
8397,ENSG00000151657,KIN,41
8398,ENSG00000151665,PIGF,2
8399,ENSG00000151687,ANKAR,0
8400,ENSG00000151689,INPP1,0
8401,ENSG00000151690,MFSD6,0
8402,ENSG00000151692,RNF144A,2
8403,ENSG00000151693,ASAP2,3
8404,ENSG00000151694,ADAM17,4
8405,ENSG00000151702,FLI1,8
8406,ENSG00000151704,KCNJ1,1
8407,ENSG00000151715,TMEM45B,0
8408,ENSG00000151718,WWC2,0
8409,ENSG00000151725,CENPU,15
8410,ENSG00000151726,ACSL1,1
8411,ENSG00000151729,SLC25A4,25
8412,ENSG00000151743,AMN1,0
8413,ENSG00000151746,BICD1,2
8414,ENSG00000151748,SAV1,10
8415,ENSG00000151773,CCDC122,0
8416,ENSG00000151778,SERP2,0
8417,ENSG00000151779,NBAS,7
8418,ENSG00000151790,TDO2,2
8419,ENSG00000151806,GUF1,0
8420,ENSG00000151812,SLC35F4,0
8421,ENSG00000151834,GABRA2,6
8422,ENSG00000151835,SACS,0
8423,ENSG00000151849,CENPJ,18
8424,ENSG00000151876,FBXO4,9
8425,ENSG00000151881,TMEM267,0
8426,ENSG00000151882,CCL28,10
8427,ENSG00000151883,PARP8,0
8428,ENSG00000151892,GFRA1,9
8429,ENSG00000151893,CACUL1,0
8430,ENSG00000151914,DST,5
8431,ENSG00000151917,BEND6,0
8432,ENSG00000151923,TIAL1,5
8433,ENSG00000151929,BAG3,32
8434,ENSG00000151948,GLT1D1,0
8435,ENSG00000151952,TMEM132D,0
8436,ENSG00000151962,RBM46,0
8437,ENSG00000151967,SCHIP1,1
8438,ENSG00000152049,KCNE4,2
8439,ENSG00000152056,AP1S3,11
8440,ENSG00000152061,RABGAP1L,0
8441,ENSG00000152078,TLCD4,0
8442,ENSG00000152092,ASTN1,0
8443,ENSG00000152102,FAM168B,0
8444,ENSG00000152104,PTPN14,3
8445,ENSG00000152127,MGAT5,1
8446,ENSG00000152128,TMEM163,0
8447,ENSG00000152133,GPATCH11,0
8448,ENSG00000152137,HSPB8,30
8449,ENSG00000152147,GEMIN6,14
8450,ENSG00000152154,TMEM178A,0
8451,ENSG00000152192,POU4F1,1
8452,ENSG00000152193,OBI1,0
8453,ENSG00000152208,GRID2,6
8454,ENSG00000152213,ARL11,0
8455,ENSG00000152214,RIT2,0
8456,ENSG00000152217,SETBP1,0
8457,ENSG00000152219,ARL14EP,1
8458,ENSG00000152223,EPG5,0
8459,ENSG00000152229,PSTPIP2,0
8460,ENSG00000152234,ATP5F1A,30
8461,ENSG00000152240,HAUS1,7
8462,ENSG00000152242,ARK2N,0
8463,ENSG00000152253,SPC25,11
8464,ENSG00000152254,G6PC2,8
8465,ENSG00000152256,PDK1,3
8466,ENSG00000152266,PTH,6
8467,ENSG00000152270,PDE3B,13
8468,ENSG00000152284,TCF7L1,14
8469,ENSG00000152292,SH2D6,0
8470,ENSG00000152315,KCNK13,1
8471,ENSG00000152332,UHMK1,1
8472,ENSG00000152348,ATG10,4
8473,ENSG00000152359,POC5,3
8474,ENSG00000152377,SPOCK1,0
8475,ENSG00000152380,FAM151B,0
8476,ENSG00000152382,TADA1,36
8477,ENSG00000152402,GUCY1A2,2
8478,ENSG00000152404,CWF19L2,31
8479,ENSG00000152409,JMY,3
8480,ENSG00000152413,HOMER1,10
8481,ENSG00000152422,XRCC4,30
8482,ENSG00000152430,BOLL,1
8483,ENSG00000152455,SUV39H2,1
8484,ENSG00000152457,DCLRE1C,24
8485,ENSG00000152463,OLAH,0
8486,ENSG00000152464,RPP38,28
8487,ENSG00000152465,NMT2,1
8488,ENSG00000152484,USP12,9
8489,ENSG00000152492,CCDC50,0
8490,ENSG00000152495,CAMK4,5
8491,ENSG00000152503,TRIM36,1
8492,ENSG00000152518,ZFP36L2,1
8493,ENSG00000152520,PAN3,1
8494,ENSG00000152527,PLEKHH2,0
8495,ENSG00000152556,PFKM,5
8496,ENSG00000152558,TMEM123,0
8497,ENSG00000152578,GRIA4,24
8498,ENSG00000152580,IGSF10,0
8499,ENSG00000152582,SPEF2,0
8500,ENSG00000152583,SPARCL1,1
8501,ENSG00000152592,DMP1,2
8502,ENSG00000152601,MBNL1,2
8503,ENSG00000152611,CAPSL,0
8504,ENSG00000152620,NADK2,0
8505,ENSG00000152642,GPD1L,1
8506,ENSG00000152661,GJA1,37
8507,ENSG00000152669,CCNO,1
8508,ENSG00000152670,DDX4,5
8509,ENSG00000152683,SLC30A6,1
8510,ENSG00000152684,PELO,57
8511,ENSG00000152689,RASGRP3,1
8512,ENSG00000152700,SAR1B,9
8513,ENSG00000152705,CATSPER3,25
8514,ENSG00000152749,GPR180,0
8515,ENSG00000152760,DYNLT5,0
8516,ENSG00000152763,DNAI4,11
8517,ENSG00000152766,ANKRD22,0
8518,ENSG00000152767,FARP1,0
8519,ENSG00000152779,SLC16A12,0
8520,ENSG00000152782,PANK1,2
8521,ENSG00000152784,PRDM8,0
8522,ENSG00000152785,BMP3,0
8523,ENSG00000152795,HNRNPDL,1
8524,ENSG00000152818,UTRN,7
8525,ENSG00000152822,GRM1,13
8526,ENSG00000152894,PTPRK,0
8527,ENSG00000152904,GGPS1,2
8528,ENSG00000152910,CNTNAP4,2
8529,ENSG00000152932,RAB3C,1
8530,ENSG00000152936,LMNTD1,0
8531,ENSG00000152939,MARVELD2,15
8532,ENSG00000152942,RAD17,14
8533,ENSG00000152944,MED21,70
8534,ENSG00000152952,PLOD2,3
8535,ENSG00000152953,STK32B,0
8536,ENSG00000152954,NRSN1,0
8537,ENSG00000152969,JAKMIP1,0
8538,ENSG00000152977,ZIC1,1
8539,ENSG00000152990,ADGRA3,0
8540,ENSG00000153002,CPB1,1
8541,ENSG00000153006,SREK1IP1,0
8542,ENSG00000153012,LGI2,2
8543,ENSG00000153015,CWC27,73
8544,ENSG00000153029,MR1,2
8545,ENSG00000153037,SRP19,64
8546,ENSG00000153044,CENPH,16
8547,ENSG00000153046,CDYL,3
8548,ENSG00000153048,CARHSP1,0
8549,ENSG00000153060,TEKT5,0
8550,ENSG00000153064,BANK1,0
8551,ENSG00000153066,TXNDC11,1
8552,ENSG00000153071,DAB2,11
8553,ENSG00000153086,ACMSD,0
8554,ENSG00000153093,ACOXL,1
8555,ENSG00000153094,BCL2L11,10
8556,ENSG00000153107,ANAPC1,45
8557,ENSG00000153113,CAST,5
8558,ENSG00000153130,SCOC,1
8559,ENSG00000153132,CLGN,0
8560,ENSG00000153140,CETN3,13
8561,ENSG00000153147,SMARCA5,28
8562,ENSG00000153157,SYCP2L,0
8563,ENSG00000153162,BMP6,9
8564,ENSG00000153179,RASSF3,0
8565,ENSG00000153187,HNRNPU,32
8566,ENSG00000153201,RANBP2,46
8567,ENSG00000153207,AHCTF1,24
8568,ENSG00000153208,MERTK,3
8569,ENSG00000153214,TMEM87B,0
8570,ENSG00000153233,PTPRR,3
8571,ENSG00000153234,NR4A2,1
8572,ENSG00000153237,CCDC148,0
8573,ENSG00000153246,PLA2R1,4
8574,ENSG00000153250,RBMS1,0
8575,ENSG00000153253,SCN3A,6
8576,ENSG00000153266,FEZF2,0
8577,ENSG00000153283,CD96,2
8578,ENSG00000153291,SLC25A27,0
8579,ENSG00000153292,ADGRF1,3
8580,ENSG00000153294,ADGRF4,0
8581,ENSG00000153310,CYRIB,1
8582,ENSG00000153317,ASAP1,15
8583,ENSG00000153339,TRAPPC8,14
8584,ENSG00000153347,FAM81B,0
8585,ENSG00000153391,INO80C,42
8586,ENSG00000153395,LPCAT1,11
8587,ENSG00000153406,NMRAL1,2
8588,ENSG00000153443,UBALD1,0
8589,ENSG00000153446,C16orf89,0
8590,ENSG00000153485,LYSET,0
8591,ENSG00000153487,ING1,17
8592,ENSG00000153551,CMTM7,0
8593,ENSG00000153558,FBXL2,5
8594,ENSG00000153560,UBP1,0
8595,ENSG00000153561,RMND5A,8
8596,ENSG00000153574,RPIA,0
8597,ENSG00000153707,PTPRD,8
8598,ENSG00000153714,LURAP1L,0
8599,ENSG00000153721,CNKSR3,0
8600,ENSG00000153767,GTF2E1,64
8601,ENSG00000153774,CFDP1,7
8602,ENSG00000153786,ZDHHC7,0
8603,ENSG00000153789,CIBAR2,0
8604,ENSG00000153790,SPMIP4,0
8605,ENSG00000153802,TMPRSS11D,0
8606,ENSG00000153814,JAZF1,1
8607,ENSG00000153815,CMIP,1
8608,ENSG00000153820,SPHKAP,0
8609,ENSG00000153822,KCNJ16,0
8610,ENSG00000153823,PID1,0
8611,ENSG00000153827,TRIP12,1
8612,ENSG00000153832,FBXO36,0
8613,ENSG00000153879,CEBPG,2
8614,ENSG00000153885,KCTD15,0
8615,ENSG00000153898,MCOLN2,2
8616,ENSG00000153902,LGI4,1
8617,ENSG00000153904,DDAH1,0
8618,ENSG00000153922,CHD1,4
8619,ENSG00000153930,ANKFN1,0
8620,ENSG00000153933,DGKE,0
8621,ENSG00000153936,HS2ST1,0
8622,ENSG00000153944,MSI2,2
8623,ENSG00000153956,CACNA2D1,31
8624,ENSG00000153975,ZUP1,4
8625,ENSG00000153976,HS3ST3A1,1
8626,ENSG00000153982,GDPD1,1
8627,ENSG00000153989,NUS1,2
8628,ENSG00000153993,SEMA3D,1
8629,ENSG00000154001,PPP2R5E,10
8630,ENSG00000154007,ASB17,0
8631,ENSG00000154025,SLC5A10,0
8632,ENSG00000154027,AK5,0
8633,ENSG00000154059,IMPACT,0
8634,ENSG00000154065,ANKRD29,0
8635,ENSG00000154079,SDHAF4,1
8636,ENSG00000154080,CHST9,1
8637,ENSG00000154096,THY1,3
8638,ENSG00000154099,DNAAF1,0
8639,ENSG00000154102,C16orf74,0
8640,ENSG00000154114,TBCEL,0
8641,ENSG00000154118,JPH3,1
8642,ENSG00000154122,ANKH,0
8643,ENSG00000154124,OTULIN,8
8644,ENSG00000154127,UBASH3B,2
8645,ENSG00000154133,ROBO4,5
8646,ENSG00000154134,ROBO3,7
8647,ENSG00000154143,PANX3,0
8648,ENSG00000154144,TBRG1,0
8649,ENSG00000154146,NRGN,3
8650,ENSG00000154153,RETREG1,2
8651,ENSG00000154162,CDH12,11
8652,ENSG00000154165,GPR15,0
8653,ENSG00000154174,TOMM70,22
8654,ENSG00000154175,ABI3BP,1
8655,ENSG00000154188,ANGPT1,7
8656,ENSG00000154217,PITPNC1,1
8657,ENSG00000154222,CC2D1B,1
8658,ENSG00000154227,CERS3,8
8659,ENSG00000154229,PRKCA,14
8660,ENSG00000154237,LRRK1,1
8661,ENSG00000154240,CEP112,0
8662,ENSG00000154258,ABCA9,0
8663,ENSG00000154262,ABCA6,0
8664,ENSG00000154265,ABCA5,0
8665,ENSG00000154269,ENPP3,9
8666,ENSG00000154274,C4orf19,0
8667,ENSG00000154277,UCHL1,7
8668,ENSG00000154305,MIA3,2
8669,ENSG00000154309,DISP1,1
8670,ENSG00000154310,TNIK,5
8671,ENSG00000154319,FAM167A,0
8672,ENSG00000154328,NEIL2,5
8673,ENSG00000154330,PGM5,10
8674,ENSG00000154342,WNT3A,20
8675,ENSG00000154358,OBSCN,3
8676,ENSG00000154359,LONRF1,0
8677,ENSG00000154370,TRIM11,2
8678,ENSG00000154380,ENAH,6
8679,ENSG00000154415,PPP1R3A,9
8680,ENSG00000154429,CCSAP,0
8681,ENSG00000154438,ASZ1,7
8682,ENSG00000154447,SH3RF1,2
8683,ENSG00000154451,GBP5,0
8684,ENSG00000154473,BUB3,18
8685,ENSG00000154478,GPR26,0
8686,ENSG00000154479,CFAP210,31
8687,ENSG00000154485,MMP21,0
8688,ENSG00000154493,C10orf90,0
8689,ENSG00000154511,DIPK1A,0
8690,ENSG00000154518,ATP5MC3,19
8691,ENSG00000154548,SRSF12,0
8692,ENSG00000154553,PDLIM3,0
8693,ENSG00000154556,SORBS2,1
8694,ENSG00000154582,ELOC,107
8695,ENSG00000154589,LY96,8
8696,ENSG00000154611,PSMA8,35
8697,ENSG00000154640,BTG3,1
8698,ENSG00000154642,C21orf91,0
8699,ENSG00000154645,CHODL,0
8700,ENSG00000154646,TMPRSS15,0
8701,ENSG00000154654,NCAM2,3
8702,ENSG00000154655,L3MBTL4,0
8703,ENSG00000154678,PDE1C,2
8704,ENSG00000154710,RABGEF1,0
8705,ENSG00000154719,MRPL39,98
8706,ENSG00000154721,JAM2,6
8707,ENSG00000154723,ATP5PF,17
8708,ENSG00000154727,GABPA,2
8709,ENSG00000154734,ADAMTS1,0
8710,ENSG00000154736,ADAMTS5,1
8711,ENSG00000154743,TSEN2,7
8712,ENSG00000154764,WNT7A,14
8713,ENSG00000154767,XPC,34
8714,ENSG00000154781,CCDC174,0
8715,ENSG00000154783,FGD5,0
8716,ENSG00000154803,FLCN,10
8717,ENSG00000154813,DPH3,3
8718,ENSG00000154822,PLCL2,0
8719,ENSG00000154832,CXXC1,11
8720,ENSG00000154839,SKA1,8
8721,ENSG00000154845,PPP4R1,16
8722,ENSG00000154856,APCDD1,2
8723,ENSG00000154864,PIEZO2,0
8724,ENSG00000154889,MPPE1,1
8725,ENSG00000154914,USP43,0
8726,ENSG00000154917,RAB6B,5
8727,ENSG00000154920,EME1,3
8728,ENSG00000154928,EPHB1,10
8729,ENSG00000154930,ACSS1,3
8730,ENSG00000154945,ANKRD40,0
8731,ENSG00000154957,ZNF18,0
8732,ENSG00000154975,CA10,0
8733,ENSG00000154978,VOPP1,0
8734,ENSG00000154997,SEPTIN14,9
8735,ENSG00000155008,APOOL,18
8736,ENSG00000155011,DKK2,5
8737,ENSG00000155016,CYP2U1,0
8738,ENSG00000155034,FBXL18,3
8739,ENSG00000155066,PROM2,0
8740,ENSG00000155085,AK9,8
8741,ENSG00000155087,ODF1,1
8742,ENSG00000155090,KLF10,1
8743,ENSG00000155093,PTPRN2,1
8744,ENSG00000155096,AZIN1,3
8745,ENSG00000155097,ATP6V1C1,28
8746,ENSG00000155099,PIP4P2,1
8747,ENSG00000155100,OTUD6B,0
8748,ENSG00000155111,CDK19,32
8749,ENSG00000155115,GTF3C6,6
8750,ENSG00000155158,TTC39B,0
8751,ENSG00000155189,AGPAT5,7
8752,ENSG00000155229,MMS19,17
8753,ENSG00000155249,OR4K1,0
8754,ENSG00000155252,PI4K2A,4
8755,ENSG00000155254,MARVELD1,0
8756,ENSG00000155256,ZFYVE27,2
8757,ENSG00000155265,GOLGA7B,0
8758,ENSG00000155275,TRMT44,0
8759,ENSG00000155287,SLC25A28,0
8760,ENSG00000155304,HSPA13,1
8761,ENSG00000155307,SAMSN1,0
8762,ENSG00000155313,USP25,1
8763,ENSG00000155324,GRAMD2B,0
8764,ENSG00000155329,ZCCHC10,1
8765,ENSG00000155330,C16orf87,0
8766,ENSG00000155363,MOV10,8
8767,ENSG00000155366,RHOC,17
8768,ENSG00000155367,PPM1J,0
8769,ENSG00000155380,SLC16A1,2
8770,ENSG00000155393,HEATR3,1
8771,ENSG00000155438,NIFK,33
8772,ENSG00000155463,OXA1L,83
8773,ENSG00000155465,SLC7A7,1
8774,ENSG00000155506,LARP1,0
8775,ENSG00000155508,CNOT8,17
8776,ENSG00000155511,GRIA1,33
8777,ENSG00000155545,MIER3,0
8778,ENSG00000155561,NUP205,28
8779,ENSG00000155592,ZKSCAN2,0
8780,ENSG00000155621,C9orf85,0
8781,ENSG00000155629,PIK3AP1,7
8782,ENSG00000155636,RBM45,0
8783,ENSG00000155657,TTN,20
8784,ENSG00000155660,PDIA4,7
8785,ENSG00000155666,KDM8,2
8786,ENSG00000155714,PDZD9,0
8787,ENSG00000155719,OTOA,0
8788,ENSG00000155729,KCTD18,0
8789,ENSG00000155744,HYCC2,0
8790,ENSG00000155749,FLACC1,0
8791,ENSG00000155755,TMEM237,1
8792,ENSG00000155760,FZD7,20
8793,ENSG00000155761,SPAG17,0
8794,ENSG00000155792,DEPTOR,12
8795,ENSG00000155816,FMN2,1
8796,ENSG00000155827,RNF20,13
8797,ENSG00000155846,PPARGC1B,23
8798,ENSG00000155849,ELMO1,23
8799,ENSG00000155850,SLC26A2,0
8800,ENSG00000155858,LSM11,22
8801,ENSG00000155868,MED7,67
8802,ENSG00000155875,SAXO1,0
8803,ENSG00000155876,RRAGA,20
8804,ENSG00000155886,SLC24A2,0
8805,ENSG00000155890,TRIM42,0
8806,ENSG00000155893,PXYLP1,0
8807,ENSG00000155897,ADCY8,8
8808,ENSG00000155903,RASA2,0
8809,ENSG00000155906,RMND1,0
8810,ENSG00000155926,SLA,1
8811,ENSG00000155957,TMBIM4,3
8812,ENSG00000155959,VBP1,15
8813,ENSG00000155961,RAB39B,1
8814,ENSG00000155966,AFF2,0
8815,ENSG00000155970,MICU3,6
8816,ENSG00000155974,GRIP1,5
8817,ENSG00000155975,VPS37A,22
8818,ENSG00000155980,KIF5A,13
8819,ENSG00000156011,PSD3,0
8820,ENSG00000156017,CARNMT1,0
8821,ENSG00000156026,MCU,6
8822,ENSG00000156030,MIDEAS,3
8823,ENSG00000156042,CFAP70,11
8824,ENSG00000156049,GNA14,2
8825,ENSG00000156050,FAM161B,0
8826,ENSG00000156076,WIF1,4
8827,ENSG00000156097,GPR61,0
8828,ENSG00000156103,MMP16,0
8829,ENSG00000156110,ADK,0
8830,ENSG00000156113,KCNMA1,8
8831,ENSG00000156127,BATF,7
8832,ENSG00000156136,DCK,8
8833,ENSG00000156140,ADAMTS3,0
8834,ENSG00000156150,ALX3,0
8835,ENSG00000156162,DPY19L4,0
8836,ENSG00000156170,NDUFAF6,2
8837,ENSG00000156171,DRAM2,1
8838,ENSG00000156172,CFAP418,0
8839,ENSG00000156194,PPEF2,0
8840,ENSG00000156206,CFAP161,31
8841,ENSG00000156218,ADAMTSL3,0
8842,ENSG00000156219,ART3,0
8843,ENSG00000156222,SLC28A1,0
8844,ENSG00000156232,WHAMM,6
8845,ENSG00000156239,N6AMT1,1
8846,ENSG00000156253,RWDD2B,0
8847,ENSG00000156256,USP16,1
8848,ENSG00000156261,CCT8,50
8849,ENSG00000156273,BACH1,4
8850,ENSG00000156282,CLDN17,0
8851,ENSG00000156284,CLDN8,6
8852,ENSG00000156298,TSPAN7,1
8853,ENSG00000156299,TIAM1,17
8854,ENSG00000156304,SCAF4,0
8855,ENSG00000156345,CDK20,0
8856,ENSG00000156374,PCGF6,57
8857,ENSG00000156381,ANKRD9,7
8858,ENSG00000156395,SORCS3,3
8859,ENSG00000156398,SFXN2,0
8860,ENSG00000156411,ATP5MJ,15
8861,ENSG00000156414,TDRD9,3
8862,ENSG00000156427,FGF18,13
8863,ENSG00000156453,PCDH1,0
8864,ENSG00000156463,SH3RF2,0
8865,ENSG00000156466,GDF6,2
8866,ENSG00000156469,MTERF3,6
8867,ENSG00000156471,PTDSS1,0
8868,ENSG00000156475,PPP2R2B,13
8869,ENSG00000156482,RPL30,111
8870,ENSG00000156486,KCNS2,0
8871,ENSG00000156502,SUPV3L1,18
8872,ENSG00000156504,PABIR2,0
8873,ENSG00000156509,FBXO43,0
8874,ENSG00000156510,HKDC1,9
8875,ENSG00000156515,HK1,9
8876,ENSG00000156521,TYSND1,1
8877,ENSG00000156531,PHF6,4
8878,ENSG00000156535,CD109,1
8879,ENSG00000156564,LRFN2,3
8880,ENSG00000156574,NODAL,5
8881,ENSG00000156575,PRG3,0
8882,ENSG00000156587,UBE2L6,9
8883,ENSG00000156599,ZDHHC5,1
8884,ENSG00000156603,MED19,0
8885,ENSG00000156639,ZFAND3,0
8886,ENSG00000156642,NPTN,1
8887,ENSG00000156650,KAT6B,10
8888,ENSG00000156671,SAMD8,0
8889,ENSG00000156675,RAB11FIP1,7
8890,ENSG00000156687,UNC5D,7
8891,ENSG00000156709,AIFM1,2
8892,ENSG00000156711,MAPK13,5
8893,ENSG00000156735,BAG4,2
8894,ENSG00000156738,MS4A1,0
8895,ENSG00000156787,TBC1D31,0
8896,ENSG00000156795,NTAQ1,0
8897,ENSG00000156804,FBXO32,3
8898,ENSG00000156831,NSMCE2,7
8899,ENSG00000156853,ZNF689,1
8900,ENSG00000156858,PRR14,0
8901,ENSG00000156860,FBRS,2
8902,ENSG00000156869,FRRS1,0
8903,ENSG00000156873,PHKG2,7
8904,ENSG00000156875,MFSD14A,0
8905,ENSG00000156876,SASS6,4
8906,ENSG00000156885,COX6A2,62
8907,ENSG00000156886,ITGAD,1
8908,ENSG00000156920,ADGRG4,2
8909,ENSG00000156925,ZIC3,1
8910,ENSG00000156928,MALSU1,63
8911,ENSG00000156931,VPS8,7
8912,ENSG00000156958,GALK2,0
8913,ENSG00000156959,LHFPL4,1
8914,ENSG00000156966,B3GNT7,0
8915,ENSG00000156968,MPV17L,2
8916,ENSG00000156970,BUB1B,59
8917,ENSG00000156973,PDE6D,4
8918,ENSG00000156976,EIF4A2,15
8919,ENSG00000156983,BRPF1,9
8920,ENSG00000156990,RPUSD3,0
8921,ENSG00000157005,SST,11
8922,ENSG00000157014,TATDN2,0
8923,ENSG00000157017,GHRL,5
8924,ENSG00000157020,SEC13,46
8925,ENSG00000157036,EXOG,0
8926,ENSG00000157045,NTAN1,1
8927,ENSG00000157060,SHCBP1L,0
8928,ENSG00000157064,NMNAT2,5
8929,ENSG00000157077,ZFYVE9,6
8930,ENSG00000157087,ATP2B2,0
8931,ENSG00000157093,LYZL4,0
8932,ENSG00000157103,SLC6A1,1
8933,ENSG00000157106,SMG1,18
8934,ENSG00000157107,FCHO2,11
8935,ENSG00000157110,RBPMS,0
8936,ENSG00000157111,TMEM171,0
8937,ENSG00000157119,KLHL40,31
8938,ENSG00000157131,C8A,20
8939,ENSG00000157150,TIMP4,1
8940,ENSG00000157152,SYN2,2
8941,ENSG00000157168,NRG1,8
8942,ENSG00000157181,ODR4,0
8943,ENSG00000157184,CPT2,0
8944,ENSG00000157191,NECAP2,21
8945,ENSG00000157193,LRP8,12
8946,ENSG00000157211,CDCP2,0
8947,ENSG00000157212,PAXIP1,15
8948,ENSG00000157214,STEAP2,0
8949,ENSG00000157216,SSBP3,0
8950,ENSG00000157219,HTR5A,3
8951,ENSG00000157224,CLDN12,1
8952,ENSG00000157227,MMP14,8
8953,ENSG00000157240,FZD1,16
8954,ENSG00000157259,GATAD1,3
8955,ENSG00000157303,SUSD3,0
8956,ENSG00000157315,TMED6,0
8957,ENSG00000157326,DHRS4,3
8958,ENSG00000157330,CFAP107,31
8959,ENSG00000157343,ARMC12,1
8960,ENSG00000157349,DDX19B,3
8961,ENSG00000157350,ST3GAL2,1
8962,ENSG00000157353,FCSK,0
8963,ENSG00000157368,IL34,4
8964,ENSG00000157379,DHRS1,0
8965,ENSG00000157388,CACNA1D,32
8966,ENSG00000157404,KIT,21
8967,ENSG00000157423,HYDIN,0
8968,ENSG00000157426,AASDH,3
8969,ENSG00000157445,CACNA2D3,6
8970,ENSG00000157450,RNF111,7
8971,ENSG00000157456,CCNB2,9
8972,ENSG00000157470,FAM81A,0
8973,ENSG00000157483,MYO1E,0
8974,ENSG00000157500,APPL1,13
8975,ENSG00000157502,PWWP3B,8
8976,ENSG00000157510,AFAP1L1,0
8977,ENSG00000157514,TSC22D3,2
8978,ENSG00000157538,VPS26C,9
8979,ENSG00000157540,DYRK1A,0
8980,ENSG00000157542,KCNJ6,8
8981,ENSG00000157551,KCNJ15,0
8982,ENSG00000157554,ERG,3
8983,ENSG00000157557,ETS2,6
8984,ENSG00000157570,TSPAN18,0
8985,ENSG00000157578,LCA5L,0
8986,ENSG00000157593,SLC35B2,0
8987,ENSG00000157600,TMEM164,0
8988,ENSG00000157613,CREB3L1,16
8989,ENSG00000157617,C2CD2,0
8990,ENSG00000157625,TAB3,11
8991,ENSG00000157637,SLC38A10,0
8992,ENSG00000157654,PALM2AKAP2,0
8993,ENSG00000157657,ZNF618,0
8994,ENSG00000157680,DGKI,1
8995,ENSG00000157693,TMEM268,0
8996,ENSG00000157703,SVOPL,0
8997,ENSG00000157734,SNX22,0
8998,ENSG00000157741,UBN2,0
8999,ENSG00000157764,BRAF,24
9000,ENSG00000157765,SLC34A2,3
9001,ENSG00000157766,ACAN,12
9002,ENSG00000157778,PSMG3,1
9003,ENSG00000157782,CABP1,0
9004,ENSG00000157796,WDR19,10
9005,ENSG00000157823,AP3S2,23
9006,ENSG00000157827,FMNL2,2
9007,ENSG00000157833,GAREM2,0
9008,ENSG00000157837,SPPL3,0
9009,ENSG00000157851,DPYSL5,3
9010,ENSG00000157856,DRC1,0
9011,ENSG00000157869,RAB28,0
9012,ENSG00000157870,PRXL2B,0
9013,ENSG00000157881,PANK4,0
9014,ENSG00000157884,CIB4,0
9015,ENSG00000157890,MEGF11,0
9016,ENSG00000157895,C12orf43,0
9017,ENSG00000157911,PEX10,5
9018,ENSG00000157916,RER1,0
9019,ENSG00000157927,RADIL,0
9020,ENSG00000157933,SKI,7
9021,ENSG00000157954,WIPI2,9
9022,ENSG00000157978,LDLRAP1,4
9023,ENSG00000157985,AGAP1,0
9024,ENSG00000157992,KRTCAP3,0
9025,ENSG00000157999,ANKRD61,0
9026,ENSG00000158006,PAFAH2,7
9027,ENSG00000158008,EXTL1,1
9028,ENSG00000158014,SLC30A2,0
9029,ENSG00000158019,BABAM2,37
9030,ENSG00000158022,TRIM63,2
9031,ENSG00000158023,CFAP251,0
9032,ENSG00000158042,MRPL17,107
9033,ENSG00000158050,DUSP2,0
9034,ENSG00000158055,GRHL3,0
9035,ENSG00000158062,UBXN11,3
9036,ENSG00000158077,NLRP14,0
9037,ENSG00000158079,PTPDC1,0
9038,ENSG00000158089,GALNT14,0
9039,ENSG00000158092,NCK1,57
9040,ENSG00000158104,HPD,0
9041,ENSG00000158106,RHPN1,1
9042,ENSG00000158109,TPRG1L,0
9043,ENSG00000158113,LRRC43,0
9044,ENSG00000158122,PRXL2C,0
9045,ENSG00000158125,XDH,5
9046,ENSG00000158156,XKR8,1
9047,ENSG00000158158,CNNM4,0
9048,ENSG00000158161,EYA3,0
9049,ENSG00000158163,DZIP1L,0
9050,ENSG00000158169,FANCC,17
9051,ENSG00000158186,MRAS,3
9052,ENSG00000158195,WASF2,17
9053,ENSG00000158201,ABHD3,0
9054,ENSG00000158220,ESYT3,2
9055,ENSG00000158246,TENT5B,0
9056,ENSG00000158258,CLSTN2,0
9057,ENSG00000158270,COLEC12,1
9058,ENSG00000158286,RNF207,0
9059,ENSG00000158290,CUL4B,48
9060,ENSG00000158292,GPR153,0
9061,ENSG00000158296,SLC13A3,0
9062,ENSG00000158301,GPRASP2,1
9063,ENSG00000158315,RHBDL2,0
9064,ENSG00000158321,AUTS2,6
9065,ENSG00000158352,SHROOM4,0
9066,ENSG00000158402,CDC25C,12
9067,ENSG00000158411,MITD1,1
9068,ENSG00000158417,EIF5B,57
9069,ENSG00000158423,RIBC1,0
9070,ENSG00000158435,CNOT11,14
9071,ENSG00000158445,KCNB1,6
9072,ENSG00000158457,TSPAN33,19
9073,ENSG00000158458,NRG2,7
9074,ENSG00000158467,AHCYL2,1
9075,ENSG00000158470,B4GALT5,1
9076,ENSG00000158480,SPATA2,11
9077,ENSG00000158486,DNAH3,11
9078,ENSG00000158516,CPA2,2
9079,ENSG00000158517,NCF1,22
9080,ENSG00000158525,CPA5,0
9081,ENSG00000158526,TSR2,1
9082,ENSG00000158528,PPP1R9A,1
9083,ENSG00000158545,ZC3H18,1
9084,ENSG00000158552,ZFAND2B,4
9085,ENSG00000158555,GDPD5,0
9086,ENSG00000158560,DYNC1I1,27
9087,ENSG00000158571,PFKFB1,4
9088,ENSG00000158578,ALAS2,1
9089,ENSG00000158604,TMED4,3
9090,ENSG00000158615,PPP1R15B,7
9091,ENSG00000158623,COPG2,15
9092,ENSG00000158636,EMSY,5
9093,ENSG00000158669,GPAT4,3
9094,ENSG00000158683,PKD1L1,1
9095,ENSG00000158691,ZSCAN12,0
9096,ENSG00000158710,TAGLN2,0
9097,ENSG00000158711,ELK4,2
9098,ENSG00000158714,SLAMF8,0
9099,ENSG00000158715,SLC45A3,0
9100,ENSG00000158716,DUSP23,0
9101,ENSG00000158717,RNF166,0
9102,ENSG00000158747,NBL1,3
9103,ENSG00000158748,HTR6,3
9104,ENSG00000158769,F11R,20
9105,ENSG00000158773,USF1,6
9106,ENSG00000158786,PLA2G2F,0
9107,ENSG00000158792,SPATA2L,4
9108,ENSG00000158793,NIT1,0
9109,ENSG00000158796,DEDD,1
9110,ENSG00000158805,ZNF276,0
9111,ENSG00000158806,NPM2,1
9112,ENSG00000158813,EDA,2
9113,ENSG00000158815,FGF17,19
9114,ENSG00000158816,VWA5B1,0
9115,ENSG00000158825,CDA,0
9116,ENSG00000158828,PINK1,13
9117,ENSG00000158850,B4GALT3,3
9118,ENSG00000158856,DMTN,9
9119,ENSG00000158859,ADAMTS4,0
9120,ENSG00000158863,FHIP2B,0
9121,ENSG00000158864,NDUFS2,70
9122,ENSG00000158865,SLC5A11,0
9123,ENSG00000158869,FCER1G,12
9124,ENSG00000158874,APOA2,20
9125,ENSG00000158882,TOMM40L,5
9126,ENSG00000158887,MPZ,0
9127,ENSG00000158941,CCAR2,4
9128,ENSG00000158955,WNT9B,0
9129,ENSG00000158966,CACHD1,0
9130,ENSG00000158985,CDC42SE2,0
9131,ENSG00000158987,RAPGEF6,3
9132,ENSG00000159023,EPB41,12
9133,ENSG00000159055,MIS18A,3
9134,ENSG00000159063,ALG8,0
9135,ENSG00000159069,FBXW5,29
9136,ENSG00000159079,CFAP298,0
9137,ENSG00000159082,SYNJ1,19
9138,ENSG00000159086,PAXBP1,0
9139,ENSG00000159111,MRPL10,98
9140,ENSG00000159128,IFNGR2,3
9141,ENSG00000159131,GART,3
9142,ENSG00000159140,SON,0
9143,ENSG00000159147,DONSON,11
9144,ENSG00000159164,SV2A,3
9145,ENSG00000159166,LAD1,0
9146,ENSG00000159167,STC1,0
9147,ENSG00000159173,TNNI1,8
9148,ENSG00000159176,CSRP1,0
9149,ENSG00000159184,HOXB13,3
9150,ENSG00000159189,C1QC,1
9151,ENSG00000159197,KCNE2,2
9152,ENSG00000159200,RCAN1,1
9153,ENSG00000159202,UBE2Z,0
9154,ENSG00000159208,CIART,0
9155,ENSG00000159210,SNF8,21
9156,ENSG00000159212,CLIC6,1
9157,ENSG00000159214,CCDC24,0
9158,ENSG00000159216,RUNX1,45
9159,ENSG00000159217,IGF2BP1,14
9160,ENSG00000159224,GIP,4
9161,ENSG00000159231,CBR3,0
9162,ENSG00000159248,GJD2,4
9163,ENSG00000159251,ACTC1,17
9164,ENSG00000159256,MORC3,2
9165,ENSG00000159259,CHAF1B,4
9166,ENSG00000159261,CLDN14,5
9167,ENSG00000159263,SIM2,1
9168,ENSG00000159267,HLCS,0
9169,ENSG00000159307,SCUBE1,0
9170,ENSG00000159314,ARHGAP27,0
9171,ENSG00000159322,ADPGK,8
9172,ENSG00000159337,PLA2G4D,0
9173,ENSG00000159339,PADI4,3
9174,ENSG00000159346,ADIPOR1,6
9175,ENSG00000159348,CYB5R1,2
9176,ENSG00000159352,PSMD4,54
9177,ENSG00000159363,ATP13A2,0
9178,ENSG00000159374,M1AP,0
9179,ENSG00000159377,PSMB4,47
9180,ENSG00000159387,IRX6,0
9181,ENSG00000159388,BTG2,5
9182,ENSG00000159398,CES5A,0
9183,ENSG00000159399,HK2,10
9184,ENSG00000159409,CELF3,0
9185,ENSG00000159423,ALDH4A1,0
9186,ENSG00000159445,THEM4,5
9187,ENSG00000159459,UBR1,3
9188,ENSG00000159461,AMFR,26
9189,ENSG00000159479,MED8,71
9190,ENSG00000159495,TGM7,0
9191,ENSG00000159527,PGLYRP3,1
9192,ENSG00000159556,ISL2,3
9193,ENSG00000159579,RSPRY1,0
9194,ENSG00000159588,CCDC17,0
9195,ENSG00000159592,GPBP1L1,0
9196,ENSG00000159593,NAE1,5
9197,ENSG00000159596,TMEM69,0
9198,ENSG00000159618,ADGRG5,2
9199,ENSG00000159625,DRC7,0
9200,ENSG00000159640,ACE,3
9201,ENSG00000159648,SPMIP8,0
9202,ENSG00000159650,UROC1,0
9203,ENSG00000159658,EFCAB14,0
9204,ENSG00000159674,SPON2,0
9205,ENSG00000159685,CHCHD6,19
9206,ENSG00000159692,CTBP1,30
9207,ENSG00000159708,LRRC36,0
9208,ENSG00000159713,TPPP3,0
9209,ENSG00000159714,ZDHHC1,0
9210,ENSG00000159720,ATP6V0D1,35
9211,ENSG00000159723,AGRP,2
9212,ENSG00000159733,ZFYVE28,0
9213,ENSG00000159753,CARMIL2,1
9214,ENSG00000159761,C16orf86,0
9215,ENSG00000159784,FAM131B,0
9216,ENSG00000159788,RGS12,2
9217,ENSG00000159792,PSKH1,0
9218,ENSG00000159840,ZYX,14
9219,ENSG00000159842,ABR,0
9220,ENSG00000159871,LYPD5,0
9221,ENSG00000159873,CCDC117,0
9222,ENSG00000159884,CCDC107,0
9223,ENSG00000159899,NPR2,3
9224,ENSG00000159921,GNE,1
9225,ENSG00000160007,ARHGAP35,8
9226,ENSG00000160013,PTGIR,0
9227,ENSG00000160014,CALM3,124
9228,ENSG00000160049,DFFA,1
9229,ENSG00000160050,CCDC28B,0
9230,ENSG00000160051,IQCC,0
9231,ENSG00000160055,TMEM234,0
9232,ENSG00000160058,BSDC1,0
9233,ENSG00000160062,ZBTB8A,0
9234,ENSG00000160075,SSU72,11
9235,ENSG00000160087,UBE2J2,4
9236,ENSG00000160094,ZNF362,0
9237,ENSG00000160097,FNDC5,0
9238,ENSG00000160113,NR2F6,0
9239,ENSG00000160117,ANKLE1,0
9240,ENSG00000160124,MIX23,0
9241,ENSG00000160131,VMA21,4
9242,ENSG00000160145,KALRN,4
9243,ENSG00000160161,CILP2,0
9244,ENSG00000160179,ABCG1,1
9245,ENSG00000160180,TFF3,0
9246,ENSG00000160181,TFF2,1
9247,ENSG00000160182,TFF1,1
9248,ENSG00000160183,TMPRSS3,0
9249,ENSG00000160185,UBASH3A,1
9250,ENSG00000160188,RSPH1,1
9251,ENSG00000160190,SLC37A1,0
9252,ENSG00000160191,PDE9A,0
9253,ENSG00000160193,WDR4,1
9254,ENSG00000160199,PKNOX1,3
9255,ENSG00000160200,CBS,4
9256,ENSG00000160201,U2AF1,7
9257,ENSG00000160202,CRYAA,1
9258,ENSG00000160207,HSF2BP,1
9259,ENSG00000160208,RRP1B,16
9260,ENSG00000160209,PDXK,2
9261,ENSG00000160213,CSTB,1
9262,ENSG00000160214,RRP1,9
9263,ENSG00000160216,AGPAT3,8
9264,ENSG00000160218,TRAPPC10,13
9265,ENSG00000160219,GAB3,2
9266,ENSG00000160221,GATD3,0
9267,ENSG00000160224,AIRE,2
9268,ENSG00000160226,CFAP410,1
9269,ENSG00000160233,LRRC3,0
9270,ENSG00000160256,SLX9,33
9271,ENSG00000160271,RALGDS,9
9272,ENSG00000160282,FTCD,0
9273,ENSG00000160284,SPATC1L,0
9274,ENSG00000160285,LSS,0
9275,ENSG00000160293,VAV2,13
9276,ENSG00000160294,MCM3AP,13
9277,ENSG00000160299,PCNT,13
9278,ENSG00000160305,DIP2A,1
9279,ENSG00000160307,S100B,10
9280,ENSG00000160310,PRMT2,0
9281,ENSG00000160318,CLDND2,0
9282,ENSG00000160323,ADAMTS13,1
9283,ENSG00000160325,CACFD1,0
9284,ENSG00000160326,SLC2A6,0
9285,ENSG00000160345,PIERCE1,31
9286,ENSG00000160360,GPSM1,1
9287,ENSG00000160392,C19orf47,0
9288,ENSG00000160396,HIPK4,0
9289,ENSG00000160401,CFAP157,0
9290,ENSG00000160404,TOR2A,0
9291,ENSG00000160408,ST6GALNAC6,0
9292,ENSG00000160410,SHKBP1,0
9293,ENSG00000160439,RDH13,0
9294,ENSG00000160445,ZER1,13
9295,ENSG00000160446,ZDHHC12,0
9296,ENSG00000160447,PKN3,4
9297,ENSG00000160460,SPTBN4,12
9298,ENSG00000160469,BRSK1,0
9299,ENSG00000160471,COX6B2,9
9300,ENSG00000160472,TMEM190,0
9301,ENSG00000160539,PLPP7,0
9302,ENSG00000160551,TAOK1,3
9303,ENSG00000160563,MED27,70
9304,ENSG00000160570,DEDD2,0
9305,ENSG00000160584,SIK3,0
9306,ENSG00000160588,MPZL3,0
9307,ENSG00000160602,NEK8,4
9308,ENSG00000160606,TLCD1,0
9309,ENSG00000160613,PCSK7,0
9310,ENSG00000160633,SAFB,2
9311,ENSG00000160654,CD3G,10
9312,ENSG00000160678,S100A1,5
9313,ENSG00000160679,CHTOP,11
9314,ENSG00000160683,CXCR5,11
9315,ENSG00000160685,ZBTB7B,1
9316,ENSG00000160688,FLAD1,4
9317,ENSG00000160691,SHC1,62
9318,ENSG00000160695,VPS11,9
9319,ENSG00000160703,NLRX1,7
9320,ENSG00000160710,ADAR,5
9321,ENSG00000160712,IL6R,14
9322,ENSG00000160714,UBE2Q1,2
9323,ENSG00000160716,CHRNB2,11
9324,ENSG00000160741,CRTC2,14
9325,ENSG00000160746,ANO10,0
9326,ENSG00000160752,FDPS,2
9327,ENSG00000160753,RUSC1,0
9328,ENSG00000160767,ENTREP3,0
9329,ENSG00000160781,PAQR6,0
9330,ENSG00000160783,PMF1,11
9331,ENSG00000160785,SLC25A44,0
9332,ENSG00000160789,LMNA,11
9333,ENSG00000160791,CCR5,30
9334,ENSG00000160796,NBEAL2,0
9335,ENSG00000160799,CCDC12,20
9336,ENSG00000160801,PTH1R,6
9337,ENSG00000160803,UBQLN4,27
9338,ENSG00000160808,MYL3,19
9339,ENSG00000160813,PPP1R35,0
9340,ENSG00000160838,LRRC71,0
9341,ENSG00000160862,AZGP1,0
9342,ENSG00000160867,FGFR4,25
9343,ENSG00000160877,NACC1,0
9344,ENSG00000160883,HK3,9
9345,ENSG00000160888,IER2,0
9346,ENSG00000160908,ZNF394,0
9347,ENSG00000160917,CPSF4,24
9348,ENSG00000160932,LY6E,0
9349,ENSG00000160948,VPS28,22
9350,ENSG00000160949,TONSL,4
9351,ENSG00000160951,PTGER1,1
9352,ENSG00000160953,PWWP3A,8
9353,ENSG00000160957,RECQL4,6
9354,ENSG00000160959,LRRC14,2
9355,ENSG00000160963,COL26A1,1
9356,ENSG00000160972,PPP1R16A,0
9357,ENSG00000160973,FOXH1,9
9358,ENSG00000160991,ORAI2,5
9359,ENSG00000160993,ALKBH4,0
9360,ENSG00000160994,TEKTL1,1
9361,ENSG00000160999,SH2B2,5
9362,ENSG00000161010,MRNIP,1
9363,ENSG00000161011,SQSTM1,56
9364,ENSG00000161013,MGAT4B,2
9365,ENSG00000161016,RPL8,106
9366,ENSG00000161021,MAML1,12
9367,ENSG00000161031,PGLYRP2,0
9368,ENSG00000161036,LRWD1,7
9369,ENSG00000161040,FBXL13,3
9370,ENSG00000161048,NAPEPLD,0
9371,ENSG00000161055,SCGB3A1,0
9372,ENSG00000161057,PSMC2,44
9373,ENSG00000161082,CELF5,0
9374,ENSG00000161091,MFSD12,0
9375,ENSG00000161179,YDJC,0
9376,ENSG00000161180,CCDC116,0
9377,ENSG00000161202,DVL3,23
9378,ENSG00000161203,AP2M1,46
9379,ENSG00000161204,ABCF3,1
9380,ENSG00000161217,PCYT1A,1
9381,ENSG00000161243,FBXO27,2
9382,ENSG00000161265,U2AF1L4,2
9383,ENSG00000161267,BDH1,1
9384,ENSG00000161270,NPHS1,17
9385,ENSG00000161281,COX7A1,62
9386,ENSG00000161298,ZNF382,0
9387,ENSG00000161328,LRRC56,0
9388,ENSG00000161381,PLXDC1,0
9389,ENSG00000161395,PGAP3,0
9390,ENSG00000161405,IKZF3,4
9391,ENSG00000161509,GRIN2C,29
9392,ENSG00000161526,SAP30BP,6
9393,ENSG00000161533,ACOX1,10
9394,ENSG00000161542,PRPSAP1,4
9395,ENSG00000161544,CYGB,0
9396,ENSG00000161547,SRSF2,20
9397,ENSG00000161558,TMEM143,0
9398,ENSG00000161594,KLHL10,1
9399,ENSG00000161609,KASH5,2
9400,ENSG00000161610,HCRT,2
9401,ENSG00000161618,ALDH16A1,2
9402,ENSG00000161638,ITGA5,31
9403,ENSG00000161642,ZNF385A,1
9404,ENSG00000161647,MPP3,2
9405,ENSG00000161652,IZUMO2,0
9406,ENSG00000161653,NAGS,0
9407,ENSG00000161654,LSM12,2
9408,ENSG00000161664,ASB16,0
9409,ENSG00000161671,EMC10,9
9410,ENSG00000161677,JOSD2,4
9411,ENSG00000161681,SHANK1,9
9412,ENSG00000161682,FAM171A2,0
9413,ENSG00000161714,PLCD3,2
9414,ENSG00000161791,FMNL3,2
9415,ENSG00000161798,AQP5,0
9416,ENSG00000161800,RACGAP1,11
9417,ENSG00000161813,LARP4,1
9418,ENSG00000161835,TAMALIN,1
9419,ENSG00000161847,RAVER1,0
9420,ENSG00000161849,KRT84,0
9421,ENSG00000161850,KRT82,0
9422,ENSG00000161860,SYCE2,4
9423,ENSG00000161888,SPC24,11
9424,ENSG00000161896,IP6K3,2
9425,ENSG00000161904,LEMD2,3
9426,ENSG00000161905,ALOX15,2
9427,ENSG00000161911,TREML1,0
9428,ENSG00000161914,ZNF653,0
9429,ENSG00000161920,MED11,70
9430,ENSG00000161929,SCIMP,0
9431,ENSG00000161940,BCL6B,1
9432,ENSG00000161944,ASGR2,2
9433,ENSG00000161955,TNFSF13,5
9434,ENSG00000161956,SENP3,27
9435,ENSG00000161958,FGF11,0
9436,ENSG00000161960,EIF4A1,60
9437,ENSG00000161970,RPL26,100
9438,ENSG00000161973,CCDC42,0
9439,ENSG00000161981,SNRNP25,0
9440,ENSG00000161992,PRR35,0
9441,ENSG00000161996,WDR90,1
9442,ENSG00000161999,JMJD8,0
9443,ENSG00000162004,CCDC78,0
9444,ENSG00000162006,MSLNL,0
9445,ENSG00000162009,SSTR5,2
9446,ENSG00000162032,SPSB3,1
9447,ENSG00000162039,MEIOB,1
9448,ENSG00000162040,HS3ST6,0
9449,ENSG00000162062,TEDC2,0
9450,ENSG00000162063,CCNF,4
9451,ENSG00000162065,TBC1D24,0
9452,ENSG00000162066,AMDHD2,0
9453,ENSG00000162068,NTN3,1
9454,ENSG00000162069,BICDL2,0
9455,ENSG00000162073,PAQR4,0
9456,ENSG00000162076,FLYWCH2,0
9457,ENSG00000162104,ADCY9,3
9458,ENSG00000162105,SHANK2,8
9459,ENSG00000162129,CLPB,2
9460,ENSG00000162139,NEU3,0
9461,ENSG00000162144,CYB561A3,0
9462,ENSG00000162148,SAXO4,0
9463,ENSG00000162174,ASRGL1,1
9464,ENSG00000162188,GNG3,13
9465,ENSG00000162191,UBXN1,23
9466,ENSG00000162222,TTC9C,0
9467,ENSG00000162227,TAF6L,36
9468,ENSG00000162231,NXF1,22
9469,ENSG00000162236,STX5,31
9470,ENSG00000162241,SLC25A45,0
9471,ENSG00000162267,ITIH3,0
9472,ENSG00000162298,SYVN1,16
9473,ENSG00000162300,ZFPL1,0
9474,ENSG00000162302,RPS6KA4,1
9475,ENSG00000162337,LRP5,41
9476,ENSG00000162341,TPCN2,1
9477,ENSG00000162366,PDZK1IP1,3
9478,ENSG00000162367,TAL1,17
9479,ENSG00000162368,CMPK1,0
9480,ENSG00000162373,BEND5,0
9481,ENSG00000162374,ELAVL4,0
9482,ENSG00000162377,COA7,0
9483,ENSG00000162378,ZYG11B,13
9484,ENSG00000162383,SLC1A7,0
9485,ENSG00000162384,CZIB,0
9486,ENSG00000162385,MAGOH,56
9487,ENSG00000162390,ACOT11,0
9488,ENSG00000162391,FAM151A,0
9489,ENSG00000162396,PARS2,7
9490,ENSG00000162398,CIMAP2,0
9491,ENSG00000162399,BSND,0
9492,ENSG00000162402,USP24,1
9493,ENSG00000162407,PLPP3,10
9494,ENSG00000162408,NOL9,5
9495,ENSG00000162409,PRKAA2,7
9496,ENSG00000162413,KLHL21,31
9497,ENSG00000162415,ZSWIM5,0
9498,ENSG00000162419,GMEB1,1
9499,ENSG00000162426,SLC45A1,0
9500,ENSG00000162430,SELENON,0
9501,ENSG00000162434,JAK1,53
9502,ENSG00000162437,RAVER2,0
9503,ENSG00000162441,LZIC,0
9504,ENSG00000162444,RBP7,0
9505,ENSG00000162456,KNCN,0
9506,ENSG00000162458,FBLIM1,5
9507,ENSG00000162460,TMEM82,0
9508,ENSG00000162461,SLC25A34,0
9509,ENSG00000162490,DRAXIN,1
9510,ENSG00000162494,LRRC38,0
9511,ENSG00000162496,DHRS3,3
9512,ENSG00000162510,MATN1,0
9513,ENSG00000162511,LAPTM5,2
9514,ENSG00000162512,SDC3,7
9515,ENSG00000162517,PEF1,40
9516,ENSG00000162520,SYNC,1
9517,ENSG00000162521,RBBP4,92
9518,ENSG00000162522,NHSL3,0
9519,ENSG00000162526,TSSK3,0
9520,ENSG00000162542,TMCO4,0
9521,ENSG00000162543,UBXN10,10
9522,ENSG00000162545,CAMK2N1,0
9523,ENSG00000162551,ALPL,0
9524,ENSG00000162552,WNT4,11
9525,ENSG00000162571,TTLL10,0
9526,ENSG00000162576,MXRA8,0
9527,ENSG00000162585,FAAP20,11
9528,ENSG00000162591,MEGF6,0
9529,ENSG00000162594,IL23R,4
9530,ENSG00000162598,C1orf87,0
9531,ENSG00000162599,NFIA,1
9532,ENSG00000162600,OMA1,0
9533,ENSG00000162601,MYSM1,3
9534,ENSG00000162604,TM2D1,0
9535,ENSG00000162607,USP1,9
9536,ENSG00000162613,FUBP1,1
9537,ENSG00000162614,NEXN,0
9538,ENSG00000162616,DNAJB4,3
9539,ENSG00000162618,ADGRL4,0
9540,ENSG00000162620,LRRIQ3,0
9541,ENSG00000162623,TYW3,0
9542,ENSG00000162624,LHX8,0
9543,ENSG00000162627,SNX7,1
9544,ENSG00000162630,B3GALT2,2
9545,ENSG00000162631,NTNG1,2
9546,ENSG00000162636,EEIG2,0
9547,ENSG00000162639,HENMT1,0
9548,ENSG00000162642,C1orf52,0
9549,ENSG00000162643,DNAI3,11
9550,ENSG00000162650,ATXN7L2,3
9551,ENSG00000162664,ZNF326,1
9552,ENSG00000162669,HFM1,2
9553,ENSG00000162670,BRINP3,0
9554,ENSG00000162676,GFI1,4
9555,ENSG00000162687,KCNT2,0
9556,ENSG00000162688,AGL,4
9557,ENSG00000162692,VCAM1,18
9558,ENSG00000162694,EXTL2,1
9559,ENSG00000162695,SLC30A7,0
9560,ENSG00000162702,ZNF281,0
9561,ENSG00000162704,ARPC5,15
9562,ENSG00000162706,CADM3,4
9563,ENSG00000162711,NLRP3,20
9564,ENSG00000162714,ZNF496,0
9565,ENSG00000162722,TRIM58,0
9566,ENSG00000162723,SLAMF9,0
9567,ENSG00000162728,KCNJ9,4
9568,ENSG00000162729,IGSF8,3
9569,ENSG00000162733,DDR2,0
9570,ENSG00000162734,PEA15,4
9571,ENSG00000162735,PEX19,13
9572,ENSG00000162736,NCSTN,8
9573,ENSG00000162738,VANGL2,12
9574,ENSG00000162745,OLFML2B,0
9575,ENSG00000162746,FCRLB,0
9576,ENSG00000162753,SLC9C2,0
9577,ENSG00000162755,KLHDC9,0
9578,ENSG00000162757,C1orf74,0
9579,ENSG00000162761,LMX1A,0
9580,ENSG00000162763,LRRC52,0
9581,ENSG00000162769,FLVCR1,0
9582,ENSG00000162772,ATF3,13
9583,ENSG00000162775,RBM15,11
9584,ENSG00000162777,DENND2D,0
9585,ENSG00000162779,AXDND1,0
9586,ENSG00000162782,TDRD5,0
9587,ENSG00000162783,IER5,0
9588,ENSG00000162804,SNED1,0
9589,ENSG00000162813,BPNT1,3
9590,ENSG00000162814,SPATA17,0
9591,ENSG00000162817,C1orf115,0
9592,ENSG00000162819,BROX,2
9593,ENSG00000162836,ACP6,0
9594,ENSG00000162843,WDR64,0
9595,ENSG00000162849,KIF26B,0
9596,ENSG00000162851,TFB2M,2
9597,ENSG00000162852,CNST,12
9598,ENSG00000162869,PPP1R21,2
9599,ENSG00000162873,KLHDC8A,0
9600,ENSG00000162877,PM20D1,0
9601,ENSG00000162878,PKDCC,0
9602,ENSG00000162882,HAAO,0
9603,ENSG00000162885,B3GALNT2,0
9604,ENSG00000162889,MAPKAPK2,8
9605,ENSG00000162891,IL20,4
9606,ENSG00000162892,IL24,6
9607,ENSG00000162894,FCMR,0
9608,ENSG00000162896,PIGR,6
9609,ENSG00000162909,CAPN2,4
9610,ENSG00000162910,MRPL55,94
9611,ENSG00000162923,WDR26,10
9612,ENSG00000162924,REL,12
9613,ENSG00000162927,PUS10,0
9614,ENSG00000162928,PEX13,7
9615,ENSG00000162929,SANBR,1
9616,ENSG00000162931,TRIM17,2
9617,ENSG00000162944,RFTN2,0
9618,ENSG00000162946,DISC1,22
9619,ENSG00000162949,CAPN13,0
9620,ENSG00000162951,LRRTM1,0
9621,ENSG00000162959,MEMO1,0
9622,ENSG00000162961,DPY30,21
9623,ENSG00000162971,TYW5,0
9624,ENSG00000162972,MAIP1,2
9625,ENSG00000162975,KCNF1,0
9626,ENSG00000162976,SLC66A3,0
9627,ENSG00000162980,ARL5A,0
9628,ENSG00000162981,LRATD1,0
9629,ENSG00000162989,KCNJ3,3
9630,ENSG00000162992,NEUROD1,3
9631,ENSG00000162994,CLHC1,2
9632,ENSG00000162998,FRZB,0
9633,ENSG00000162999,DUSP19,1
9634,ENSG00000163001,CFAP36,1
9635,ENSG00000163002,NUP35,28
9636,ENSG00000163006,CCDC138,0
9637,ENSG00000163012,ZSWIM2,0
9638,ENSG00000163013,FBXO41,0
9639,ENSG00000163017,ACTG2,11
9640,ENSG00000163026,WDCP,0
9641,ENSG00000163029,SMC6,7
9642,ENSG00000163032,VSNL1,0
9643,ENSG00000163050,COQ8A,0
9644,ENSG00000163053,SLC16A14,0
9645,ENSG00000163064,EN1,0
9646,ENSG00000163069,SGCB,12
9647,ENSG00000163071,SPATA18,0
9648,ENSG00000163072,NOSTRIN,2
9649,ENSG00000163075,CFAP221,3
9650,ENSG00000163082,SGPP2,5
9651,ENSG00000163083,INHBB,9
9652,ENSG00000163092,XIRP2,18
9653,ENSG00000163093,BBS5,7
9654,ENSG00000163104,SMARCAD1,1
9655,ENSG00000163106,HPGDS,1
9656,ENSG00000163110,PDLIM5,1
9657,ENSG00000163114,PDHA2,4
9658,ENSG00000163121,NEURL3,0
9659,ENSG00000163125,RPRD2,3
9660,ENSG00000163126,ANKRD23,0
9661,ENSG00000163131,CTSS,2
9662,ENSG00000163132,MSX1,3
9663,ENSG00000163138,PACRGL,0
9664,ENSG00000163141,BNIPL,1
9665,ENSG00000163145,C1QTNF7,0
9666,ENSG00000163154,TNFAIP8L2,0
9667,ENSG00000163155,LYSMD1,0
9668,ENSG00000163156,SCNM1,34
9669,ENSG00000163157,TMOD4,4
9670,ENSG00000163159,VPS72,34
9671,ENSG00000163161,ERCC3,72
9672,ENSG00000163162,RNF149,0
9673,ENSG00000163166,IWS1,11
9674,ENSG00000163170,BOLA3,3
9675,ENSG00000163171,CDC42EP3,2
9676,ENSG00000163191,S100A11,3
9677,ENSG00000163214,DHX57,0
9678,ENSG00000163217,BMP10,5
9679,ENSG00000163218,PGLYRP4,1
9680,ENSG00000163219,ARHGAP25,0
9681,ENSG00000163235,TGFA,12
9682,ENSG00000163251,FZD5,18
9683,ENSG00000163254,CRYGC,2
9684,ENSG00000163263,CFAP141,31
9685,ENSG00000163273,NPPC,4
9686,ENSG00000163281,GNPDA2,3
9687,ENSG00000163285,GABRG1,9
9688,ENSG00000163288,GABRB1,14
9689,ENSG00000163291,PAQR3,0
9690,ENSG00000163293,NIPAL1,0
9691,ENSG00000163297,ANTXR2,2
9692,ENSG00000163312,HELQ,0
9693,ENSG00000163319,MRPS18C,92
9694,ENSG00000163320,CGGBP1,0
9695,ENSG00000163322,ABRAXAS1,5
9696,ENSG00000163328,GPR155,0
9697,ENSG00000163331,DAPL1,1
9698,ENSG00000163344,PMVK,0
9699,ENSG00000163346,PBXIP1,0
9700,ENSG00000163347,CLDN1,19
9701,ENSG00000163348,PYGO2,12
9702,ENSG00000163349,HIPK1,1
9703,ENSG00000163352,LENEP,0
9704,ENSG00000163354,DCST2,0
9705,ENSG00000163357,DCST1,0
9706,ENSG00000163359,COL6A3,3
9707,ENSG00000163362,INAVA,0
9708,ENSG00000163376,KBTBD8,31
9709,ENSG00000163377,TAFA4,0
9710,ENSG00000163378,EOGT,1
9711,ENSG00000163380,LMOD3,0
9712,ENSG00000163382,NAXE,1
9713,ENSG00000163389,POGLUT1,1
9714,ENSG00000163393,SLC22A15,0
9715,ENSG00000163394,CCKAR,5
9716,ENSG00000163399,ATP1A1,19
9717,ENSG00000163406,SLC15A2,0
9718,ENSG00000163412,EIF4E3,15
9719,ENSG00000163421,PROK2,1
9720,ENSG00000163428,LRRC58,0
9721,ENSG00000163430,FSTL1,3
9722,ENSG00000163431,LMOD1,3
9723,ENSG00000163435,ELF3,2
9724,ENSG00000163440,PDCL2,0
9725,ENSG00000163444,TMEM183A,0
9726,ENSG00000163449,TMEM169,0
9727,ENSG00000163453,IGFBP7,3
9728,ENSG00000163462,TRIM46,0
9729,ENSG00000163463,KRTCAP2,12
9730,ENSG00000163466,ARPC2,16
9731,ENSG00000163467,TSACC,0
9732,ENSG00000163468,CCT3,54
9733,ENSG00000163472,TMEM79,0
9734,ENSG00000163479,SSR2,15
9735,ENSG00000163481,RNF25,1
9736,ENSG00000163482,STK36,2
9737,ENSG00000163485,ADORA1,5
9738,ENSG00000163491,NEK10,0
9739,ENSG00000163492,CCDC141,1
9740,ENSG00000163497,FEV,0
9741,ENSG00000163499,CRYBA2,0
9742,ENSG00000163501,IHH,9
9743,ENSG00000163507,CIP2A,0
9744,ENSG00000163508,EOMES,6
9745,ENSG00000163512,AZI2,6
9746,ENSG00000163513,TGFBR2,26
9747,ENSG00000163516,ANKZF1,1
9748,ENSG00000163517,HDAC11,1
9749,ENSG00000163519,TRAT1,9
9750,ENSG00000163520,FBLN2,7
9751,ENSG00000163521,GLB1L,0
9752,ENSG00000163527,STT3B,12
9753,ENSG00000163528,CHCHD4,4
9754,ENSG00000163531,NFASC,10
9755,ENSG00000163536,SERPINI1,0
9756,ENSG00000163539,CLASP2,3
9757,ENSG00000163541,SUCLG1,4
9758,ENSG00000163545,NUAK2,0
9759,ENSG00000163554,SPTA1,8
9760,ENSG00000163558,PRKCI,11
9761,ENSG00000163568,AIM2,10
9762,ENSG00000163576,EFHB,32
9763,ENSG00000163577,EIF5A2,2
9764,ENSG00000163581,SLC2A2,1
9765,ENSG00000163584,RPL22L1,2
9766,ENSG00000163586,FABP1,4
9767,ENSG00000163590,PPM1L,2
9768,ENSG00000163596,ICA1L,0
9769,ENSG00000163599,CTLA4,15
9770,ENSG00000163600,ICOS,9
9771,ENSG00000163602,RYBP,23
9772,ENSG00000163607,GTPBP8,1
9773,ENSG00000163608,NEPRO,0
9774,ENSG00000163611,SPICE1,1
9775,ENSG00000163617,CCDC191,0
9776,ENSG00000163623,NKX6-1,0
9777,ENSG00000163624,CDS1,1
9778,ENSG00000163625,WDFY3,6
9779,ENSG00000163626,COX18,2
9780,ENSG00000163629,PTPN13,4
9781,ENSG00000163630,SYNPR,0
9782,ENSG00000163631,ALB,27
9783,ENSG00000163632,C3orf49,0
9784,ENSG00000163633,C4orf36,0
9785,ENSG00000163634,THOC7,9
9786,ENSG00000163635,ATXN7,25
9787,ENSG00000163636,PSMD6,43
9788,ENSG00000163637,PRICKLE2,5
9789,ENSG00000163638,ADAMTS9,0
9790,ENSG00000163644,PPM1K,1
9791,ENSG00000163645,ERICH6,0
9792,ENSG00000163646,CLRN1,0
9793,ENSG00000163655,GMPS,1
9794,ENSG00000163659,TIPARP,0
9795,ENSG00000163660,CCNL1,1
9796,ENSG00000163661,PTX3,10
9797,ENSG00000163666,HESX1,0
9798,ENSG00000163673,DCLK3,0
9799,ENSG00000163681,SLMAP,13
9800,ENSG00000163683,SMIM14,0
9801,ENSG00000163686,ABHD6,0
9802,ENSG00000163687,DNASE1L3,0
9803,ENSG00000163689,CFAP20DC,0
9804,ENSG00000163694,RBM47,0
9805,ENSG00000163697,APBB2,1
9806,ENSG00000163701,IL17RE,7
9807,ENSG00000163702,IL17RC,6
9808,ENSG00000163703,CRELD1,0
9809,ENSG00000163704,PRRT3,0
9810,ENSG00000163705,FANCD2OS,0
9811,ENSG00000163710,PCOLCE2,0
9812,ENSG00000163714,U2SURP,14
9813,ENSG00000163719,MTMR14,0
9814,ENSG00000163728,TTC14,0
9815,ENSG00000163738,MTHFD2L,2
9816,ENSG00000163743,RCHY1,3
9817,ENSG00000163749,CCDC158,0
9818,ENSG00000163751,CPA3,2
9819,ENSG00000163754,GYG1,5
9820,ENSG00000163755,HPS3,12
9821,ENSG00000163781,TOPBP1,26
9822,ENSG00000163785,RYK,15
9823,ENSG00000163788,SNRK,0
9824,ENSG00000163792,TCF23,0
9825,ENSG00000163793,DNAJC5G,0
9826,ENSG00000163794,UCN,8
9827,ENSG00000163795,ZNF513,0
9828,ENSG00000163798,SLC4A1AP,0
9829,ENSG00000163803,PLB1,5
9830,ENSG00000163806,SPDYA,4
9831,ENSG00000163807,KIAA1143,0
9832,ENSG00000163808,KIF15,7
9833,ENSG00000163810,TGM4,0
9834,ENSG00000163811,WDR43,64
9835,ENSG00000163812,ZDHHC3,0
9836,ENSG00000163814,CDCP1,2
9837,ENSG00000163815,CLEC3B,2
9838,ENSG00000163818,LZTFL1,6
9839,ENSG00000163820,FYCO1,3
9840,ENSG00000163827,LRRC2,0
9841,ENSG00000163832,ELP6,5
9842,ENSG00000163833,FBXO40,0
9843,ENSG00000163840,DTX3L,3
9844,ENSG00000163848,ZNF148,1
9845,ENSG00000163864,NMNAT3,0
9846,ENSG00000163866,SMIM12,0
9847,ENSG00000163867,ZMYM6,0
9848,ENSG00000163870,TPRA1,0
9849,ENSG00000163872,YEATS2,33
9850,ENSG00000163873,GRIK3,5
9851,ENSG00000163874,ZC3H12A,1
9852,ENSG00000163875,MEAF6,41
9853,ENSG00000163877,SNIP1,74
9854,ENSG00000163879,DNALI1,0
9855,ENSG00000163882,POLR2H,113
9856,ENSG00000163884,KLF15,0
9857,ENSG00000163885,CFAP100,0
9858,ENSG00000163888,CAMK2N2,0
9859,ENSG00000163898,LIPH,0
9860,ENSG00000163902,RPN1,21
9861,ENSG00000163909,HEYL,2
9862,ENSG00000163913,IFT122,10
9863,ENSG00000163914,RHO,16
9864,ENSG00000163918,RFC4,14
9865,ENSG00000163930,BAP1,37
9866,ENSG00000163931,TKT,2
9867,ENSG00000163932,PRKCD,11
9868,ENSG00000163933,RFT1,0
9869,ENSG00000163935,SFMBT1,2
9870,ENSG00000163938,GNL3,11
9871,ENSG00000163939,PBRM1,33
9872,ENSG00000163945,UVSSA,23
9873,ENSG00000163946,TASOR,2
9874,ENSG00000163947,ARHGEF3,1
9875,ENSG00000163950,SLBP,11
9876,ENSG00000163956,LRPAP1,3
9877,ENSG00000163958,ZDHHC19,0
9878,ENSG00000163959,SLC51A,1
9879,ENSG00000163960,UBXN7,20
9880,ENSG00000163961,RNF168,14
9881,ENSG00000163964,PIGX,1
9882,ENSG00000163975,MELTF,1
9883,ENSG00000163982,OTOP1,0
9884,ENSG00000163995,ABLIM2,0
9885,ENSG00000164002,EXO5,0
9886,ENSG00000164007,CLDN19,5
9887,ENSG00000164008,C1orf50,0
9888,ENSG00000164010,ERMAP,2
9889,ENSG00000164011,ZNF691,0
9890,ENSG00000164022,AIMP1,10
9891,ENSG00000164023,SGMS2,6
9892,ENSG00000164024,METAP1,1
9893,ENSG00000164031,DNAJB14,2
9894,ENSG00000164032,H2AZ1,72
9895,ENSG00000164035,EMCN,0
9896,ENSG00000164037,SLC9B1,0
9897,ENSG00000164038,SLC9B2,0
9898,ENSG00000164039,BDH2,1
9899,ENSG00000164040,PGRMC2,0
9900,ENSG00000164045,CDC25A,4
9901,ENSG00000164047,CAMP,9
9902,ENSG00000164050,PLXNB1,17
9903,ENSG00000164051,CCDC51,1
9904,ENSG00000164053,ATRIP,12
9905,ENSG00000164054,SHISA5,0
9906,ENSG00000164056,SPRY1,3
9907,ENSG00000164061,BSN,2
9908,ENSG00000164062,APEH,1
9909,ENSG00000164066,INTU,3
9910,ENSG00000164068,RNF123,2
9911,ENSG00000164070,HSPA4L,6
9912,ENSG00000164073,MFSD8,0
9913,ENSG00000164074,ABHD18,0
9914,ENSG00000164076,CAMKV,0
9915,ENSG00000164077,MON1A,3
9916,ENSG00000164078,MST1R,2
9917,ENSG00000164080,RAD54L2,3
9918,ENSG00000164081,TEX264,0
9919,ENSG00000164082,GRM2,9
9920,ENSG00000164086,DUSP7,1
9921,ENSG00000164087,POC1A,0
9922,ENSG00000164088,PPM1M,0
9923,ENSG00000164089,ETNPPL,0
9924,ENSG00000164091,WDR82,22
9925,ENSG00000164096,C4orf3,0
9926,ENSG00000164099,PRSS12,0
9927,ENSG00000164100,NDST3,0
9928,ENSG00000164104,HMGB2,1
9929,ENSG00000164105,SAP30,26
9930,ENSG00000164106,SCRG1,0
9931,ENSG00000164107,HAND2,4
9932,ENSG00000164109,MAD2L1,30
9933,ENSG00000164111,ANXA5,0
9934,ENSG00000164112,SMIM43,0
9935,ENSG00000164113,ADAD1,0
9936,ENSG00000164114,MAP9,0
9937,ENSG00000164116,GUCY1A1,2
9938,ENSG00000164117,FBXO8,0
9939,ENSG00000164118,CEP44,0
9940,ENSG00000164120,HPGD,0
9941,ENSG00000164122,ASB5,0
9942,ENSG00000164124,TMEM144,0
9943,ENSG00000164125,GASK1B,0
9944,ENSG00000164128,NPY1R,5
9945,ENSG00000164129,NPY5R,2
9946,ENSG00000164134,NAA15,8
9947,ENSG00000164136,IL15,7
9948,ENSG00000164142,FHIP1A,0
9949,ENSG00000164144,ARFIP1,1
9950,ENSG00000164151,ICE1,36
9951,ENSG00000164161,HHIP,3
9952,ENSG00000164162,ANAPC10,43
9953,ENSG00000164163,ABCE1,75
9954,ENSG00000164164,OTUD4,0
9955,ENSG00000164167,LSM6,71
9956,ENSG00000164168,TMEM184C,0
9957,ENSG00000164169,PRMT9,0
9958,ENSG00000164171,ITGA2,24
9959,ENSG00000164172,MOCS2,1
9960,ENSG00000164175,SLC45A2,0
9961,ENSG00000164176,EDIL3,0
9962,ENSG00000164180,TMEM161B,0
9963,ENSG00000164181,ELOVL7,2
9964,ENSG00000164182,NDUFAF2,27
9965,ENSG00000164185,ZNF474,0
9966,ENSG00000164187,LMBRD2,0
9967,ENSG00000164188,RANBP3L,0
9968,ENSG00000164190,NIPBL,25
9969,ENSG00000164197,RNF180,0
9970,ENSG00000164199,ADGRV1,5
9971,ENSG00000164209,SLC25A46,1
9972,ENSG00000164211,STARD4,0
9973,ENSG00000164219,PGGT1B,1
9974,ENSG00000164220,F2RL2,2
9975,ENSG00000164221,CCDC112,0
9976,ENSG00000164236,ANKRD33B,0
9977,ENSG00000164237,CMBL,0
9978,ENSG00000164241,C5orf63,0
9979,ENSG00000164244,PRRC1,0
9980,ENSG00000164251,F2RL1,0
9981,ENSG00000164252,AGGF1,0
9982,ENSG00000164258,NDUFS4,64
9983,ENSG00000164266,SPINK1,0
9984,ENSG00000164270,HTR4,3
9985,ENSG00000164283,ESM1,1
9986,ENSG00000164284,GRPEL2,2
9987,ENSG00000164287,CDC20B,4
9988,ENSG00000164291,ARSK,0
9989,ENSG00000164292,RHOBTB3,5
9990,ENSG00000164294,GPX8,8
9991,ENSG00000164300,SERINC5,0
9992,ENSG00000164303,ENPP6,0
9993,ENSG00000164304,CAGE1,0
9994,ENSG00000164305,CASP3,11
9995,ENSG00000164306,PRIMPOL,8
9996,ENSG00000164307,ERAP1,1
9997,ENSG00000164309,CMYA5,0
9998,ENSG00000164318,EGFLAM,0
9999,ENSG00000164323,CFAP97,0
10000,ENSG00000164325,TMEM174,0
10001,ENSG00000164326,CARTPT,0
10002,ENSG00000164327,RICTOR,17
10003,ENSG00000164329,TENT2,5
10004,ENSG00000164330,EBF1,3
10005,ENSG00000164331,ANKRA2,2
10006,ENSG00000164332,UBLCP1,1
10007,ENSG00000164334,FAM170A,0
10008,ENSG00000164338,UTP15,61
10009,ENSG00000164342,TLR3,17
10010,ENSG00000164344,KLKB1,5
10011,ENSG00000164347,GFM2,50
10012,ENSG00000164362,TERT,36
10013,ENSG00000164363,SLC6A18,0
10014,ENSG00000164366,CCDC127,0
10015,ENSG00000164379,FOXQ1,0
10016,ENSG00000164398,ACSL6,1
10017,ENSG00000164400,CSF2,14
10018,ENSG00000164402,SEPTIN8,11
10019,ENSG00000164403,SHROOM1,0
10020,ENSG00000164404,GDF9,2
10021,ENSG00000164405,UQCRQ,64
10022,ENSG00000164406,LEAP2,0
10023,ENSG00000164414,SLC35A1,0
10024,ENSG00000164418,GRIK2,9
10025,ENSG00000164430,CGAS,3
10026,ENSG00000164434,FABP7,0
10027,ENSG00000164438,TLX3,0
10028,ENSG00000164440,TXLNB,0
10029,ENSG00000164442,CITED2,6
10030,ENSG00000164451,CALHM4,0
10031,ENSG00000164458,TBXT,2
10032,ENSG00000164463,CREBRF,1
10033,ENSG00000164465,DCBLD1,0
10034,ENSG00000164466,SFXN1,0
10035,ENSG00000164483,SAMD3,0
10036,ENSG00000164484,TMEM200A,0
10037,ENSG00000164485,IL22RA2,0
10038,ENSG00000164488,DACT2,0
10039,ENSG00000164494,PDSS2,1
10040,ENSG00000164500,SPMIP7,0
10041,ENSG00000164506,STXBP5,16
10042,ENSG00000164508,H2AC1,4
10043,ENSG00000164509,IL31RA,2
10044,ENSG00000164512,ANKRD55,0
10045,ENSG00000164530,PI16,0
10046,ENSG00000164532,TBX20,2
10047,ENSG00000164535,DAGLB,1
10048,ENSG00000164542,MATCAP2,0
10049,ENSG00000164548,TRA2A,4
10050,ENSG00000164574,GALNT10,0
10051,ENSG00000164576,SAP30L,18
10052,ENSG00000164587,RPS14,160
10053,ENSG00000164588,HCN1,3
10054,ENSG00000164591,MYOZ3,0
10055,ENSG00000164597,COG5,6
10056,ENSG00000164600,NEUROD6,0
10057,ENSG00000164603,BMT2,6
10058,ENSG00000164604,GPR85,1
10059,ENSG00000164609,SLU7,57
10060,ENSG00000164610,RP9,0
10061,ENSG00000164615,CAMLG,3
10062,ENSG00000164619,BMPER,0
10063,ENSG00000164620,RELL2,0
10064,ENSG00000164626,KCNK5,4
10065,ENSG00000164627,KIF6,0
10066,ENSG00000164631,ZNF12,0
10067,ENSG00000164638,SLC29A4,0
10068,ENSG00000164645,TEX47,0
10069,ENSG00000164649,CDCA7L,1
10070,ENSG00000164651,SP8,0
10071,ENSG00000164654,MIOS,13
10072,ENSG00000164659,ELAPOR2,0
10073,ENSG00000164663,USP49,0
10074,ENSG00000164674,SYTL3,1
10075,ENSG00000164675,IQUB,0
10076,ENSG00000164683,HEY1,6
10077,ENSG00000164684,ZNF704,0
10078,ENSG00000164687,FABP5,1
10079,ENSG00000164690,SHH,14
10080,ENSG00000164692,COL1A2,13
10081,ENSG00000164694,FNDC1,0
10082,ENSG00000164695,CHMP4C,13
10083,ENSG00000164707,SLC13A4,0
10084,ENSG00000164708,PGAM2,1
10085,ENSG00000164713,BRI3,0
10086,ENSG00000164715,LMTK2,0
10087,ENSG00000164733,CTSB,5
10088,ENSG00000164736,SOX17,1
10089,ENSG00000164741,DLC1,3
10090,ENSG00000164742,ADCY1,2
10091,ENSG00000164744,SUN3,2
10092,ENSG00000164746,C7orf57,0
10093,ENSG00000164749,HNF4G,0
10094,ENSG00000164751,PEX2,40
10095,ENSG00000164754,RAD21,17
10096,ENSG00000164756,SLC30A8,0
10097,ENSG00000164758,MED30,70
10098,ENSG00000164761,TNFRSF11B,2
10099,ENSG00000164764,SBSPON,0
10100,ENSG00000164776,PHKG1,3
10101,ENSG00000164778,EN2,0
10102,ENSG00000164794,KCNV1,0
10103,ENSG00000164796,CSMD3,0
10104,ENSG00000164808,SPIDR,1
10105,ENSG00000164815,ORC5,19
10106,ENSG00000164818,DNAAF5,0
10107,ENSG00000164823,OSGIN2,0
10108,ENSG00000164828,SUN1,14
10109,ENSG00000164830,OXR1,0
10110,ENSG00000164841,TMEM74,1
10111,ENSG00000164849,GPR146,0
10112,ENSG00000164850,GPER1,2
10113,ENSG00000164853,UNCX,0
10114,ENSG00000164855,TMEM184A,0
10115,ENSG00000164867,NOS3,15
10116,ENSG00000164877,MICALL2,5
10117,ENSG00000164879,CA3,1
10118,ENSG00000164880,INTS1,38
10119,ENSG00000164885,CDK5,16
10120,ENSG00000164889,SLC4A2,1
10121,ENSG00000164893,SLC7A13,0
10122,ENSG00000164896,FASTK,0
10123,ENSG00000164898,FMC1,0
10124,ENSG00000164900,GBX1,0
10125,ENSG00000164902,PHAX,7
10126,ENSG00000164904,ALDH7A1,2
10127,ENSG00000164916,FOXK1,7
10128,ENSG00000164919,COX6C,24
10129,ENSG00000164920,OSR2,0
10130,ENSG00000164924,YWHAZ,47
10131,ENSG00000164929,BAALC,0
10132,ENSG00000164930,FZD6,16
10133,ENSG00000164932,CTHRC1,0
10134,ENSG00000164933,SLC25A32,0
10135,ENSG00000164934,DCAF13,95
10136,ENSG00000164935,DCSTAMP,2
10137,ENSG00000164938,TP53INP1,4
10138,ENSG00000164941,INTS8,31
10139,ENSG00000164944,VIRMA,11
10140,ENSG00000164946,FREM1,0
10141,ENSG00000164949,GEM,0
10142,ENSG00000164951,PDP1,1
10143,ENSG00000164953,TMEM67,16
10144,ENSG00000164961,WASHC5,3
10145,ENSG00000164967,RPP25L,9
10146,ENSG00000164970,FAM219A,0
10147,ENSG00000164972,SPMIP6,0
10148,ENSG00000164975,SNAPC3,8
10149,ENSG00000164976,MYORG,0
10150,ENSG00000164978,NUDT2,0
10151,ENSG00000164983,TMEM65,0
10152,ENSG00000164985,PSIP1,6
10153,ENSG00000164989,CCDC171,0
10154,ENSG00000165006,UBAP1,23
10155,ENSG00000165023,DIRAS2,0
10156,ENSG00000165025,SYK,48
10157,ENSG00000165029,ABCA1,7
10158,ENSG00000165030,NFIL3,1
10159,ENSG00000165046,LETM2,0
10160,ENSG00000165060,FXN,4
10161,ENSG00000165061,ZMAT4,0
10162,ENSG00000165066,NKX6-3,0
10163,ENSG00000165071,TMEM71,0
10164,ENSG00000165072,MAMDC2,0
10165,ENSG00000165076,PRSS37,0
10166,ENSG00000165078,CPA6,0
10167,ENSG00000165084,C8orf34,0
10168,ENSG00000165091,TMC1,5
10169,ENSG00000165097,KDM1B,7
10170,ENSG00000165102,HGSNAT,0
10171,ENSG00000165105,RASEF,0
10172,ENSG00000165113,GKAP1,0
10173,ENSG00000165115,KIF27,0
10174,ENSG00000165118,QNG1,0
10175,ENSG00000165119,HNRNPK,26
10176,ENSG00000165120,SSMEM1,0
10177,ENSG00000165124,SVEP1,0
10178,ENSG00000165125,TRPV6,3
10179,ENSG00000165138,ANKS6,5
10180,ENSG00000165140,FBP1,6
10181,ENSG00000165152,PGAP4,0
10182,ENSG00000165156,ZHX1,0
10183,ENSG00000165168,CYBB,15
10184,ENSG00000165169,DYNLT3,17
10185,ENSG00000165171,METTL27,0
10186,ENSG00000165175,MID1IP1,1
10187,ENSG00000165181,SHOC1,0
10188,ENSG00000165185,KIAA1958,0
10189,ENSG00000165186,PTCHD1,0
10190,ENSG00000165188,RNF183,0
10191,ENSG00000165192,ASB11,1
10192,ENSG00000165194,PCDH19,1
10193,ENSG00000165195,PIGA,7
10194,ENSG00000165197,VEGFD,7
10195,ENSG00000165202,OR1Q1,0
10196,ENSG00000165209,STRBP,0
10197,ENSG00000165215,CLDN3,13
10198,ENSG00000165219,GAPVD1,1
10199,ENSG00000165233,CARD19,0
10200,ENSG00000165238,WNK2,1
10201,ENSG00000165240,ATP7A,6
10202,ENSG00000165244,ZNF367,0
10203,ENSG00000165259,HDX,0
10204,ENSG00000165264,NDUFB6,61
10205,ENSG00000165271,NOL6,68
10206,ENSG00000165272,AQP3,0
10207,ENSG00000165275,TRMT10B,0
10208,ENSG00000165280,VCP,58
10209,ENSG00000165282,PIGO,1
10210,ENSG00000165283,STOML2,1
10211,ENSG00000165288,BRWD3,0
10212,ENSG00000165300,SLITRK5,0
10213,ENSG00000165304,MELK,1
10214,ENSG00000165309,ARMC3,0
10215,ENSG00000165312,OTUD1,0
10216,ENSG00000165322,ARHGAP12,1
10217,ENSG00000165323,FAT3,0
10218,ENSG00000165325,DEUP1,0
10219,ENSG00000165338,HECTD2,0
10220,ENSG00000165349,SLC7A3,0
10221,ENSG00000165355,FBXO33,1
10222,ENSG00000165359,INTS6L,5
10223,ENSG00000165370,GPR101,0
10224,ENSG00000165376,CLDN2,8
10225,ENSG00000165379,LRFN5,0
10226,ENSG00000165383,LRRC18,0
10227,ENSG00000165389,SPTSSA,7
10228,ENSG00000165392,WRN,23
10229,ENSG00000165406,MARCHF8,0
10230,ENSG00000165409,TSHR,5
10231,ENSG00000165410,CFL2,11
10232,ENSG00000165416,SUGT1,4
10233,ENSG00000165417,GTF2A1,70
10234,ENSG00000165424,ZCCHC24,0
10235,ENSG00000165434,PGM2L1,0
10236,ENSG00000165443,PHYHIPL,0
10237,ENSG00000165449,SLC16A9,0
10238,ENSG00000165457,FOLR2,0
10239,ENSG00000165458,INPPL1,17
10240,ENSG00000165462,PHOX2A,0
10241,ENSG00000165471,MBL2,8
10242,ENSG00000165474,GJB2,12
10243,ENSG00000165475,CRYL1,0
10244,ENSG00000165476,REEP3,0
10245,ENSG00000165478,HEPACAM,0
10246,ENSG00000165480,SKA3,8
10247,ENSG00000165487,MICU2,7
10248,ENSG00000165494,PCF11,11
10249,ENSG00000165495,PKNOX2,1
10250,ENSG00000165496,RPL10L,70
10251,ENSG00000165501,LRR1,21
10252,ENSG00000165506,DNAAF2,2
10253,ENSG00000165507,DEPP1,0
10254,ENSG00000165512,ZNF22,0
10255,ENSG00000165516,KLHDC2,13
10256,ENSG00000165521,EML5,0
10257,ENSG00000165525,NEMF,29
10258,ENSG00000165526,RPUSD4,2
10259,ENSG00000165527,ARF6,16
10260,ENSG00000165533,TTC8,0
10261,ENSG00000165548,TMEM63C,3
10262,ENSG00000165553,NGB,1
10263,ENSG00000165555,NOXRED1,0
10264,ENSG00000165556,CDX2,0
10265,ENSG00000165566,AMER2,0
10266,ENSG00000165568,AKR1E2,0
10267,ENSG00000165572,KBTBD6,32
10268,ENSG00000165588,OTX2,0
10269,ENSG00000165606,DRGX,0
10270,ENSG00000165609,NUDT5,3
10271,ENSG00000165617,DACT1,2
10272,ENSG00000165621,OXGR1,0
10273,ENSG00000165623,UCMA,0
10274,ENSG00000165626,BEND7,0
10275,ENSG00000165629,ATP5F1C,25
10276,ENSG00000165630,PRPF18,4
10277,ENSG00000165632,TAF3,69
10278,ENSG00000165633,VSTM4,0
10279,ENSG00000165637,VDAC2,12
10280,ENSG00000165644,COMTD1,0
10281,ENSG00000165646,SLC18A2,10
10282,ENSG00000165650,PDZD8,1
10283,ENSG00000165655,ZNF503,0
10284,ENSG00000165660,ABRAXAS2,3
10285,ENSG00000165661,QSOX2,0
10286,ENSG00000165669,FAM204A,0
10287,ENSG00000165671,NSD1,0
10288,ENSG00000165672,PRDX3,1
10289,ENSG00000165675,ENOX2,0
10290,ENSG00000165678,GHITM,1
10291,ENSG00000165682,CLEC1B,1
10292,ENSG00000165684,SNAPC4,9
10293,ENSG00000165685,TMEM52B,0
10294,ENSG00000165688,PMPCA,4
10295,ENSG00000165689,ENTR1,0
10296,ENSG00000165694,FRMD7,1
10297,ENSG00000165695,AK8,0
10298,ENSG00000165698,SPACA9,31
10299,ENSG00000165699,TSC1,27
10300,ENSG00000165702,GFI1B,3
10301,ENSG00000165704,HPRT1,1
10302,ENSG00000165714,BORCS5,6
10303,ENSG00000165716,DIPK1B,0
10304,ENSG00000165724,ZMYND19,0
10305,ENSG00000165730,STOX1,0
10306,ENSG00000165731,RET,26
10307,ENSG00000165732,DDX21,16
10308,ENSG00000165733,BMS1,64
10309,ENSG00000165752,STK32C,0
10310,ENSG00000165757,JCAD,0
10311,ENSG00000165762,OR4K2,0
10312,ENSG00000165775,FUNDC2,0
10313,ENSG00000165782,PIP4P1,2
10314,ENSG00000165792,METTL17,34
10315,ENSG00000165794,SLC39A2,0
10316,ENSG00000165795,NDRG2,0
10317,ENSG00000165801,ARHGEF40,0
10318,ENSG00000165802,NSMF,0
10319,ENSG00000165804,ZNF219,0
10320,ENSG00000165805,C12orf50,0
10321,ENSG00000165806,CASP7,7
10322,ENSG00000165807,PPP1R36,0
10323,ENSG00000165810,BTNL9,2
10324,ENSG00000165813,CCDC186,0
10325,ENSG00000165816,VWA2,0
10326,ENSG00000165819,METTL3,14
10327,ENSG00000165821,SALL2,0
10328,ENSG00000165832,TRUB1,0
10329,ENSG00000165861,ZFYVE1,0
10330,ENSG00000165863,SPMIP5,0
10331,ENSG00000165868,HSPA12A,2
10332,ENSG00000165886,UBTD1,0
10333,ENSG00000165887,ANKRD2,2
10334,ENSG00000165891,E2F7,2
10335,ENSG00000165895,ARHGAP42,0
10336,ENSG00000165898,ISCA2,2
10337,ENSG00000165899,OTOGL,2
10338,ENSG00000165905,LARGE2,2
10339,ENSG00000165912,PACSIN3,3
10340,ENSG00000165914,TTC7B,2
10341,ENSG00000165915,SLC39A13,0
10342,ENSG00000165916,PSMC3,42
10343,ENSG00000165917,RAPSN,0
10344,ENSG00000165923,AGBL2,0
10345,ENSG00000165929,TC2N,0
10346,ENSG00000165934,CPSF2,28
10347,ENSG00000165943,MOAP1,0
10348,ENSG00000165953,SERPINA12,0
10349,ENSG00000165959,CLMN,0
10350,ENSG00000165966,PDZRN4,0
10351,ENSG00000165970,SLC6A5,0
10352,ENSG00000165972,CCDC38,0
10353,ENSG00000165973,NELL1,1
10354,ENSG00000165983,PTER,0
10355,ENSG00000165985,C1QL3,0
10356,ENSG00000165995,CACNB2,29
10357,ENSG00000165996,HACD1,9
10358,ENSG00000165997,ARL5B,1
10359,ENSG00000166002,SMCO4,0
10360,ENSG00000166004,CEP295,0
10361,ENSG00000166006,KCNC2,0
10362,ENSG00000166016,ABTB2,0
10363,ENSG00000166024,R3HCC1L,0
10364,ENSG00000166025,AMOTL1,11
10365,ENSG00000166033,HTRA1,0
10366,ENSG00000166035,LIPC,11
10367,ENSG00000166037,CEP57,0
10368,ENSG00000166046,TCP11L2,0
10369,ENSG00000166068,SPRED1,4
10370,ENSG00000166069,TMCO5A,0
10371,ENSG00000166073,GPR176,0
10372,ENSG00000166086,JAM3,14
10373,ENSG00000166090,IL25,2
10374,ENSG00000166091,CMTM5,0
10375,ENSG00000166105,GLB1L3,0
10376,ENSG00000166106,ADAMTS15,0
10377,ENSG00000166111,SVOP,0
10378,ENSG00000166118,SPATA19,0
10379,ENSG00000166123,GPT2,6
10380,ENSG00000166126,AMN,2
10381,ENSG00000166128,RAB8B,6
10382,ENSG00000166130,IKBIP,2
10383,ENSG00000166133,RPUSD2,0
10384,ENSG00000166135,HIF1AN,9
10385,ENSG00000166136,NDUFB8,65
10386,ENSG00000166140,ZFYVE19,0
10387,ENSG00000166145,SPINT1,2
10388,ENSG00000166147,FBN1,14
10389,ENSG00000166148,AVPR1A,6
10390,ENSG00000166159,LRTM2,0
10391,ENSG00000166164,BRD7,24
10392,ENSG00000166165,CKB,5
10393,ENSG00000166166,TRMT61A,1
10394,ENSG00000166167,BTRC,44
10395,ENSG00000166169,POLL,1
10396,ENSG00000166170,BAG5,3
10397,ENSG00000166171,DPCD,0
10398,ENSG00000166173,LARP6,0
10399,ENSG00000166181,API5,1
10400,ENSG00000166183,ASPG,0
10401,ENSG00000166188,ZNF319,0
10402,ENSG00000166189,HPS6,12
10403,ENSG00000166192,SENP8,1
10404,ENSG00000166197,NOLC1,4
10405,ENSG00000166199,ALKBH3,4
10406,ENSG00000166200,COPS2,23
10407,ENSG00000166206,GABRB3,16
10408,ENSG00000166211,SPIC,0
10409,ENSG00000166220,TBATA,0
10410,ENSG00000166224,SGPL1,0
10411,ENSG00000166225,FRS2,20
10412,ENSG00000166226,CCT2,54
10413,ENSG00000166228,PCBD1,4
10414,ENSG00000166233,ARIH1,15
10415,ENSG00000166250,CLMP,0
10416,ENSG00000166257,SCN3B,12
10417,ENSG00000166260,COX11,0
10418,ENSG00000166261,ZNF202,1
10419,ENSG00000166262,FAM227B,0
10420,ENSG00000166263,STXBP4,1
10421,ENSG00000166265,CYYR1,0
10422,ENSG00000166266,CUL5,35
10423,ENSG00000166268,MYRFL,0
10424,ENSG00000166272,WBP1L,0
10425,ENSG00000166275,BORCS7,6
10426,ENSG00000166278,C2,0
10427,ENSG00000166289,PLEKHF1,0
10428,ENSG00000166292,TMEM100,0
10429,ENSG00000166295,ANAPC16,41
10430,ENSG00000166311,SMPD1,6
10431,ENSG00000166313,APBB1,9
10432,ENSG00000166317,SYNPO2L,0
10433,ENSG00000166321,NUDT13,0
10434,ENSG00000166323,C11orf65,0
10435,ENSG00000166326,TRIM44,0
10436,ENSG00000166329,CCDC182,0
10437,ENSG00000166333,ILK,18
10438,ENSG00000166337,TAF10,93
10439,ENSG00000166340,TPP1,2
10440,ENSG00000166341,DCHS1,1
10441,ENSG00000166342,NETO1,0
10442,ENSG00000166343,MSS51,0
10443,ENSG00000166347,CYB5A,10
10444,ENSG00000166348,USP54,0
10445,ENSG00000166349,RAG1,0
10446,ENSG00000166352,IFTAP,3
10447,ENSG00000166377,ATP9B,0
10448,ENSG00000166387,PPFIBP2,0
10449,ENSG00000166391,MOGAT2,1
10450,ENSG00000166394,CYB5R2,2
10451,ENSG00000166396,SERPINB7,0
10452,ENSG00000166398,GARRE1,0
10453,ENSG00000166401,SERPINB8,0
10454,ENSG00000166402,TUB,0
10455,ENSG00000166405,RIC3,0
10456,ENSG00000166407,LMO1,5
10457,ENSG00000166411,IDH3A,4
10458,ENSG00000166415,WDR72,0
10459,ENSG00000166426,CRABP1,0
10460,ENSG00000166428,PLD4,4
10461,ENSG00000166432,ZMAT1,0
10462,ENSG00000166435,XRRA1,0
10463,ENSG00000166436,TRIM66,2
10464,ENSG00000166439,RNF169,1
10465,ENSG00000166444,DENND2B,0
10466,ENSG00000166446,CDYL2,1
10467,ENSG00000166448,TMEM130,0
10468,ENSG00000166450,PRTG,0
10469,ENSG00000166451,CENPN,15
10470,ENSG00000166452,AKIP1,0
10471,ENSG00000166454,ATMIN,2
10472,ENSG00000166455,C16orf46,0
10473,ENSG00000166471,TMEM41B,0
10474,ENSG00000166473,PKD1L2,0
10475,ENSG00000166477,LEO1,56
10476,ENSG00000166478,ZNF143,4
10477,ENSG00000166479,TMX3,0
10478,ENSG00000166482,MFAP4,1
10479,ENSG00000166483,WEE1,4
10480,ENSG00000166484,MAPK7,2
10481,ENSG00000166501,PRKCB,7
10482,ENSG00000166503,HDGFL3,0
10483,ENSG00000166507,NDST2,0
10484,ENSG00000166508,MCM7,37
10485,ENSG00000166509,CLEC3A,0
10486,ENSG00000166510,CCDC68,9
10487,ENSG00000166523,CLEC4E,5
10488,ENSG00000166527,CLEC4D,3
10489,ENSG00000166529,ZSCAN21,0
10490,ENSG00000166532,RIMKLB,2
10491,ENSG00000166546,BEAN1,0
10492,ENSG00000166548,TK2,8
10493,ENSG00000166557,TMED3,15
10494,ENSG00000166558,SLC38A8,0
10495,ENSG00000166562,SEC11C,3
10496,ENSG00000166569,CPLX4,3
10497,ENSG00000166573,GALR1,7
10498,ENSG00000166575,TMEM135,0
10499,ENSG00000166578,IQCD,0
10500,ENSG00000166579,NDEL1,6
10501,ENSG00000166582,CENPV,1
10502,ENSG00000166589,CDH16,0
10503,ENSG00000166592,RRAD,0
10504,ENSG00000166595,CIAO2B,6
10505,ENSG00000166596,CFAP52,31
10506,ENSG00000166598,HSP90B1,34
10507,ENSG00000166603,MC4R,2
10508,ENSG00000166619,BLCAP,0
10509,ENSG00000166634,SERPINB12,0
10510,ENSG00000166676,TVP23A,0
10511,ENSG00000166681,BEX3,2
10512,ENSG00000166682,TMPRSS5,0
10513,ENSG00000166685,COG1,6
10514,ENSG00000166689,PLEKHA7,23
10515,ENSG00000166704,ZNF606,0
10516,ENSG00000166710,B2M,28
10517,ENSG00000166716,ZNF592,6
10518,ENSG00000166734,GOLM2,0
10519,ENSG00000166736,HTR3A,22
10520,ENSG00000166741,NNMT,0
10521,ENSG00000166743,ACSM1,0
10522,ENSG00000166747,AP1G1,20
10523,ENSG00000166750,SLFN5,0
10524,ENSG00000166762,CATSPER2,25
10525,ENSG00000166780,BMERB1,0
10526,ENSG00000166783,MARF1,0
10527,ENSG00000166788,SAAL1,0
10528,ENSG00000166793,YPEL4,0
10529,ENSG00000166794,PPIB,12
10530,ENSG00000166796,LDHC,0
10531,ENSG00000166797,CIAO2A,4
10532,ENSG00000166803,PCLAF,2
10533,ENSG00000166813,KIF7,7
10534,ENSG00000166816,LDHD,0
10535,ENSG00000166819,PLIN1,3
10536,ENSG00000166821,PEX11A,3
10537,ENSG00000166822,TMEM170A,0
10538,ENSG00000166823,MESP1,0
10539,ENSG00000166825,ANPEP,5
10540,ENSG00000166828,SCNN1G,12
10541,ENSG00000166831,RBPMS2,0
10542,ENSG00000166833,NAV2,0
10543,ENSG00000166839,ANKDD1A,0
10544,ENSG00000166845,C18orf54,0
10545,ENSG00000166847,DCTN5,18
10546,ENSG00000166848,TERF2IP,8
10547,ENSG00000166851,PLK1,28
10548,ENSG00000166855,CLPX,2
10549,ENSG00000166856,GPR182,0
10550,ENSG00000166860,ZBTB39,0
10551,ENSG00000166862,CACNG2,48
10552,ENSG00000166863,TAC3,0
10553,ENSG00000166866,MYO1A,9
10554,ENSG00000166869,CHP2,1
10555,ENSG00000166881,NEMP1,0
10556,ENSG00000166884,OR4D6,0
10557,ENSG00000166886,NAB2,4
10558,ENSG00000166887,VPS39,11
10559,ENSG00000166888,STAT6,16
10560,ENSG00000166889,PATL1,18
10561,ENSG00000166896,ATP23,24
10562,ENSG00000166897,ELFN2,0
10563,ENSG00000166900,STX3,27
10564,ENSG00000166902,MRPL16,103
10565,ENSG00000166908,PIP4K2C,2
10566,ENSG00000166912,MTMR10,1
10567,ENSG00000166913,YWHAB,26
10568,ENSG00000166920,C15orf48,0
10569,ENSG00000166922,SCG5,0
10570,ENSG00000166923,GREM1,2
10571,ENSG00000166924,NYAP1,0
10572,ENSG00000166925,TSC22D4,0
10573,ENSG00000166930,MS4A5,0
10574,ENSG00000166938,DIS3L,18
10575,ENSG00000166946,CCNDBP1,1
10576,ENSG00000166947,EPB42,4
10577,ENSG00000166948,TGM6,0
10578,ENSG00000166949,SMAD3,96
10579,ENSG00000166959,MS4A8,0
10580,ENSG00000166961,MS4A15,0
10581,ENSG00000166963,MAP1A,5
10582,ENSG00000166965,RCCD1,0
10583,ENSG00000166971,AKTIP,5
10584,ENSG00000166974,MAPRE2,1
10585,ENSG00000166979,EVA1C,0
10586,ENSG00000166986,MARS1,16
10587,ENSG00000166987,MBD6,1
10588,ENSG00000166997,CNPY4,0
10589,ENSG00000167004,PDIA3,11
10590,ENSG00000167005,NUDT21,10
10591,ENSG00000167014,TERB2,2
10592,ENSG00000167034,NKX3-1,1
10593,ENSG00000167037,SGSM1,0
10594,ENSG00000167065,DUSP18,0
10595,ENSG00000167074,TEF,0
10596,ENSG00000167077,MEI1,0
10597,ENSG00000167080,B4GALNT2,0
10598,ENSG00000167081,PBX3,2
10599,ENSG00000167083,GNGT2,5
10600,ENSG00000167085,PHB1,7
10601,ENSG00000167088,SNRPD1,128
10602,ENSG00000167094,TTC16,0
10603,ENSG00000167098,SUN5,0
10604,ENSG00000167100,SAMD14,0
10605,ENSG00000167103,PIP5KL1,8
10606,ENSG00000167104,BPIFB6,0
10607,ENSG00000167106,EEIG1,0
10608,ENSG00000167107,ACSF2,9
10609,ENSG00000167112,TRUB2,2
10610,ENSG00000167113,COQ4,5
10611,ENSG00000167114,SLC27A4,1
10612,ENSG00000167117,ANKRD40CL,0
10613,ENSG00000167118,URM1,3
10614,ENSG00000167123,CERCAM,0
10615,ENSG00000167130,DOLPP1,0
10616,ENSG00000167131,CCDC103,0
10617,ENSG00000167136,ENDOG,0
10618,ENSG00000167139,TBC1D21,0
10619,ENSG00000167157,PRRX2,0
10620,ENSG00000167173,C15orf39,0
10621,ENSG00000167178,ISLR2,0
10622,ENSG00000167182,SP2,0
10623,ENSG00000167183,PRR15L,0
10624,ENSG00000167186,COQ7,5
10625,ENSG00000167191,GPRC5B,0
10626,ENSG00000167193,CRK,34
10627,ENSG00000167194,C16orf92,0
10628,ENSG00000167196,FBXO22,3
10629,ENSG00000167202,TBC1D2B,0
10630,ENSG00000167207,NOD2,12
10631,ENSG00000167208,SNX20,0
10632,ENSG00000167210,LOXHD1,0
10633,ENSG00000167216,KATNAL2,0
10634,ENSG00000167220,HDHD2,0
10635,ENSG00000167244,IGF2,22
10636,ENSG00000167257,RNF214,0
10637,ENSG00000167258,CDK12,10
10638,ENSG00000167261,DPEP2,0
10639,ENSG00000167264,DUS2,1
10640,ENSG00000167272,POP5,34
10641,ENSG00000167280,ENGASE,0
10642,ENSG00000167281,RBFOX3,0
10643,ENSG00000167286,CD3D,9
10644,ENSG00000167291,TBC1D16,0
10645,ENSG00000167302,TEPSIN,0
10646,ENSG00000167306,MYO5B,9
10647,ENSG00000167311,ART5,0
10648,ENSG00000167315,ACAA2,1
10649,ENSG00000167323,STIM1,14
10650,ENSG00000167325,RRM1,2
10651,ENSG00000167332,OR51E2,0
10652,ENSG00000167333,TRIM68,0
10653,ENSG00000167359,OR51I1,0
10654,ENSG00000167363,FN3K,0
10655,ENSG00000167371,PRRT2,2
10656,ENSG00000167377,ZNF23,0
10657,ENSG00000167378,IRGQ,0
10658,ENSG00000167384,ZNF180,0
10659,ENSG00000167394,ZNF668,0
10660,ENSG00000167395,ZNF646,0
10661,ENSG00000167397,VKORC1,1
10662,ENSG00000167414,GNG8,7
10663,ENSG00000167419,LPO,2
10664,ENSG00000167434,CA4,1
10665,ENSG00000167447,SMG8,5
10666,ENSG00000167460,TPM4,5
10667,ENSG00000167461,RAB8A,27
10668,ENSG00000167468,GPX4,8
10669,ENSG00000167470,MIDN,0
10670,ENSG00000167476,JSRP1,0
10671,ENSG00000167483,NIBAN3,0
10672,ENSG00000167487,KLHL26,0
10673,ENSG00000167491,GATAD2A,15
10674,ENSG00000167508,MVD,0
10675,ENSG00000167513,CDT1,22
10676,ENSG00000167515,TRAPPC2L,13
10677,ENSG00000167522,ANKRD11,0
10678,ENSG00000167524,RSKR,0
10679,ENSG00000167526,RPL13,101
10680,ENSG00000167528,ZNF641,0
10681,ENSG00000167531,LALBA,7
10682,ENSG00000167535,CACNB3,28
10683,ENSG00000167536,DHRS13,0
10684,ENSG00000167543,TP53I13,0
10685,ENSG00000167548,KMT2D,14
10686,ENSG00000167549,CORO6,0
10687,ENSG00000167550,RHEBL1,0
10688,ENSG00000167552,TUBA1A,64
10689,ENSG00000167553,TUBA1C,15
10690,ENSG00000167565,SERTAD3,0
10691,ENSG00000167566,NCKAP5L,0
10692,ENSG00000167578,RAB4B,0
10693,ENSG00000167580,AQP2,1
10694,ENSG00000167588,GPD1,1
10695,ENSG00000167600,CYP2S1,0
10696,ENSG00000167601,AXL,6
10697,ENSG00000167604,NFKBID,0
10698,ENSG00000167608,TMC4,0
10699,ENSG00000167612,ANKRD33,0
10700,ENSG00000167614,TTYH1,0
10701,ENSG00000167615,LENG8,1
10702,ENSG00000167617,CDC42EP5,1
10703,ENSG00000167619,TMEM145,0
10704,ENSG00000167625,ZNF526,0
10705,ENSG00000167632,TRAPPC9,0
10706,ENSG00000167635,ZNF146,0
10707,ENSG00000167641,PPP1R14A,1
10708,ENSG00000167642,SPINT2,0
10709,ENSG00000167644,C19orf33,0
10710,ENSG00000167645,YIF1B,0
10711,ENSG00000167646,DNAAF3,0
10712,ENSG00000167653,PSCA,0
10713,ENSG00000167654,ATCAY,1
10714,ENSG00000167656,LY6D,0
10715,ENSG00000167657,DAPK3,5
10716,ENSG00000167658,EEF2,61
10717,ENSG00000167670,CHAF1A,3
10718,ENSG00000167671,UBXN6,12
10719,ENSG00000167674,HDGFL2,2
10720,ENSG00000167680,SEMA6B,2
10721,ENSG00000167685,ZNF444,0
10722,ENSG00000167693,NXN,2
10723,ENSG00000167695,TLCD3A,0
10724,ENSG00000167699,GLOD4,0
10725,ENSG00000167700,MFSD3,0
10726,ENSG00000167701,GPT,6
10727,ENSG00000167702,KIFC2,0
10728,ENSG00000167703,SLC43A2,0
10729,ENSG00000167705,RILP,10
10730,ENSG00000167711,SERPINF2,8
10731,ENSG00000167716,WDR81,0
10732,ENSG00000167720,SRR,2
10733,ENSG00000167721,TSR1,39
10734,ENSG00000167723,TRPV3,1
10735,ENSG00000167740,CYB5D2,0
10736,ENSG00000167741,GGT6,0
10737,ENSG00000167749,KLK4,2
10738,ENSG00000167754,KLK5,2
10739,ENSG00000167755,KLK6,1
10740,ENSG00000167757,KLK11,0
10741,ENSG00000167759,KLK13,1
10742,ENSG00000167767,KRT80,0
10743,ENSG00000167768,KRT1,4
10744,ENSG00000167769,ACER1,7
10745,ENSG00000167770,OTUB1,13
10746,ENSG00000167771,RCOR2,2
10747,ENSG00000167772,ANGPTL4,4
10748,ENSG00000167775,CD320,1
10749,ENSG00000167778,SPRYD3,0
10750,ENSG00000167779,IGFBP6,3
10751,ENSG00000167780,SOAT2,1
10752,ENSG00000167785,ZNF558,0
10753,ENSG00000167791,CABP2,0
10754,ENSG00000167792,NDUFV1,65
10755,ENSG00000167797,CDK2AP2,0
10756,ENSG00000167815,PRDX2,0
10757,ENSG00000167825,OR5I1,0
10758,ENSG00000167842,MIS12,15
10759,ENSG00000167858,TEKT1,31
10760,ENSG00000167861,HID1,0
10761,ENSG00000167862,MRPL58,98
10762,ENSG00000167863,ATP5PD,18
10763,ENSG00000167874,TMEM88,1
10764,ENSG00000167880,EVPL,2
10765,ENSG00000167881,SRP68,64
10766,ENSG00000167889,MGAT5B,1
10767,ENSG00000167895,TMC8,1
10768,ENSG00000167900,TK1,0
10769,ENSG00000167904,TMEM68,0
10770,ENSG00000167910,CYP7A1,0
10771,ENSG00000167916,KRT24,0
10772,ENSG00000167925,GHDC,0
10773,ENSG00000167930,FAM234A,0
10774,ENSG00000167941,SOST,2
10775,ENSG00000167962,ZNF598,3
10776,ENSG00000167964,RAB26,4
10777,ENSG00000167965,MLST8,21
10778,ENSG00000167967,E4F1,2
10779,ENSG00000167968,DNASE1L2,0
10780,ENSG00000167969,ECI1,1
10781,ENSG00000167971,CASKIN1,1
10782,ENSG00000167972,ABCA3,0
10783,ENSG00000167977,KCTD5,3
10784,ENSG00000167978,SRRM2,108
10785,ENSG00000167981,ZNF597,0
10786,ENSG00000167984,NLRC3,0
10787,ENSG00000167985,SDHAF2,4
10788,ENSG00000167986,DDB1,82
10789,ENSG00000167987,VPS37C,22
10790,ENSG00000167992,VWCE,0
10791,ENSG00000167994,RAB3IL1,4
10792,ENSG00000167995,BEST1,0
10793,ENSG00000167996,FTH1,3
10794,ENSG00000168000,BSCL2,0
10795,ENSG00000168002,POLR2G,101
10796,ENSG00000168003,SLC3A2,9
10797,ENSG00000168004,PLAAT5,0
10798,ENSG00000168005,SPINDOC,3
10799,ENSG00000168010,ATG16L2,3
10800,ENSG00000168014,C2CD3,0
10801,ENSG00000168016,TRANK1,0
10802,ENSG00000168026,TTC21A,1
10803,ENSG00000168032,ENTPD3,4
10804,ENSG00000168036,CTNNB1,156
10805,ENSG00000168038,ULK4,0
10806,ENSG00000168040,FADD,26
10807,ENSG00000168056,LTBP3,5
10808,ENSG00000168060,NAALADL1,0
10809,ENSG00000168061,SAC3D1,0
10810,ENSG00000168062,BATF2,3
10811,ENSG00000168066,SF1,15
10812,ENSG00000168067,MAP4K2,0
10813,ENSG00000168070,MAJIN,2
10814,ENSG00000168071,CCDC88B,0
10815,ENSG00000168077,SCARA3,0
10816,ENSG00000168078,PBK,1
10817,ENSG00000168079,SCARA5,1
10818,ENSG00000168081,PNOC,2
10819,ENSG00000168090,COPS6,23
10820,ENSG00000168092,PAFAH1B2,7
10821,ENSG00000168096,ANKS3,3
10822,ENSG00000168101,NUDT16L1,1
10823,ENSG00000168118,RAB4A,8
10824,ENSG00000168124,OR1F1,0
10825,ENSG00000168135,KCNJ4,8
10826,ENSG00000168137,SETD5,0
10827,ENSG00000168140,VASN,0
10828,ENSG00000168143,FAM83B,0
10829,ENSG00000168148,H3-4,90
10830,ENSG00000168158,OR2C1,0
10831,ENSG00000168172,HOOK3,5
10832,ENSG00000168209,DDIT4,4
10833,ENSG00000168214,RBPJ,21
10834,ENSG00000168216,LMBRD1,1
10835,ENSG00000168228,ZCCHC4,3
10836,ENSG00000168229,PTGDR,1
10837,ENSG00000168234,TTC39C,0
10838,ENSG00000168237,GLYCTK,0
10839,ENSG00000168243,GNG4,10
10840,ENSG00000168246,UBTD2,0
10841,ENSG00000168256,NKIRAS2,0
10842,ENSG00000168259,DNAJC7,3
10843,ENSG00000168263,KCNV2,0
10844,ENSG00000168264,IRF2BP2,4
10845,ENSG00000168267,PTF1A,2
10846,ENSG00000168268,NT5DC2,0
10847,ENSG00000168269,FOXI1,0
10848,ENSG00000168280,KIF5C,15
10849,ENSG00000168282,MGAT2,0
10850,ENSG00000168283,BMI1,66
10851,ENSG00000168286,THAP11,0
10852,ENSG00000168288,MMADHC,1
10853,ENSG00000168291,PDHB,8
10854,ENSG00000168297,PXK,0
10855,ENSG00000168298,H1-4,4
10856,ENSG00000168300,PCMTD1,0
10857,ENSG00000168301,KCTD6,1
10858,ENSG00000168306,ACOX2,3
10859,ENSG00000168309,FAM107A,0
10860,ENSG00000168310,IRF2,4
10861,ENSG00000168314,MOBP,0
10862,ENSG00000168329,CX3CR1,13
10863,ENSG00000168334,XIRP1,0
10864,ENSG00000168348,INSM2,0
10865,ENSG00000168350,DEGS2,0
10866,ENSG00000168356,SCN11A,3
10867,ENSG00000168374,ARF4,5
10868,ENSG00000168386,FILIP1L,0
10869,ENSG00000168389,MFSD2A,0
10870,ENSG00000168393,DTYMK,3
10871,ENSG00000168394,TAP1,5
10872,ENSG00000168395,ING5,13
10873,ENSG00000168397,ATG4B,4
10874,ENSG00000168398,BDKRB2,3
10875,ENSG00000168404,MLKL,17
10876,ENSG00000168411,RFWD3,5
10877,ENSG00000168412,MTNR1A,5
10878,ENSG00000168418,KCNG4,1
10879,ENSG00000168421,RHOH,6
10880,ENSG00000168427,KLHL30,0
10881,ENSG00000168434,COG7,8
10882,ENSG00000168438,CDC40,108
10883,ENSG00000168439,STIP1,34
10884,ENSG00000168447,SCNN1B,12
10885,ENSG00000168453,HR,0
10886,ENSG00000168461,RAB31,7
10887,ENSG00000168476,REEP4,0
10888,ENSG00000168477,TNXB,0
10889,ENSG00000168481,LGI3,2
10890,ENSG00000168484,SFTPC,3
10891,ENSG00000168487,BMP1,2
10892,ENSG00000168488,ATXN2L,3
10893,ENSG00000168490,PHYHIP,1
10894,ENSG00000168495,POLR3D,16
10895,ENSG00000168496,FEN1,13
10896,ENSG00000168497,CAVIN2,2
10897,ENSG00000168502,MTCL1,1
10898,ENSG00000168505,GBX2,0
10899,ENSG00000168509,HJV,14
10900,ENSG00000168517,HEXIM2,2
10901,ENSG00000168522,FNTA,2
10902,ENSG00000168528,SERINC2,0
10903,ENSG00000168530,MYL1,15
10904,ENSG00000168538,TRAPPC11,13
10905,ENSG00000168539,CHRM1,11
10906,ENSG00000168542,COL3A1,10
10907,ENSG00000168546,GFRA2,5
10908,ENSG00000168556,ING2,23
10909,ENSG00000168564,CDKN2AIP,0
10910,ENSG00000168566,SNRNP48,21
10911,ENSG00000168569,TMEM223,0
10912,ENSG00000168575,SLC20A2,1
10913,ENSG00000168582,CRYGA,0
10914,ENSG00000168589,DYNLRB2,14
10915,ENSG00000168591,TMUB2,0
10916,ENSG00000168594,ADAM29,0
10917,ENSG00000168610,STAT3,75
10918,ENSG00000168612,ZSWIM1,0
10919,ENSG00000168615,ADAM9,2
10920,ENSG00000168619,ADAM18,0
10921,ENSG00000168621,GDNF,14
10922,ENSG00000168646,AXIN2,18
10923,ENSG00000168653,NDUFS5,66
10924,ENSG00000168658,VWA3B,0
10925,ENSG00000168672,LRATD2,0
10926,ENSG00000168675,LDLRAD4,0
10927,ENSG00000168676,KCTD19,0
10928,ENSG00000168679,SLC16A4,1
10929,ENSG00000168685,IL7R,5
10930,ENSG00000168701,TMEM208,0
10931,ENSG00000168702,LRP1B,0
10932,ENSG00000168710,AHCYL1,3
10933,ENSG00000168724,DNAJC21,0
10934,ENSG00000168734,PKIG,0
10935,ENSG00000168743,NPNT,3
10936,ENSG00000168748,CA7,0
10937,ENSG00000168754,FAM178B,0
10938,ENSG00000168758,SEMA4C,1
10939,ENSG00000168763,CNNM3,2
10940,ENSG00000168765,GSTM4,2
10941,ENSG00000168769,TET2,14
10942,ENSG00000168772,CXXC4,1
10943,ENSG00000168778,TCTN2,13
10944,ENSG00000168779,SHOX2,0
10945,ENSG00000168781,PPIP5K1,1
10946,ENSG00000168785,TSPAN5,1
10947,ENSG00000168792,ABHD15,0
10948,ENSG00000168795,ZBTB5,0
10949,ENSG00000168802,CHTF8,6
10950,ENSG00000168803,ADAL,0
10951,ENSG00000168806,LCMT2,0
10952,ENSG00000168807,SNTB2,8
10953,ENSG00000168811,IL12A,3
10954,ENSG00000168813,ZNF507,0
10955,ENSG00000168818,STX18,23
10956,ENSG00000168824,NSG1,0
10957,ENSG00000168826,ZBTB49,0
10958,ENSG00000168827,GFM1,82
10959,ENSG00000168828,OR13J1,0
10960,ENSG00000168843,FSTL5,0
10961,ENSG00000168872,DDX19A,4
10962,ENSG00000168874,ATOH8,0
10963,ENSG00000168875,SOX14,0
10964,ENSG00000168876,ANKRD49,1
10965,ENSG00000168878,SFTPB,0
10966,ENSG00000168883,USP39,43
10967,ENSG00000168884,TNIP2,7
10968,ENSG00000168887,C2orf68,0
10969,ENSG00000168890,TMEM150A,0
10970,ENSG00000168899,VAMP5,1
10971,ENSG00000168904,LRRC28,0
10972,ENSG00000168906,MAT2A,2
10973,ENSG00000168907,PLA2G4F,0
10974,ENSG00000168913,ENHO,0
10975,ENSG00000168916,ZNF608,0
10976,ENSG00000168917,SLC35G2,0
10977,ENSG00000168918,INPP5D,10
10978,ENSG00000168924,LETM1,0
10979,ENSG00000168936,TMEM129,4
10980,ENSG00000168938,PPIC,0
10981,ENSG00000168944,CEP120,1
10982,ENSG00000168952,STXBP6,2
10983,ENSG00000168955,TM4SF20,0
10984,ENSG00000168958,MFF,4
10985,ENSG00000168959,GRM5,8
10986,ENSG00000168993,CPLX1,21
10987,ENSG00000168994,PXDC1,0
10988,ENSG00000169006,NTSR2,3
10989,ENSG00000169016,E2F6,39
10990,ENSG00000169018,FEM1B,13
10991,ENSG00000169019,COMMD8,2
10992,ENSG00000169020,ATP5ME,16
10993,ENSG00000169026,SLC49A3,0
10994,ENSG00000169031,COL4A3,4
10995,ENSG00000169032,MAP2K1,19
10996,ENSG00000169035,KLK7,0
10997,ENSG00000169045,HNRNPH1,17
10998,ENSG00000169047,IRS1,32
10999,ENSG00000169057,MECP2,18
11000,ENSG00000169062,UPF3A,12
11001,ENSG00000169067,ACTBL2,0
11002,ENSG00000169071,ROR2,5
11003,ENSG00000169083,AR,45
11004,ENSG00000169085,VXN,0
11005,ENSG00000169087,HSPBAP1,0
11006,ENSG00000169105,CHST14,0
11007,ENSG00000169116,PARM1,0
11008,ENSG00000169118,CSNK1G1,1
11009,ENSG00000169122,FAM110B,0
11010,ENSG00000169126,ODAD2,1
11011,ENSG00000169129,AFAP1L2,0
11012,ENSG00000169131,ZNF354A,1
11013,ENSG00000169136,ATF5,1
11014,ENSG00000169139,UBE2V2,16
11015,ENSG00000169154,GOT1L1,6
11016,ENSG00000169155,ZBTB43,0
11017,ENSG00000169169,CPT1C,2
11018,ENSG00000169174,PCSK9,4
11019,ENSG00000169180,XPO6,3
11020,ENSG00000169181,GSG1L,0
11021,ENSG00000169184,MN1,0
11022,ENSG00000169188,APEX2,1
11023,ENSG00000169189,NSMCE1,6
11024,ENSG00000169193,CCDC126,0
11025,ENSG00000169194,IL13,3
11026,ENSG00000169213,RAB3B,2
11027,ENSG00000169214,OR6F1,0
11028,ENSG00000169217,CD2BP2,18
11029,ENSG00000169218,RSPO1,7
11030,ENSG00000169220,RGS14,2
11031,ENSG00000169221,TBC1D10B,0
11032,ENSG00000169223,LMAN2,2
11033,ENSG00000169228,RAB24,0
11034,ENSG00000169230,PRELID1,1
11035,ENSG00000169231,THBS3,0
11036,ENSG00000169239,CA5B,1
11037,ENSG00000169241,SLC50A1,0
11038,ENSG00000169242,EFNA1,11
11039,ENSG00000169245,CXCL10,19
11040,ENSG00000169247,SH3TC2,0
11041,ENSG00000169251,NMD3,37
11042,ENSG00000169252,ADRB2,21
11043,ENSG00000169255,B3GALNT1,2
11044,ENSG00000169258,GPRIN1,0
11045,ENSG00000169271,HSPB3,11
11046,ENSG00000169282,KCNAB1,4
11047,ENSG00000169288,MRPL1,82
11048,ENSG00000169291,SHE,0
11049,ENSG00000169297,NR0B1,25
11050,ENSG00000169299,PGM2,0
11051,ENSG00000169302,STK32A,0
11052,ENSG00000169306,IL1RAPL1,5
11053,ENSG00000169313,P2RY12,1
11054,ENSG00000169314,C22orf15,0
11055,ENSG00000169327,OR5AU1,0
11056,ENSG00000169330,MINAR1,0
11057,ENSG00000169340,PDILT,0
11058,ENSG00000169344,UMOD,2
11059,ENSG00000169347,GP2,4
11060,ENSG00000169359,SLC33A1,0
11061,ENSG00000169371,SNUPN,9
11062,ENSG00000169372,CRADD,5
11063,ENSG00000169375,SIN3A,56
11064,ENSG00000169379,ARL13B,2
11065,ENSG00000169398,PTK2,62
11066,ENSG00000169403,PTAFR,0
11067,ENSG00000169410,PTPN9,0
11068,ENSG00000169413,RNASE6,0
11069,ENSG00000169418,NPR1,4
11070,ENSG00000169427,KCNK9,1
11071,ENSG00000169432,SCN9A,4
11072,ENSG00000169435,RASSF6,0
11073,ENSG00000169439,SDC2,10
11074,ENSG00000169446,MMGT1,9
11075,ENSG00000169490,TM2D2,0
11076,ENSG00000169495,HTRA4,0
11077,ENSG00000169499,PLEKHA2,1
11078,ENSG00000169504,CLIC4,0
11079,ENSG00000169507,SLC38A11,0
11080,ENSG00000169508,GPR183,3
11081,ENSG00000169519,METTL15,30
11082,ENSG00000169550,MUC15,0
11083,ENSG00000169554,ZEB2,2
11084,ENSG00000169562,GJB1,15
11085,ENSG00000169564,PCBP1,8
11086,ENSG00000169567,HINT1,0
11087,ENSG00000169570,DTWD2,0
11088,ENSG00000169583,CLIC3,1
11089,ENSG00000169592,INO80E,21
11090,ENSG00000169594,BNC1,0
11091,ENSG00000169598,DFFB,5
11092,ENSG00000169599,NFU1,0
11093,ENSG00000169604,ANTXR1,1
11094,ENSG00000169605,GKN1,0
11095,ENSG00000169607,CKAP2L,0
11096,ENSG00000169609,C15orf40,0
11097,ENSG00000169621,APLF,6
11098,ENSG00000169635,HIC2,0
11099,ENSG00000169641,LUZP1,1
11100,ENSG00000169660,HEXD,2
11101,ENSG00000169676,DRD5,0
11102,ENSG00000169679,BUB1,22
11103,ENSG00000169682,SPNS1,0
11104,ENSG00000169683,LRRC45,2
11105,ENSG00000169684,CHRNA5,4
11106,ENSG00000169692,AGPAT2,7
11107,ENSG00000169696,ASPSCR1,10
11108,ENSG00000169704,GP9,6
11109,ENSG00000169710,FASN,9
11110,ENSG00000169714,CNBP,2
11111,ENSG00000169717,ACTRT2,0
11112,ENSG00000169718,DUS1L,0
11113,ENSG00000169727,GPS1,26
11114,ENSG00000169733,RFNG,2
11115,ENSG00000169738,DCXR,0
11116,ENSG00000169740,ZNF32,0
11117,ENSG00000169744,LDB2,12
11118,ENSG00000169750,RAC3,30
11119,ENSG00000169752,NRG4,6
11120,ENSG00000169758,TMEM266,0
11121,ENSG00000169760,NLGN1,11
11122,ENSG00000169762,TAPT1,0
11123,ENSG00000169764,UGP2,3
11124,ENSG00000169783,LINGO1,5
11125,ENSG00000169813,HNRNPF,8
11126,ENSG00000169814,BTD,0
11127,ENSG00000169826,CSGALNACT2,1
11128,ENSG00000169836,TACR3,1
11129,ENSG00000169840,GSX1,0
11130,ENSG00000169851,PCDH7,0
11131,ENSG00000169855,ROBO1,6
11132,ENSG00000169856,ONECUT1,0
11133,ENSG00000169857,AVEN,2
11134,ENSG00000169860,P2RY1,1
11135,ENSG00000169862,CTNND2,2
11136,ENSG00000169871,TRIM56,2
11137,ENSG00000169877,AHSP,1
11138,ENSG00000169884,WNT10B,4
11139,ENSG00000169891,REPS2,5
11140,ENSG00000169895,SYAP1,0
11141,ENSG00000169896,ITGAM,13
11142,ENSG00000169902,TPST1,1
11143,ENSG00000169903,TM4SF4,0
11144,ENSG00000169905,TOR1AIP2,1
11145,ENSG00000169906,S100G,0
11146,ENSG00000169908,TM4SF1,1
11147,ENSG00000169914,OTUD3,0
11148,ENSG00000169918,OTUD7A,0
11149,ENSG00000169919,GUSB,1
11150,ENSG00000169925,BRD3,8
11151,ENSG00000169926,KLF13,0
11152,ENSG00000169933,FRMPD4,1
11153,ENSG00000169946,ZFPM2,3
11154,ENSG00000169957,ZNF768,0
11155,ENSG00000169962,TAS1R3,2
11156,ENSG00000169964,TMEM42,0
11157,ENSG00000169967,MAP3K2,4
11158,ENSG00000169972,PUSL1,0
11159,ENSG00000169976,SF3B5,107
11160,ENSG00000169981,ZNF35,0
11161,ENSG00000169989,TIGD4,0
11162,ENSG00000169991,IFFO2,0
11163,ENSG00000169992,NLGN2,10
11164,ENSG00000169994,MYO7B,2
11165,ENSG00000170004,CHD3,19
11166,ENSG00000170006,TMEM154,0
11167,ENSG00000170011,MYRIP,6
11168,ENSG00000170017,ALCAM,4
11169,ENSG00000170027,YWHAG,21
11170,ENSG00000170035,UBE2E3,4
11171,ENSG00000170037,CNTROB,0
11172,ENSG00000170043,TRAPPC1,14
11173,ENSG00000170044,ZPLD1,0
11174,ENSG00000170049,KCNAB3,0
11175,ENSG00000170054,SERPINA9,0
11176,ENSG00000170075,GPR37L1,1
11177,ENSG00000170085,SIMC1,0
11178,ENSG00000170088,TMEM192,0
11179,ENSG00000170091,NSG2,0
11180,ENSG00000170099,SERPINA6,0
11181,ENSG00000170113,NIPA1,0
11182,ENSG00000170128,GPR25,0
11183,ENSG00000170142,UBE2E1,19
11184,ENSG00000170144,HNRNPA3,6
11185,ENSG00000170145,SIK2,0
11186,ENSG00000170153,RNF150,0
11187,ENSG00000170162,VGLL2,0
11188,ENSG00000170166,HOXD4,10
11189,ENSG00000170175,CHRNB1,11
11190,ENSG00000170178,HOXD12,0
11191,ENSG00000170185,USP38,0
11192,ENSG00000170190,SLC16A5,0
11193,ENSG00000170191,NANP,0
11194,ENSG00000170209,ANKK1,0
11195,ENSG00000170214,ADRA1B,2
11196,ENSG00000170222,ADPRM,2
11197,ENSG00000170231,FABP6,0
11198,ENSG00000170234,PWWP2A,0
11199,ENSG00000170236,USP50,1
11200,ENSG00000170242,USP47,1
11201,ENSG00000170260,ZNF212,0
11202,ENSG00000170265,ZNF282,0
11203,ENSG00000170266,GLB1,6
11204,ENSG00000170270,GON7,2
11205,ENSG00000170271,FAXDC2,0
11206,ENSG00000170275,CRTAP,2
11207,ENSG00000170276,HSPB2,8
11208,ENSG00000170289,CNGB3,4
11209,ENSG00000170291,ELP5,5
11210,ENSG00000170293,CMTM8,0
11211,ENSG00000170296,GABARAP,40
11212,ENSG00000170310,STX8,24
11213,ENSG00000170312,CDK1,37
11214,ENSG00000170315,UBB,180
11215,ENSG00000170322,NFRKB,21
11216,ENSG00000170323,FABP4,2
11217,ENSG00000170324,FRMPD2,0
11218,ENSG00000170325,PRDM10,0
11219,ENSG00000170340,B3GNT2,2
11220,ENSG00000170345,FOS,40
11221,ENSG00000170348,TMED10,19
11222,ENSG00000170365,SMAD1,12
11223,ENSG00000170370,EMX2,0
11224,ENSG00000170374,SP7,2
11225,ENSG00000170381,SEMA3E,2
11226,ENSG00000170382,LRRN2,0
11227,ENSG00000170385,SLC30A1,2
11228,ENSG00000170390,DCLK2,0
11229,ENSG00000170396,ZNF804A,0
11230,ENSG00000170412,GPRC5C,0
11231,ENSG00000170417,TMEM182,0
11232,ENSG00000170419,VSTM2A,0
11233,ENSG00000170421,KRT8,2
11234,ENSG00000170425,ADORA2B,1
11235,ENSG00000170426,SDR9C7,0
11236,ENSG00000170430,MGMT,0
11237,ENSG00000170439,TMT1B,0
11238,ENSG00000170445,HARS1,1
11239,ENSG00000170448,NFXL1,0
11240,ENSG00000170454,KRT75,0
11241,ENSG00000170456,DENND5B,0
11242,ENSG00000170458,CD14,0
11243,ENSG00000170464,DNAJC18,0
11244,ENSG00000170468,RIOX1,3
11245,ENSG00000170469,SPATA24,0
11246,ENSG00000170471,RALGAPB,1
11247,ENSG00000170473,PYM1,7
11248,ENSG00000170476,MZB1,3
11249,ENSG00000170477,KRT4,0
11250,ENSG00000170482,SLC23A1,0
11251,ENSG00000170485,NPAS2,4
11252,ENSG00000170486,KRT72,0
11253,ENSG00000170500,LONRF2,0
11254,ENSG00000170502,NUDT9,2
11255,ENSG00000170509,HSD17B13,0
11256,ENSG00000170515,PA2G4,68
11257,ENSG00000170516,COX7B2,9
11258,ENSG00000170522,ELOVL6,7
11259,ENSG00000170525,PFKFB3,5
11260,ENSG00000170537,TMC7,0
11261,ENSG00000170540,ARL6IP1,1
11262,ENSG00000170545,SMAGP,0
11263,ENSG00000170549,IRX1,0
11264,ENSG00000170558,CDH2,42
11265,ENSG00000170561,IRX2,0
11266,ENSG00000170571,EMB,4
11267,ENSG00000170577,SIX2,0
11268,ENSG00000170579,DLGAP1,7
11269,ENSG00000170581,STAT2,16
11270,ENSG00000170584,NUDCD2,0
11271,ENSG00000170604,IRF2BP1,3
11272,ENSG00000170606,HSPA4,84
11273,ENSG00000170608,FOXA3,1
11274,ENSG00000170615,SLC26A5,0
11275,ENSG00000170619,COMMD5,3
11276,ENSG00000170624,SGCD,12
11277,ENSG00000170627,GTSF1,1
11278,ENSG00000170632,ARMC10,0
11279,ENSG00000170633,RNF34,0
11280,ENSG00000170634,ACYP2,0
11281,ENSG00000170638,TRABD,0
11282,ENSG00000170653,ATF7,5
11283,ENSG00000170677,SOCS6,8
11284,ENSG00000170681,CAVIN4,1
11285,ENSG00000170684,ZNF296,0
11286,ENSG00000170689,HOXB9,1
11287,ENSG00000170703,TTLL6,0
11288,ENSG00000170734,POLH,5
11289,ENSG00000170743,SYT9,1
11290,ENSG00000170745,KCNS3,1
11291,ENSG00000170759,KIF5B,18
11292,ENSG00000170775,GPR37,1
11293,ENSG00000170776,AKAP13,5
11294,ENSG00000170779,CDCA4,0
11295,ENSG00000170782,OR10A4,0
11296,ENSG00000170786,SDR16C5,1
11297,ENSG00000170788,DYDC1,0
11298,ENSG00000170791,CHCHD7,0
11299,ENSG00000170801,HTRA3,0
11300,ENSG00000170802,FOXN2,0
11301,ENSG00000170807,LMOD2,2
11302,ENSG00000170819,BFSP2,2
11303,ENSG00000170820,FSHR,2
11304,ENSG00000170835,CEL,0
11305,ENSG00000170836,PPM1D,0
11306,ENSG00000170837,GPR27,0
11307,ENSG00000170852,KBTBD2,0
11308,ENSG00000170854,RIOX2,0
11309,ENSG00000170855,TRIAP1,3
11310,ENSG00000170860,LSM3,67
11311,ENSG00000170871,KIAA0232,0
11312,ENSG00000170873,MTSS1,2
11313,ENSG00000170876,TMEM43,2
11314,ENSG00000170881,RNF139,8
11315,ENSG00000170889,RPS9,175
11316,ENSG00000170890,PLA2G1B,0
11317,ENSG00000170891,CYTL1,0
11318,ENSG00000170892,TSEN34,7
11319,ENSG00000170893,TRH,1
11320,ENSG00000170903,MSANTD4,0
11321,ENSG00000170906,NDUFA3,62
11322,ENSG00000170909,OSCAR,3
11323,ENSG00000170915,PAQR8,0
11324,ENSG00000170917,NUDT6,0
11325,ENSG00000170921,TANC2,0
11326,ENSG00000170927,PKHD1,3
11327,ENSG00000170929,OR1M1,0
11328,ENSG00000170946,DNAJC24,0
11329,ENSG00000170948,MBD3L1,0
11330,ENSG00000170950,PGK2,1
11331,ENSG00000170955,CAVIN3,3
11332,ENSG00000170961,HAS2,0
11333,ENSG00000170962,PDGFD,8
11334,ENSG00000170967,DDI1,0
11335,ENSG00000170989,S1PR1,5
11336,ENSG00000171004,HS6ST2,0
11337,ENSG00000171014,OR4D5,0
11338,ENSG00000171016,PYGO1,5
11339,ENSG00000171017,LRRC8E,1
11340,ENSG00000171033,PKIA,2
11341,ENSG00000171044,XKR6,0
11342,ENSG00000171051,FPR1,4
11343,ENSG00000171053,PATE1,0
11344,ENSG00000171055,FEZ2,0
11345,ENSG00000171056,SOX7,0
11346,ENSG00000171060,C8orf74,0
11347,ENSG00000171094,ALK,16
11348,ENSG00000171097,KYAT1,4
11349,ENSG00000171100,MTM1,3
11350,ENSG00000171105,INSR,16
11351,ENSG00000171109,MFN1,22
11352,ENSG00000171115,GIMAP8,0
11353,ENSG00000171119,NRTN,8
11354,ENSG00000171121,KCNMB3,7
11355,ENSG00000171126,KCNG3,0
11356,ENSG00000171132,PRKCE,3
11357,ENSG00000171133,OR2K2,0
11358,ENSG00000171135,JAGN1,0
11359,ENSG00000171136,RLN3,4
11360,ENSG00000171148,TADA3,34
11361,ENSG00000171150,SOCS5,4
11362,ENSG00000171155,C1GALT1C1,1
11363,ENSG00000171159,BBLN,0
11364,ENSG00000171160,MORN4,0
11365,ENSG00000171161,ZNF672,0
11366,ENSG00000171163,ZNF692,0
11367,ENSG00000171169,NAIF1,3
11368,ENSG00000171174,RBKS,0
11369,ENSG00000171189,GRIK1,5
11370,ENSG00000171202,TMEM126A,0
11371,ENSG00000171204,TMEM126B,6
11372,ENSG00000171206,TRIM8,1
11373,ENSG00000171208,NETO2,0
11374,ENSG00000171219,CDC42BPG,0
11375,ENSG00000171222,SCAND1,0
11376,ENSG00000171223,JUNB,12
11377,ENSG00000171227,TMEM37,0
11378,ENSG00000171236,LRG1,1
11379,ENSG00000171241,SHCBP1,1
11380,ENSG00000171243,SOSTDC1,1
11381,ENSG00000171246,NPTX1,0
11382,ENSG00000171262,FAM98B,5
11383,ENSG00000171298,GAA,0
11384,ENSG00000171302,CANT1,2
11385,ENSG00000171303,KCNK3,3
11386,ENSG00000171307,ZDHHC16,1
11387,ENSG00000171310,CHST11,2
11388,ENSG00000171311,EXOSC1,20
11389,ENSG00000171314,PGAM1,1
11390,ENSG00000171316,CHD7,1
11391,ENSG00000171320,ESCO2,0
11392,ENSG00000171345,KRT19,1
11393,ENSG00000171346,KRT15,0
11394,ENSG00000171357,LURAP1,1
11395,ENSG00000171365,CLCN5,2
11396,ENSG00000171368,TPPP,5
11397,ENSG00000171385,KCND3,7
11398,ENSG00000171388,APLN,1
11399,ENSG00000171403,KRT9,1
11400,ENSG00000171408,PDE7B,0
11401,ENSG00000171421,MRPL36,100
11402,ENSG00000171431,KRT20,1
11403,ENSG00000171433,GLOD5,0
11404,ENSG00000171435,KSR2,0
11405,ENSG00000171443,ZNF524,0
11406,ENSG00000171444,MCC,0
11407,ENSG00000171446,KRT27,0
11408,ENSG00000171448,ZBTB26,0
11409,ENSG00000171450,CDK5R2,1
11410,ENSG00000171451,DSEL,0
11411,ENSG00000171453,POLR1C,25
11412,ENSG00000171456,ASXL1,33
11413,ENSG00000171462,DLK2,0
11414,ENSG00000171467,ZNF318,0
11415,ENSG00000171475,WIPF2,6
11416,ENSG00000171476,HOPX,1
11417,ENSG00000171488,LRRC8C,2
11418,ENSG00000171490,RSL1D1,44
11419,ENSG00000171492,LRRC8D,2
11420,ENSG00000171495,MROH2B,0
11421,ENSG00000171497,PPID,16
11422,ENSG00000171501,OR1N2,0
11423,ENSG00000171503,ETFDH,0
11424,ENSG00000171509,RXFP1,8
11425,ENSG00000171517,LPAR3,8
11426,ENSG00000171522,PTGER4,3
11427,ENSG00000171530,TBCA,0
11428,ENSG00000171532,NEUROD2,0
11429,ENSG00000171533,MAP6,0
11430,ENSG00000171540,OTP,0
11431,ENSG00000171551,ECEL1,0
11432,ENSG00000171552,BCL2L1,35
11433,ENSG00000171557,FGG,9
11434,ENSG00000171561,OR2AT4,0
11435,ENSG00000171564,FGB,10
11436,ENSG00000171566,PLRG1,88
11437,ENSG00000171587,DSCAM,3
11438,ENSG00000171595,DNAI2,13
11439,ENSG00000171596,NMUR1,5
11440,ENSG00000171603,CLSTN1,3
11441,ENSG00000171604,CXXC5,2
11442,ENSG00000171608,PIK3CD,15
11443,ENSG00000171612,SLC25A33,0
11444,ENSG00000171617,ENC1,31
11445,ENSG00000171621,SPSB1,3
11446,ENSG00000171631,P2RY6,0
11447,ENSG00000171634,BPTF,13
11448,ENSG00000171643,S100Z,0
11449,ENSG00000171649,ZIK1,0
11450,ENSG00000171657,GPR82,0
11451,ENSG00000171659,GPR34,0
11452,ENSG00000171680,PLEKHG5,2
11453,ENSG00000171681,ATF7IP,1
11454,ENSG00000171695,LKAAEAR1,0
11455,ENSG00000171700,RGS19,4
11456,ENSG00000171703,TCEA2,37
11457,ENSG00000171714,ANO5,0
11458,ENSG00000171720,HDAC3,31
11459,ENSG00000171722,SPATA46,0
11460,ENSG00000171723,GPHN,9
11461,ENSG00000171724,VAT1L,0
11462,ENSG00000171729,TMEM51,0
11463,ENSG00000171735,CAMTA1,0
11464,ENSG00000171747,LGALS4,1
11465,ENSG00000171757,LRRC34,0
11466,ENSG00000171759,PAH,0
11467,ENSG00000171763,AFG2B,1
11468,ENSG00000171766,GATM,0
11469,ENSG00000171772,SYCE1,4
11470,ENSG00000171773,NXNL1,0
11471,ENSG00000171777,RASGRP4,1
11472,ENSG00000171786,NHLH1,0
11473,ENSG00000171790,SLFNL1,0
11474,ENSG00000171791,BCL2,63
11475,ENSG00000171792,RHNO1,7
11476,ENSG00000171793,CTPS1,1
11477,ENSG00000171798,KNDC1,12
11478,ENSG00000171806,METTL18,0
11479,ENSG00000171811,CFAP46,0
11480,ENSG00000171812,COL8A2,3
11481,ENSG00000171813,PWWP2B,0
11482,ENSG00000171815,PCDHB1,0
11483,ENSG00000171819,ANGPTL7,0
11484,ENSG00000171823,FBXL14,2
11485,ENSG00000171824,EXOSC10,74
11486,ENSG00000171840,NINJ2,0
11487,ENSG00000171843,MLLT3,52
11488,ENSG00000171848,RRM2,3
11489,ENSG00000171853,TRAPPC12,13
11490,ENSG00000171858,RPS21,117
11491,ENSG00000171860,C3AR1,2
11492,ENSG00000171861,MRM3,46
11493,ENSG00000171863,RPS7,163
11494,ENSG00000171864,PRND,0
11495,ENSG00000171865,RNASEH1,0
11496,ENSG00000171867,PRNP,12
11497,ENSG00000171873,ADRA1D,2
11498,ENSG00000171877,FRMD5,0
11499,ENSG00000171885,AQP4,0
11500,ENSG00000171914,TLN2,33
11501,ENSG00000171940,ZNF217,9
11502,ENSG00000171951,SCG2,0
11503,ENSG00000171953,ATPAF2,2
11504,ENSG00000171954,CYP4F22,0
11505,ENSG00000171956,FOXB1,0
11506,ENSG00000171962,DRC3,0
11507,ENSG00000171984,SHLD1,3
11508,ENSG00000171988,JMJD1C,0
11509,ENSG00000171989,LDHAL6B,0
11510,ENSG00000171992,SYNPO,5
11511,ENSG00000172005,MAL,0
11512,ENSG00000172007,RAB33B,4
11513,ENSG00000172009,THOP1,1
11514,ENSG00000172020,GAP43,3
11515,ENSG00000172031,EPHX4,0
11516,ENSG00000172037,LAMB2,9
11517,ENSG00000172046,USP19,3
11518,ENSG00000172053,QARS1,17
11519,ENSG00000172057,ORMDL3,7
11520,ENSG00000172058,SERF1A,0
11521,ENSG00000172059,KLF11,1
11522,ENSG00000172061,LRRC15,0
11523,ENSG00000172071,EIF2AK3,2
11524,ENSG00000172073,SPMIP9,0
11525,ENSG00000172081,MOB3A,0
11526,ENSG00000172086,KRCC1,0
11527,ENSG00000172113,NME6,8
11528,ENSG00000172137,CALB2,0
11529,ENSG00000172139,SLC9C1,0
11530,ENSG00000172154,OR8I2,0
11531,ENSG00000172156,CCL11,22
11532,ENSG00000172159,FRMD3,0
11533,ENSG00000172164,SNTB1,8
11534,ENSG00000172167,MTBP,2
11535,ENSG00000172171,TEFM,1
11536,ENSG00000172172,MRPL13,106
11537,ENSG00000172175,MALT1,9
11538,ENSG00000172197,MBOAT1,9
11539,ENSG00000172199,OR8U1,0
11540,ENSG00000172201,ID4,4
11541,ENSG00000172209,GPR22,0
11542,ENSG00000172215,CXCR6,8
11543,ENSG00000172216,CEBPB,25
11544,ENSG00000172238,ATOH1,0
11545,ENSG00000172239,PAIP1,12
11546,ENSG00000172244,C5orf34,0
11547,ENSG00000172247,C1QTNF4,0
11548,ENSG00000172260,NEGR1,1
11549,ENSG00000172262,ZNF131,0
11550,ENSG00000172264,MACROD2,0
11551,ENSG00000172269,DPAGT1,2
11552,ENSG00000172270,BSG,21
11553,ENSG00000172273,HINFP,0
11554,ENSG00000172289,OR10V1,0
11555,ENSG00000172292,CERS6,8
11556,ENSG00000172296,SPTLC3,7
11557,ENSG00000172318,B3GALT1,2
11558,ENSG00000172320,OR5A1,0
11559,ENSG00000172324,OR5A2,0
11560,ENSG00000172331,BPGM,0
11561,ENSG00000172336,POP7,34
11562,ENSG00000172339,ALG14,2
11563,ENSG00000172340,SUCLG2,4
11564,ENSG00000172345,STARD5,0
11565,ENSG00000172346,CSDC2,0
11566,ENSG00000172348,RCAN2,0
11567,ENSG00000172349,IL16,2
11568,ENSG00000172350,ABCG4,0
11569,ENSG00000172354,GNB2,26
11570,ENSG00000172366,MCRIP2,0
11571,ENSG00000172367,NHERF4,0
11572,ENSG00000172375,C2CD2L,0
11573,ENSG00000172379,ARNT2,8
11574,ENSG00000172380,GNG12,8
11575,ENSG00000172382,PRSS27,0
11576,ENSG00000172399,MYOZ2,2
11577,ENSG00000172403,SYNPO2,0
11578,ENSG00000172404,DNAJB7,0
11579,ENSG00000172409,CLP1,32
11580,ENSG00000172410,INSL5,3
11581,ENSG00000172421,EFCAB3,0
11582,ENSG00000172425,TTC36,0
11583,ENSG00000172426,RSPH9,0
11584,ENSG00000172432,GTPBP2,0
11585,ENSG00000172456,FGGY,0
11586,ENSG00000172458,IL17D,0
11587,ENSG00000172459,OR5AR1,0
11588,ENSG00000172461,FUT9,1
11589,ENSG00000172464,OR5AP2,0
11590,ENSG00000172465,TCEAL1,0
11591,ENSG00000172466,ZNF24,1
11592,ENSG00000172469,MANEA,0
11593,ENSG00000172478,MAB21L4,0
11594,ENSG00000172482,AGXT,7
11595,ENSG00000172493,AFF1,39
11596,ENSG00000172497,ACOT12,0
11597,ENSG00000172500,FIBP,1
11598,ENSG00000172508,CARNS1,2
11599,ENSG00000172530,BANP,2
11600,ENSG00000172531,PPP1CA,29
11601,ENSG00000172534,HCFC1,71
11602,ENSG00000172543,CTSW,0
11603,ENSG00000172548,NIPAL4,0
11604,ENSG00000172554,SNTG2,13
11605,ENSG00000172568,FNDC9,0
11606,ENSG00000172572,PDE3A,1
11607,ENSG00000172575,RASGRP1,1
11608,ENSG00000172578,KLHL6,0
11609,ENSG00000172586,CHCHD1,87
11610,ENSG00000172590,MRPL52,98
11611,ENSG00000172594,SMPDL3A,0
11612,ENSG00000172602,RND1,13
11613,ENSG00000172613,RAD9A,23
11614,ENSG00000172638,EFEMP2,1
11615,ENSG00000172663,TMEM134,0
11616,ENSG00000172667,ZMAT3,0
11617,ENSG00000172671,ZFAND4,0
11618,ENSG00000172673,THEMIS,14
11619,ENSG00000172680,MOS,0
11620,ENSG00000172717,GARIN2,0
11621,ENSG00000172724,CCL19,15
11622,ENSG00000172725,CORO1B,1
11623,ENSG00000172728,FUT10,0
11624,ENSG00000172731,LRRC20,0
11625,ENSG00000172732,MUS81,6
11626,ENSG00000172733,PURG,0
11627,ENSG00000172752,COL6A5,0
11628,ENSG00000172757,CFL1,17
11629,ENSG00000172765,TMCC1,0
11630,ENSG00000172766,NAA16,7
11631,ENSG00000172775,PSME3IP1,34
11632,ENSG00000172780,RAB43,1
11633,ENSG00000172782,FADS6,0
11634,ENSG00000172789,HOXC5,10
11635,ENSG00000172794,RAB37,0
11636,ENSG00000172795,DCP2,24
11637,ENSG00000172803,SNX32,4
11638,ENSG00000172809,RPL38,106
11639,ENSG00000172817,CYP7B1,0
11640,ENSG00000172818,OVOL1,0
11641,ENSG00000172819,RARG,6
11642,ENSG00000172824,CES4A,0
11643,ENSG00000172830,SSH3,2
11644,ENSG00000172840,PDP2,1
11645,ENSG00000172845,SP3,1
11646,ENSG00000172867,KRT2,3
11647,ENSG00000172869,DMXL1,1
11648,ENSG00000172878,METAP1D,0
11649,ENSG00000172889,EGFL7,0
11650,ENSG00000172890,NADSYN1,0
11651,ENSG00000172893,DHCR7,0
11652,ENSG00000172901,LVRN,0
11653,ENSG00000172915,NBEA,3
11654,ENSG00000172922,RNASEH2C,2
11655,ENSG00000172932,ANKRD13D,0
11656,ENSG00000172935,MRGPRF,0
11657,ENSG00000172936,MYD88,0
11658,ENSG00000172938,MRGPRD,3
11659,ENSG00000172939,OXSR1,0
11660,ENSG00000172943,PHF8,6
11661,ENSG00000172954,LCLAT1,13
11662,ENSG00000172955,ADH6,0
11663,ENSG00000172977,KAT5,75
11664,ENSG00000172985,SH3RF3,0
11665,ENSG00000172986,GXYLT2,1
11666,ENSG00000172987,HPSE2,1
11667,ENSG00000172992,DCAKD,0
11668,ENSG00000172995,ARPP21,0
11669,ENSG00000173011,TADA2B,35
11670,ENSG00000173020,GRK2,18
11671,ENSG00000173039,RELA,59
11672,ENSG00000173040,EVC2,2
11673,ENSG00000173064,HECTD4,0
11674,ENSG00000173065,FAM222B,0
11675,ENSG00000173068,BNC2,0
11676,ENSG00000173080,RXFP4,8
11677,ENSG00000173083,HPSE,2
11678,ENSG00000173085,COQ2,0
11679,ENSG00000173113,TRMT112,36
11680,ENSG00000173114,LRRN3,0
11681,ENSG00000173120,KDM2A,2
11682,ENSG00000173137,ADCK5,0
11683,ENSG00000173141,MRPL57,97
11684,ENSG00000173145,NOC3L,16
11685,ENSG00000173153,ESRRA,6
11686,ENSG00000173156,RHOD,9
11687,ENSG00000173157,ADAMTS20,0
11688,ENSG00000173166,RAPH1,2
11689,ENSG00000173171,MTX1,14
11690,ENSG00000173175,ADCY5,5
11691,ENSG00000173193,PARP14,0
11692,ENSG00000173198,CYSLTR1,0
11693,ENSG00000173207,CKS1B,21
11694,ENSG00000173208,ABCD2,3
11695,ENSG00000173210,ABLIM3,0
11696,ENSG00000173212,MAB21L3,0
11697,ENSG00000173218,VANGL1,9
11698,ENSG00000173221,GLRX,1
11699,ENSG00000173226,IQCB1,4
11700,ENSG00000173227,SYT12,0
11701,ENSG00000173230,GOLGB1,2
11702,ENSG00000173237,C11orf86,0
11703,ENSG00000173239,LIPM,0
11704,ENSG00000173250,GPR151,1
11705,ENSG00000173253,DMRT2,0
11706,ENSG00000173258,ZNF483,0
11707,ENSG00000173261,PLAC8L1,0
11708,ENSG00000173264,GPR137,0
11709,ENSG00000173267,SNCG,0
11710,ENSG00000173269,MMRN2,1
11711,ENSG00000173273,TNKS,9
11712,ENSG00000173275,ZNF449,0
11713,ENSG00000173276,ZBTB21,0
11714,ENSG00000173281,PPP1R3B,8
11715,ENSG00000173285,OR10K1,0
11716,ENSG00000173320,STOX2,0
11717,ENSG00000173327,MAP3K11,4
11718,ENSG00000173334,TRIB1,2
11719,ENSG00000173338,KCNK7,0
11720,ENSG00000173349,SFT2D3,0
11721,ENSG00000173369,C1QB,0
11722,ENSG00000173372,C1QA,1
11723,ENSG00000173376,NDNF,0
11724,ENSG00000173389,IQCF1,0
11725,ENSG00000173402,DAG1,0
11726,ENSG00000173404,INSM1,2
11727,ENSG00000173406,DAB1,3
11728,ENSG00000173409,ARV1,0
11729,ENSG00000173418,NAA20,3
11730,ENSG00000173421,IHO1,3
11731,ENSG00000173436,MICOS10,18
11732,ENSG00000173442,EHBP1L1,0
11733,ENSG00000173451,THAP2,0
11734,ENSG00000173457,PPP1R14B,0
11735,ENSG00000173465,ZNRD2,0
11736,ENSG00000173467,AGR3,0
11737,ENSG00000173473,SMARCC1,39
11738,ENSG00000173482,PTPRM,0
11739,ENSG00000173511,VEGFB,10
11740,ENSG00000173517,PEAK1,0
11741,ENSG00000173531,MST1,2
11742,ENSG00000173540,GMPPB,1
11743,ENSG00000173542,MOB1B,3
11744,ENSG00000173545,ZNF622,30
11745,ENSG00000173546,CSPG4,2
11746,ENSG00000173548,SNX33,2
11747,ENSG00000173557,CIMIP2C,31
11748,ENSG00000173559,NABP1,4
11749,ENSG00000173567,ADGRF3,0
11750,ENSG00000173575,CHD2,0
11751,ENSG00000173578,XCR1,4
11752,ENSG00000173581,CCDC106,0
11753,ENSG00000173585,CCR9,7
11754,ENSG00000173588,CEP83,3
11755,ENSG00000173597,SULT1B1,0
11756,ENSG00000173599,PC,5
11757,ENSG00000173610,UGT2A1,0
11758,ENSG00000173611,SCAI,1
11759,ENSG00000173612,GPRC6A,1
11760,ENSG00000173614,NMNAT1,4
11761,ENSG00000173621,LRFN4,1
11762,ENSG00000173626,TRAPPC3L,12
11763,ENSG00000173627,APOBEC4,0
11764,ENSG00000173638,SLC19A1,0
11765,ENSG00000173641,HSPB7,3
11766,ENSG00000173653,RCE1,0
11767,ENSG00000173662,TAS1R1,2
11768,ENSG00000173673,HES3,0
11769,ENSG00000173681,BCLAF3,0
11770,ENSG00000173692,PSMD1,43
11771,ENSG00000173698,ADGRG2,0
11772,ENSG00000173705,SUSD5,0
11773,ENSG00000173706,HEG1,2
11774,ENSG00000173714,WFIKKN2,2
11775,ENSG00000173726,TOMM20,10
11776,ENSG00000173728,SPMIP3,0
11777,ENSG00000173744,AGFG1,0
11778,ENSG00000173757,STAT5B,27
11779,ENSG00000173769,TOPAZ1,0
11780,ENSG00000173786,CNP,0
11781,ENSG00000173801,JUP,24
11782,ENSG00000173805,HAP1,28
11783,ENSG00000173809,TDRD12,6
11784,ENSG00000173812,EIF1,50
11785,ENSG00000173818,ENDOV,0
11786,ENSG00000173821,RNF213,0
11787,ENSG00000173825,TIGD3,1
11788,ENSG00000173826,KCNH6,1
11789,ENSG00000173838,MARCHF10,0
11790,ENSG00000173846,PLK3,3
11791,ENSG00000173848,NET1,1
11792,ENSG00000173852,DPY19L1,0
11793,ENSG00000173868,PHOSPHO1,2
11794,ENSG00000173875,ZNF791,0
11795,ENSG00000173889,PHC3,49
11796,ENSG00000173890,GPR160,0
11797,ENSG00000173894,CBX2,54
11798,ENSG00000173898,SPTBN2,9
11799,ENSG00000173905,GOLIM4,0
11800,ENSG00000173908,KRT28,0
11801,ENSG00000173914,RBM4B,0
11802,ENSG00000173915,ATP5MK,16
11803,ENSG00000173917,HOXB2,0
11804,ENSG00000173918,C1QTNF1,1
11805,ENSG00000173926,MARCHF3,0
11806,ENSG00000173928,SWSAP1,24
11807,ENSG00000173930,SLCO4C1,0
11808,ENSG00000173933,RBM4,3
11809,ENSG00000173947,CIMAP3,0
11810,ENSG00000173950,XXYLT1,0
11811,ENSG00000173960,UBXN2A,10
11812,ENSG00000173991,TCAP,8
11813,ENSG00000173992,CCS,3
11814,ENSG00000174004,NRROS,1
11815,ENSG00000174007,CEP19,1
11816,ENSG00000174010,KLHL15,1
11817,ENSG00000174013,FBXO45,3
11818,ENSG00000174015,CBY2,0
11819,ENSG00000174016,TENT5D,0
11820,ENSG00000174021,GNG5,9
11821,ENSG00000174032,SLC25A30,0
11822,ENSG00000174059,CD34,22
11823,ENSG00000174080,CTSF,0
11824,ENSG00000174099,MSRB3,0
11825,ENSG00000174106,LEMD3,7
11826,ENSG00000174109,UQCC4,0
11827,ENSG00000174125,TLR1,8
11828,ENSG00000174130,TLR6,0
11829,ENSG00000174132,FAM174A,0
11830,ENSG00000174136,RGMB,9
11831,ENSG00000174137,FAM53A,0
11832,ENSG00000174145,NWD2,0
11833,ENSG00000174151,CYB561D1,0
11834,ENSG00000174165,ZDHHC24,0
11835,ENSG00000174173,TRMT10C,2
11836,ENSG00000174175,SELP,13
11837,ENSG00000174177,CTU2,2
11838,ENSG00000174197,MGA,29
11839,ENSG00000174206,KICS2,8
11840,ENSG00000174226,SNX31,0
11841,ENSG00000174227,PIGG,1
11842,ENSG00000174231,PRPF8,111
11843,ENSG00000174233,ADCY6,5
11844,ENSG00000174236,REP15,2
11845,ENSG00000174238,PITPNA,0
11846,ENSG00000174243,DDX23,46
11847,ENSG00000174276,ZNHIT2,2
11848,ENSG00000174279,EVX2,0
11849,ENSG00000174282,ZBTB4,1
11850,ENSG00000174292,TNK1,0
11851,ENSG00000174306,ZHX3,0
11852,ENSG00000174307,PHLDA3,0
11853,ENSG00000174326,SLC16A11,0
11854,ENSG00000174327,SLC16A13,0
11855,ENSG00000174332,GLIS1,0
11856,ENSG00000174343,CHRNA9,11
11857,ENSG00000174348,PODN,0
11858,ENSG00000174358,SLC6A19,2
11859,ENSG00000174371,EXO1,12
11860,ENSG00000174373,RALGAPA1,0
11861,ENSG00000174405,LIG4,24
11862,ENSG00000174417,TRHR,5
11863,ENSG00000174429,ABRA,0
11864,ENSG00000174437,ATP2A2,20
11865,ENSG00000174442,ZWILCH,3
11866,ENSG00000174444,RPL4,103
11867,ENSG00000174446,SNAPC5,8
11868,ENSG00000174448,STARD6,0
11869,ENSG00000174453,VWC2L,0
11870,ENSG00000174469,CNTNAP2,5
11871,ENSG00000174473,GALNTL6,0
11872,ENSG00000174482,LINGO2,0
11873,ENSG00000174483,BBS1,12
11874,ENSG00000174485,DENND4A,0
11875,ENSG00000174498,IGDCC3,0
11876,ENSG00000174500,GCSAM,0
11877,ENSG00000174502,SLC26A9,1
11878,ENSG00000174514,MFSD4A,0
11879,ENSG00000174516,PELI3,3
11880,ENSG00000174521,TTC9B,0
11881,ENSG00000174527,MYO1H,0
11882,ENSG00000174529,TMEM81,0
11883,ENSG00000174547,MRPL11,103
11884,ENSG00000174562,KLK15,0
11885,ENSG00000174564,IL20RB,6
11886,ENSG00000174567,GOLT1A,0
11887,ENSG00000174574,AKIRIN1,0
11888,ENSG00000174576,NPAS4,4
11889,ENSG00000174579,MSL2,29
11890,ENSG00000174599,TRAM1L1,1
11891,ENSG00000174600,CMKLR1,1
11892,ENSG00000174606,ANGEL2,0
11893,ENSG00000174607,UGT8,1
11894,ENSG00000174611,KY,0
11895,ENSG00000174628,IQCK,0
11896,ENSG00000174640,SLCO2A1,1
11897,ENSG00000174669,SLC29A2,2
11898,ENSG00000174672,BRSK2,0
11899,ENSG00000174684,B4GAT1,2
11900,ENSG00000174695,TMEM167A,0
11901,ENSG00000174697,LEP,12
11902,ENSG00000174705,SH3PXD2B,3
11903,ENSG00000174721,FGFBP3,0
11904,ENSG00000174738,NR1D2,2
11905,ENSG00000174740,PABPC5,1
11906,ENSG00000174744,BRMS1,14
11907,ENSG00000174748,RPL15,101
11908,ENSG00000174749,FAM241A,0
11909,ENSG00000174775,HRAS,29
11910,ENSG00000174776,WDR49,0
11911,ENSG00000174780,SRP72,31
11912,ENSG00000174788,PCP2,0
11913,ENSG00000174791,RIN1,1
11914,ENSG00000174792,ODAPH,0
11915,ENSG00000174799,CEP135,3
11916,ENSG00000174804,FZD4,21
11917,ENSG00000174807,CD248,1
11918,ENSG00000174808,BTC,5
11919,ENSG00000174827,PDZK1,10
11920,ENSG00000174837,ADGRE1,0
11921,ENSG00000174839,DENND6A,0
11922,ENSG00000174840,PDE12,0
11923,ENSG00000174842,GLMN,72
11924,ENSG00000174844,DNAH12,0
11925,ENSG00000174851,YIF1A,0
11926,ENSG00000174871,CNIH2,22
11927,ENSG00000174885,NLRP6,8
11928,ENSG00000174886,NDUFA11,61
11929,ENSG00000174891,RSRC1,1
11930,ENSG00000174903,RAB1B,11
11931,ENSG00000174914,OR9G1,0
11932,ENSG00000174915,PTDSS2,0
11933,ENSG00000174917,MICOS13,19
11934,ENSG00000174928,C3orf33,0
11935,ENSG00000174938,SEZ6L2,0
11936,ENSG00000174939,ASPHD1,0
11937,ENSG00000174943,KCTD13,34
11938,ENSG00000174944,P2RY14,0
11939,ENSG00000174945,AMZ1,0
11940,ENSG00000174946,GPR171,0
11941,ENSG00000174948,GPR149,0
11942,ENSG00000174950,CD164L2,0
11943,ENSG00000174951,FUT1,0
11944,ENSG00000174953,DHX36,4
11945,ENSG00000174957,OR5J2,0
11946,ENSG00000174963,ZIC4,0
11947,ENSG00000174989,FBXW8,4
11948,ENSG00000174990,CA5A,1
11949,ENSG00000174992,ZG16,0
11950,ENSG00000174996,KLC2,16
11951,ENSG00000175003,SLC22A1,0
11952,ENSG00000175018,TEX36,0
11953,ENSG00000175040,CHST2,1
11954,ENSG00000175048,ZDHHC14,0
11955,ENSG00000175054,ATR,14
11956,ENSG00000175063,UBE2C,41
11957,ENSG00000175065,DSG4,0
11958,ENSG00000175066,GK5,0
11959,ENSG00000175073,VCPIP1,8
11960,ENSG00000175077,RTP1,0
11961,ENSG00000175084,DES,4
11962,ENSG00000175087,PDIK1L,0
11963,ENSG00000175093,SPSB4,1
11964,ENSG00000175097,RAG2,0
11965,ENSG00000175104,TRAF6,103
11966,ENSG00000175105,ZNF654,0
11967,ENSG00000175110,MRPS22,93
11968,ENSG00000175115,PACS1,3
11969,ENSG00000175121,WFDC5,0
11970,ENSG00000175130,MARCKSL1,4
11971,ENSG00000175137,SH3BP5L,0
11972,ENSG00000175143,OR2T1,0
11973,ENSG00000175155,YPEL2,0
11974,ENSG00000175161,CADM2,1
11975,ENSG00000175164,ABO,0
11976,ENSG00000175166,PSMD2,45
11977,ENSG00000175175,PPM1E,0
11978,ENSG00000175182,FAM131A,0
11979,ENSG00000175183,CSRP2,0
11980,ENSG00000175189,INHBC,0
11981,ENSG00000175193,PARL,2
11982,ENSG00000175197,DDIT3,4
11983,ENSG00000175198,PCCA,4
11984,ENSG00000175203,DCTN2,23
11985,ENSG00000175206,NPPA,5
11986,ENSG00000175213,ZNF408,0
11987,ENSG00000175215,CTDSP2,0
11988,ENSG00000175216,CKAP5,7
11989,ENSG00000175220,ARHGAP1,2
11990,ENSG00000175221,MED16,72
11991,ENSG00000175224,ATG13,16
11992,ENSG00000175229,GAL3ST3,0
11993,ENSG00000175264,CHST1,0
11994,ENSG00000175267,VWA3A,0
11995,ENSG00000175274,TP53I11,0
11996,ENSG00000175279,CENPS,31
11997,ENSG00000175283,DOLK,0
11998,ENSG00000175287,PHYHD1,0
11999,ENSG00000175305,CCNE2,10
12000,ENSG00000175309,PHYKPL,0
12001,ENSG00000175311,ANKS4B,2
12002,ENSG00000175315,CST6,1
12003,ENSG00000175318,GRAMD2A,0
12004,ENSG00000175324,LSM1,12
12005,ENSG00000175325,PROP1,1
12006,ENSG00000175334,BANF1,10
12007,ENSG00000175336,APOF,5
12008,ENSG00000175348,TMEM9B,0
12009,ENSG00000175352,NRIP3,0
12010,ENSG00000175354,PTPN2,0
12011,ENSG00000175356,SCUBE2,0
12012,ENSG00000175376,EIF1AD,32
12013,ENSG00000175387,SMAD2,53
12014,ENSG00000175390,EIF3F,48
12015,ENSG00000175395,ZNF25,0
12016,ENSG00000175398,OR10P1,0
12017,ENSG00000175414,ARL10,0
12018,ENSG00000175416,CLTB,24
12019,ENSG00000175426,PCSK1,0
12020,ENSG00000175445,LPL,8
12021,ENSG00000175449,RFESD,0
12022,ENSG00000175455,CCDC14,1
12023,ENSG00000175463,TBC1D10C,0
12024,ENSG00000175467,SART1,57
12025,ENSG00000175470,PPP2R2D,21
12026,ENSG00000175471,MCTP1,0
12027,ENSG00000175482,POLD4,5
12028,ENSG00000175485,OR52W1,0
12029,ENSG00000175497,DPP10,3
12030,ENSG00000175505,CLCF1,2
12031,ENSG00000175513,TSGA10IP,0
12032,ENSG00000175514,GPR152,0
12033,ENSG00000175520,UBQLN3,0
12034,ENSG00000175535,PNLIP,7
12035,ENSG00000175536,LIPT2,0
12036,ENSG00000175538,KCNE3,5
12037,ENSG00000175544,CABP4,0
12038,ENSG00000175550,DRAP1,3
12039,ENSG00000175556,LONRF3,0
12040,ENSG00000175564,UCP3,0
12041,ENSG00000175567,UCP2,0
12042,ENSG00000175573,C11orf68,0
12043,ENSG00000175581,MRPL48,95
12044,ENSG00000175582,RAB6A,18
12045,ENSG00000175591,P2RY2,0
12046,ENSG00000175592,FOSL1,7
12047,ENSG00000175595,ERCC4,30
12048,ENSG00000175600,SUGCT,0
12049,ENSG00000175602,CCDC85B,0
12050,ENSG00000175606,TMEM70,3
12051,ENSG00000175634,RPS6KB2,3
12052,ENSG00000175643,RMI2,9
12053,ENSG00000175662,TOM1L2,0
12054,ENSG00000175664,TEX26,0
12055,ENSG00000175697,GPR156,2
12056,ENSG00000175701,MTLN,0
12057,ENSG00000175707,KDF1,0
12058,ENSG00000175711,B3GNTL1,0
12059,ENSG00000175727,MLXIP,2
12060,ENSG00000175745,NR2F1,2
12061,ENSG00000175756,AURKAIP1,92
12062,ENSG00000175764,TTLL11,0
12063,ENSG00000175766,EIF4E1B,15
12064,ENSG00000175782,SLC35E3,0
12065,ENSG00000175785,PRIMA1,0
12066,ENSG00000175787,ZNF169,0
12067,ENSG00000175792,RUVBL1,94
12068,ENSG00000175793,SFN,32
12069,ENSG00000175806,MSRA,0
12070,ENSG00000175826,CTDNEP1,1
12071,ENSG00000175832,ETV4,1
12072,ENSG00000175854,SWI5,0
12073,ENSG00000175857,GAPT,0
12074,ENSG00000175866,BAIAP2,24
12075,ENSG00000175868,CALCB,7
12076,ENSG00000175874,CREG2,0
12077,ENSG00000175877,TMEM270,0
12078,ENSG00000175879,HOXD8,0
12079,ENSG00000175893,ZDHHC21,0
12080,ENSG00000175894,TSPEAR,0
12081,ENSG00000175895,PLEKHF2,0
12082,ENSG00000175899,A2M,18
12083,ENSG00000175906,ARL4D,0
12084,ENSG00000175920,DOK7,2
12085,ENSG00000175928,LRRN1,0
12086,ENSG00000175931,UBE2O,2
12087,ENSG00000175938,ORAI3,4
12088,ENSG00000175946,KLHL38,0
12089,ENSG00000175970,UNC119B,4
12090,ENSG00000175984,DENND2C,0
12091,ENSG00000175985,PLEKHD1,0
12092,ENSG00000176009,ASCL3,0
12093,ENSG00000176014,TUBB6,7
12094,ENSG00000176018,LYSMD3,0
12095,ENSG00000176020,AMIGO3,0
12096,ENSG00000176022,B3GALT6,0
12097,ENSG00000176029,C11orf16,0
12098,ENSG00000176040,TMPRSS7,0
12099,ENSG00000176046,NUPR1,1
12100,ENSG00000176049,JAKMIP2,0
12101,ENSG00000176055,MBLAC2,0
12102,ENSG00000176058,TPRN,17
12103,ENSG00000176076,KCNE5,0
12104,ENSG00000176087,SLC35A4,0
12105,ENSG00000176092,CRYBG2,0
12106,ENSG00000176095,IP6K1,4
12107,ENSG00000176101,SSNA1,1
12108,ENSG00000176102,CSTF3,13
12109,ENSG00000176105,YES1,14
12110,ENSG00000176108,CHMP6,28
12111,ENSG00000176136,MC5R,1
12112,ENSG00000176142,TMEM39A,0
12113,ENSG00000176148,TCP11L1,0
12114,ENSG00000176153,GPX2,7
12115,ENSG00000176155,CCDC57,0
12116,ENSG00000176160,HSF5,0
12117,ENSG00000176165,FOXG1,4
12118,ENSG00000176170,SPHK1,8
12119,ENSG00000176171,BNIP3,10
12120,ENSG00000176177,ENTHD1,0
12121,ENSG00000176182,MYPOP,0
12122,ENSG00000176194,CIDEA,1
12123,ENSG00000176200,OR4D11,0
12124,ENSG00000176204,LRRTM4,2
12125,ENSG00000176208,ATAD5,9
12126,ENSG00000176209,SMIM19,0
12127,ENSG00000176219,OR11H6,0
12128,ENSG00000176225,RTTN,0
12129,ENSG00000176244,ACBD7,0
12130,ENSG00000176248,ANAPC2,44
12131,ENSG00000176256,HMGB4,0
12132,ENSG00000176261,ZBTB8OS,5
12133,ENSG00000176273,SLC35G1,0
12134,ENSG00000176281,OR4K5,0
12135,ENSG00000176302,FOXR1,0
12136,ENSG00000176340,COX8A,13
12137,ENSG00000176371,ZSCAN2,0
12138,ENSG00000176381,PRR18,0
12139,ENSG00000176383,B3GNT4,2
12140,ENSG00000176386,CDC26,42
12141,ENSG00000176387,HSD11B2,1
12142,ENSG00000176390,CRLF3,0
12143,ENSG00000176393,RNPEP,0
12144,ENSG00000176396,EID2,0
12145,ENSG00000176399,DMRTA1,0
12146,ENSG00000176402,GJC3,0
12147,ENSG00000176406,RIMS2,6
12148,ENSG00000176407,KCMF1,2
12149,ENSG00000176410,DNAJC30,0
12150,ENSG00000176422,SPRYD4,0
12151,ENSG00000176428,VPS37D,22
12152,ENSG00000176435,CLEC14A,1
12153,ENSG00000176438,SYNE3,8
12154,ENSG00000176444,CLK2,0
12155,ENSG00000176454,LPCAT4,12
12156,ENSG00000176463,SLCO3A1,0
12157,ENSG00000176472,ZNF575,0
12158,ENSG00000176473,WDR25,0
12159,ENSG00000176476,SGF29,38
12160,ENSG00000176485,PLAAT3,0
12161,ENSG00000176490,DIRAS1,0
12162,ENSG00000176531,PHLDB3,0
12163,ENSG00000176532,PRR15,0
12164,ENSG00000176533,GNG7,11
12165,ENSG00000176540,OR4C5,0
12166,ENSG00000176542,USF3,0
12167,ENSG00000176547,OR4C3,0
12168,ENSG00000176563,CNTD1,0
12169,ENSG00000176567,OR4X1,0
12170,ENSG00000176595,KBTBD11,0
12171,ENSG00000176597,B3GNT5,0
12172,ENSG00000176601,MAP3K19,0
12173,ENSG00000176619,LMNB2,3
12174,ENSG00000176623,RMDN1,0
12175,ENSG00000176624,MEX3C,0
12176,ENSG00000176635,HORMAD2,0
12177,ENSG00000176641,RNF152,1
12178,ENSG00000176658,MYO1D,1
12179,ENSG00000176678,FOXL1,0
12180,ENSG00000176692,FOXC2,0
12181,ENSG00000176697,BDNF,8
12182,ENSG00000176715,ACSF3,0
12183,ENSG00000176720,BOK,1
12184,ENSG00000176731,RBIS,0
12185,ENSG00000176732,PFN4,10
12186,ENSG00000176749,CDK5R1,1
12187,ENSG00000176769,TCERG1L,0
12188,ENSG00000176771,NCKAP5,0
12189,ENSG00000176774,MAGEB18,1
12190,ENSG00000176783,RUFY1,3
12191,ENSG00000176787,OR52E2,0
12192,ENSG00000176788,BASP1,0
12193,ENSG00000176798,OR51L1,0
12194,ENSG00000176834,VSIG10,0
12195,ENSG00000176842,IRX5,0
12196,ENSG00000176845,METRNL,0
12197,ENSG00000176853,FAM91A1,0
12198,ENSG00000176871,WSB2,0
12199,ENSG00000176884,GRIN1,32
12200,ENSG00000176887,SOX11,0
12201,ENSG00000176890,TYMS,0
12202,ENSG00000176893,OR51G2,0
12203,ENSG00000176894,PXMP2,1
12204,ENSG00000176895,OR51A7,0
12205,ENSG00000176896,TCEANC,0
12206,ENSG00000176900,OR51T1,0
12207,ENSG00000176903,PNMA1,0
12208,ENSG00000176907,TCIM,0
12209,ENSG00000176909,MAMSTR,0
12210,ENSG00000176915,ANKLE2,4
12211,ENSG00000176919,C8G,5
12212,ENSG00000176920,FUT2,1
12213,ENSG00000176922,OR51S1,0
12214,ENSG00000176925,OR51F2,0
12215,ENSG00000176927,EFCAB5,0
12216,ENSG00000176928,GCNT4,2
12217,ENSG00000176946,THAP4,0
12218,ENSG00000176953,NFATC2IP,1
12219,ENSG00000176956,LY6H,0
12220,ENSG00000176971,FIBIN,0
12221,ENSG00000176973,FAM89B,0
12222,ENSG00000176974,SHMT1,3
12223,ENSG00000176978,DPP7,0
12224,ENSG00000176979,TRIM60,0
12225,ENSG00000176986,SEC24C,15
12226,ENSG00000176994,SMCR8,17
12227,ENSG00000177000,MTHFR,0
12228,ENSG00000177030,DEAF1,0
12229,ENSG00000177034,MTX3,17
12230,ENSG00000177042,TMEM80,0
12231,ENSG00000177045,SIX5,1
12232,ENSG00000177051,FBXO46,0
12233,ENSG00000177054,ZDHHC13,1
12234,ENSG00000177058,SLC38A9,14
12235,ENSG00000177076,ACER2,7
12236,ENSG00000177082,WDR73,0
12237,ENSG00000177084,POLE,40
12238,ENSG00000177096,PHETA2,0
12239,ENSG00000177098,SCN4B,15
12240,ENSG00000177103,DSCAML1,1
12241,ENSG00000177105,RHOG,7
12242,ENSG00000177106,EPS8L2,10
12243,ENSG00000177108,ZDHHC22,0
12244,ENSG00000177119,ANO6,1
12245,ENSG00000177125,ZBTB34,0
12246,ENSG00000177143,CETN1,1
12247,ENSG00000177150,FAM210A,0
12248,ENSG00000177156,TALDO1,0
12249,ENSG00000177169,ULK1,21
12250,ENSG00000177181,RIMKLA,2
12251,ENSG00000177182,CLVS1,0
12252,ENSG00000177189,RPS6KA3,2
12253,ENSG00000177191,B3GNT8,0
12254,ENSG00000177192,PUS1,0
12255,ENSG00000177200,CHD9,3
12256,ENSG00000177202,SPACA4,0
12257,ENSG00000177225,GATD1,2
12258,ENSG00000177238,TRIM72,5
12259,ENSG00000177239,MAN1B1,0
12260,ENSG00000177272,KCNA3,5
12261,ENSG00000177283,FZD8,13
12262,ENSG00000177291,GJD4,0
12263,ENSG00000177294,FBXO39,0
12264,ENSG00000177301,KCNA2,11
12265,ENSG00000177302,TOP3A,21
12266,ENSG00000177303,CASKIN2,0
12267,ENSG00000177311,ZBTB38,1
12268,ENSG00000177352,CCDC71,0
12269,ENSG00000177354,C10orf71,0
12270,ENSG00000177363,LRRN4CL,0
12271,ENSG00000177370,TIMM22,4
12272,ENSG00000177374,HIC1,1
12273,ENSG00000177380,PPFIA3,5
12274,ENSG00000177398,UMODL1,0
12275,ENSG00000177409,SAMD9L,0
12276,ENSG00000177425,PAWR,3
12277,ENSG00000177426,TGIF1,5
12278,ENSG00000177427,MIEF2,3
12279,ENSG00000177432,NAP1L5,0
12280,ENSG00000177453,NIM1K,0
12281,ENSG00000177455,CD19,16
12282,ENSG00000177459,ERICH5,0
12283,ENSG00000177463,NR2C2,4
12284,ENSG00000177464,GPR4,0
12285,ENSG00000177465,ACOT4,8
12286,ENSG00000177468,OLIG3,0
12287,ENSG00000177469,CAVIN1,3
12288,ENSG00000177479,ARIH2,3
12289,ENSG00000177483,RBM44,0
12290,ENSG00000177485,ZBTB33,2
12291,ENSG00000177508,IRX3,0
12292,ENSG00000177511,ST8SIA3,0
12293,ENSG00000177519,RPRM,0
12294,ENSG00000177535,OR2B11,0
12295,ENSG00000177542,SLC25A22,0
12296,ENSG00000177548,RABEP2,0
12297,ENSG00000177551,NHLH2,0
12298,ENSG00000177556,ATOX1,2
12299,ENSG00000177565,TBL1XR1,14
12300,ENSG00000177570,SAMD12,0
12301,ENSG00000177575,CD163,4
12302,ENSG00000177576,C18orf32,0
12303,ENSG00000177595,PIDD1,4
12304,ENSG00000177602,HASPIN,0
12305,ENSG00000177606,JUN,67
12306,ENSG00000177613,CSTF2T,10
12307,ENSG00000177614,PGBD5,0
12308,ENSG00000177628,GBA1,5
12309,ENSG00000177646,ACAD9,11
12310,ENSG00000177663,IL17RA,10
12311,ENSG00000177666,PNPLA2,10
12312,ENSG00000177669,MBOAT4,0
12313,ENSG00000177674,AGTRAP,0
12314,ENSG00000177679,SRRM3,0
12315,ENSG00000177685,CRACR2B,0
12316,ENSG00000177692,DNAJC28,0
12317,ENSG00000177694,NAALADL2,0
12318,ENSG00000177697,CD151,18
12319,ENSG00000177700,POLR2L,111
12320,ENSG00000177706,FAM20C,6
12321,ENSG00000177707,NECTIN3,7
12322,ENSG00000177728,TMEM94,0
12323,ENSG00000177731,FLII,1
12324,ENSG00000177732,SOX12,2
12325,ENSG00000177733,HNRNPA0,0
12326,ENSG00000177752,YIPF7,0
12327,ENSG00000177791,MYOZ1,4
12328,ENSG00000177807,KCNJ10,1
12329,ENSG00000177830,CHID1,0
12330,ENSG00000177853,ZNF518A,0
12331,ENSG00000177868,SVBP,6
12332,ENSG00000177875,CCDC184,0
12333,ENSG00000177879,AP3S1,24
12334,ENSG00000177885,GRB2,145
12335,ENSG00000177888,ZBTB41,0
12336,ENSG00000177889,UBE2N,40
12337,ENSG00000177917,ARL6IP6,0
12338,ENSG00000177932,ZNF354C,2
12339,ENSG00000177938,CAPZA3,2
12340,ENSG00000177943,MAMDC4,0
12341,ENSG00000177947,CIMAP1A,0
12342,ENSG00000177963,RIC8A,1
12343,ENSG00000177971,IMP3,70
12344,ENSG00000177981,ASB8,0
12345,ENSG00000177989,CIMAP1B,0
12346,ENSG00000177990,DPY19L2,0
12347,ENSG00000177994,C2orf73,0
12348,ENSG00000178026,LRRC75B,0
12349,ENSG00000178028,DMAP1,44
12350,ENSG00000178031,ADAMTSL1,0
12351,ENSG00000178033,CALHM5,0
12352,ENSG00000178035,IMPDH2,2
12353,ENSG00000178038,ALS2CL,0
12354,ENSG00000178053,MLF1,0
12355,ENSG00000178057,NDUFAF3,36
12356,ENSG00000178074,C2orf69,0
12357,ENSG00000178075,GRAMD1C,0
12358,ENSG00000178078,STAP2,2
12359,ENSG00000178093,TSSK6,0
12360,ENSG00000178096,BOLA1,3
12361,ENSG00000178104,PDE4DIP,3
12362,ENSG00000178105,DDX10,1
12363,ENSG00000178125,PPP1R42,0
12364,ENSG00000178127,NDUFV2,63
12365,ENSG00000178149,DALRD3,0
12366,ENSG00000178163,ZNF518B,0
12367,ENSG00000178171,AMER3,0
12368,ENSG00000178172,SPINK6,4
12369,ENSG00000178175,ZNF366,0
12370,ENSG00000178177,LCORL,0
12371,ENSG00000178184,PARD6G,9
12372,ENSG00000178187,ZNF454,0
12373,ENSG00000178188,SH2B1,7
12374,ENSG00000178199,ZC3H12D,0
12375,ENSG00000178202,POGLUT3,0
12376,ENSG00000178209,PLEC,10
12377,ENSG00000178217,SH2D4B,0
12378,ENSG00000178222,RNF212,0
12379,ENSG00000178226,PRSS36,0
12380,ENSG00000178233,TMEM151B,0
12381,ENSG00000178234,GALNT11,0
12382,ENSG00000178235,SLITRK1,2
12383,ENSG00000178252,WDR6,2
12384,ENSG00000178257,PRM3,0
12385,ENSG00000178295,GEN1,0
12386,ENSG00000178297,TMPRSS9,0
12387,ENSG00000178301,AQP11,0
12388,ENSG00000178307,TMEM11,2
12389,ENSG00000178338,ZNF354B,0
12390,ENSG00000178342,KCNG2,0
12391,ENSG00000178343,SHISA3,0
12392,ENSG00000178358,OR2D3,0
12393,ENSG00000178363,CALML3,86
12394,ENSG00000178381,ZFAND2A,0
12395,ENSG00000178385,PLEKHM3,0
12396,ENSG00000178394,HTR1A,8
12397,ENSG00000178395,CCDC185,0
12398,ENSG00000178401,DNAJC22,0
12399,ENSG00000178403,NEUROG2,1
12400,ENSG00000178409,BEND3,1
12401,ENSG00000178425,NT5DC1,0
12402,ENSG00000178445,GLDC,4
12403,ENSG00000178449,COX14,2
12404,ENSG00000178460,MCMDC2,0
12405,ENSG00000178462,TUBAL3,15
12406,ENSG00000178467,P4HTM,1
12407,ENSG00000178473,UCN3,5
12408,ENSG00000178498,DTX3,0
12409,ENSG00000178502,KLHL11,1
12410,ENSG00000178522,AMBN,2
12411,ENSG00000178531,CTXN1,0
12412,ENSG00000178537,SLC25A20,1
12413,ENSG00000178538,CA8,0
12414,ENSG00000178562,CD28,18
12415,ENSG00000178567,EPM2AIP1,0
12416,ENSG00000178568,ERBB4,30
12417,ENSG00000178573,MAF,11
12418,ENSG00000178585,CTNNBIP1,7
12419,ENSG00000178597,PSAPL1,1
12420,ENSG00000178602,OTOS,0
12421,ENSG00000178605,GTPBP6,51
12422,ENSG00000178607,ERN1,30
12423,ENSG00000178623,GPR35,1
12424,ENSG00000178645,C10orf53,0
12425,ENSG00000178662,CSRNP3,0
12426,ENSG00000178685,PARP10,1
12427,ENSG00000178691,SUZ12,41
12428,ENSG00000178694,NSUN3,1
12429,ENSG00000178695,KCTD12,2
12430,ENSG00000178718,RPP25,34
12431,ENSG00000178719,GRINA,0
12432,ENSG00000178726,THBD,4
12433,ENSG00000178732,GP5,10
12434,ENSG00000178741,COX5A,70
12435,ENSG00000178750,STX19,10
12436,ENSG00000178752,ERFE,0
12437,ENSG00000178761,FAM219B,0
12438,ENSG00000178764,ZHX2,0
12439,ENSG00000178772,CPN2,1
12440,ENSG00000178773,CPNE7,0
12441,ENSG00000178776,C5orf46,0
12442,ENSG00000178795,GDPD4,0
12443,ENSG00000178796,RIIAD1,0
12444,ENSG00000178802,MPI,0
12445,ENSG00000178814,OPLAH,0
12446,ENSG00000178821,TMEM52,0
12447,ENSG00000178826,TMEM139,0
12448,ENSG00000178828,RNF186,0
12449,ENSG00000178860,MSC,0
12450,ENSG00000178878,APOLD1,0
12451,ENSG00000178882,RFLNA,0
12452,ENSG00000178896,EXOSC4,21
12453,ENSG00000178904,DPY19L3,0
12454,ENSG00000178913,TAF7,109
12455,ENSG00000178919,FOXE1,0
12456,ENSG00000178921,PFAS,0
12457,ENSG00000178927,CYBC1,0
12458,ENSG00000178950,GAK,7
12459,ENSG00000178951,ZBTB7A,1
12460,ENSG00000178952,TUFM,97
12461,ENSG00000178966,RMI1,15
12462,ENSG00000178971,CTC1,11
12463,ENSG00000178974,FBXO34,0
12464,ENSG00000178980,SELENOW,0
12465,ENSG00000178982,EIF3K,46
12466,ENSG00000178996,SNX18,3
12467,ENSG00000178997,EXD1,2
12468,ENSG00000178999,AURKB,23
12469,ENSG00000179002,TAS1R2,3
12470,ENSG00000179008,C14orf39,0
12471,ENSG00000179021,C3orf38,0
12472,ENSG00000179023,KLHDC7A,0
12473,ENSG00000179029,TMEM107,12
12474,ENSG00000179041,RRS1,11
12475,ENSG00000179044,EXOC3L1,9
12476,ENSG00000179046,TRIML2,0
12477,ENSG00000179051,RCC2,2
12478,ENSG00000179055,OR13D1,0
12479,ENSG00000179059,ZFP42,0
12480,ENSG00000179071,CCDC89,0
12481,ENSG00000179085,DPM3,2
12482,ENSG00000179091,CYC1,67
12483,ENSG00000179094,PER1,7
12484,ENSG00000179097,HTR1F,3
12485,ENSG00000179104,TMTC2,0
12486,ENSG00000179111,HES7,0
12487,ENSG00000179115,FARSA,2
12488,ENSG00000179119,SPTY2D1,0
12489,ENSG00000179134,SAMD4B,0
12490,ENSG00000179144,GIMAP7,0
12491,ENSG00000179148,ALOXE3,0
12492,ENSG00000179151,EDC3,9
12493,ENSG00000179152,TCAIM,0
12494,ENSG00000179163,FUCA1,1
12495,ENSG00000179168,GGN,0
12496,ENSG00000179178,TMEM125,0
12497,ENSG00000179195,ZNF664,0
12498,ENSG00000179218,CALR,28
12499,ENSG00000179222,MAGED1,9
12500,ENSG00000179241,LDLRAD3,0
12501,ENSG00000179242,CDH4,6
12502,ENSG00000179256,SMCO3,0
12503,ENSG00000179262,RAD23A,14
12504,ENSG00000179270,PCARE,0
12505,ENSG00000179271,GADD45GIP1,100
12506,ENSG00000179284,DAND5,1
12507,ENSG00000179292,TMEM151A,0
12508,ENSG00000179295,PTPN11,73
12509,ENSG00000179299,NSUN7,0
12510,ENSG00000179300,RTL3,0
12511,ENSG00000179314,WSCD1,0
12512,ENSG00000179331,RAB39A,0
12513,ENSG00000179335,CLK3,0
12514,ENSG00000179348,GATA2,12
12515,ENSG00000179361,ARID3B,0
12516,ENSG00000179364,PACS2,3
12517,ENSG00000179387,ELMOD2,0
12518,ENSG00000179388,EGR3,4
12519,ENSG00000179399,GPC5,0
12520,ENSG00000179403,VWA1,0
12521,ENSG00000179407,DNAJB8,0
12522,ENSG00000179409,GEMIN4,16
12523,ENSG00000179431,FJX1,0
12524,ENSG00000179454,KLHL28,0
12525,ENSG00000179455,MKRN3,0
12526,ENSG00000179456,ZBTB18,1
12527,ENSG00000179468,OR9A2,0
12528,ENSG00000179476,C14orf28,0
12529,ENSG00000179477,ALOX12B,0
12530,ENSG00000179520,SLC17A8,12
12531,ENSG00000179526,SHARPIN,17
12532,ENSG00000179528,LBX2,0
12533,ENSG00000179532,DNHD1,0
12534,ENSG00000179542,SLITRK4,0
12535,ENSG00000179562,GCC1,2
12536,ENSG00000179564,LSMEM2,0
12537,ENSG00000179580,RNF151,0
12538,ENSG00000179583,CIITA,3
12539,ENSG00000179588,ZFPM1,7
12540,ENSG00000179593,ALOX15B,1
12541,ENSG00000179598,PLD6,0
12542,ENSG00000179600,GPHB5,1
12543,ENSG00000179603,GRM8,2
12544,ENSG00000179604,CDC42EP4,1
12545,ENSG00000179627,ZBTB42,0
12546,ENSG00000179630,LACC1,0
12547,ENSG00000179632,MAF1,0
12548,ENSG00000179636,TPPP2,0
12549,ENSG00000179673,RPRML,0
12550,ENSG00000179674,ARL14,0
12551,ENSG00000179715,PCED1B,0
12552,ENSG00000179751,SYCN,0
12553,ENSG00000179761,PIPOX,3
12554,ENSG00000179772,FOXS1,0
12555,ENSG00000179774,ATOH7,0
12556,ENSG00000179776,CDH5,22
12557,ENSG00000179796,LRRC3B,0
12558,ENSG00000179813,FAM216B,0
12559,ENSG00000179820,MYADM,0
12560,ENSG00000179832,MROH1,0
12561,ENSG00000179833,SERTAD2,0
12562,ENSG00000179846,NKPD1,0
12563,ENSG00000179855,GIPC3,0
12564,ENSG00000179859,RNF227,0
12565,ENSG00000179862,CITED4,1
12566,ENSG00000179869,ABCA13,0
12567,ENSG00000179886,TIGD5,0
12568,ENSG00000179889,PDXDC1,0
12569,ENSG00000179902,CFAP276,31
12570,ENSG00000179912,R3HDM2,0
12571,ENSG00000179913,B3GNT3,2
12572,ENSG00000179915,NRXN1,10
12573,ENSG00000179918,SEPHS2,1
12574,ENSG00000179921,GPBAR1,0
12575,ENSG00000179922,ZNF784,0
12576,ENSG00000179930,ZNF648,0
12577,ENSG00000179933,C14orf119,0
12578,ENSG00000179934,CCR8,12
12579,ENSG00000179941,BBS10,9
12580,ENSG00000179943,FIZ1,0
12581,ENSG00000179950,PUF60,17
12582,ENSG00000179954,SSC5D,0
12583,ENSG00000179958,DCTPP1,1
12584,ENSG00000179965,ZNF771,0
12585,ENSG00000179981,TSHZ1,0
12586,ENSG00000179988,PSTK,0
12587,ENSG00000180008,SOCS4,5
12588,ENSG00000180011,PTGR3,0
12589,ENSG00000180035,ZNF48,0
12590,ENSG00000180042,OR1R1P,0
12591,ENSG00000180044,C3orf80,0
12592,ENSG00000180053,NKX2-6,0
12593,ENSG00000180061,TMEM150B,0
12594,ENSG00000180089,TMEM86B,0
12595,ENSG00000180096,SEPTIN1,10
12596,ENSG00000180098,TRNAU1AP,1
12597,ENSG00000180104,EXOC3,12
12598,ENSG00000180113,TDRD6,3
12599,ENSG00000180116,REDIC1,0
12600,ENSG00000180155,LYNX1,0
12601,ENSG00000180176,TH,3
12602,ENSG00000180182,MED14,78
12603,ENSG00000180185,FAHD1,0
12604,ENSG00000180190,TDRP,0
12605,ENSG00000180198,RCC1,8
12606,ENSG00000180205,WFDC9,0
12607,ENSG00000180209,MYL11,14
12608,ENSG00000180210,F2,17
12609,ENSG00000180228,PRKRA,23
12610,ENSG00000180233,ZNRF2,0
12611,ENSG00000180245,RRH,0
12612,ENSG00000180251,SLC9A4,1
12613,ENSG00000180263,FGD6,0
12614,ENSG00000180269,GPR139,3
12615,ENSG00000180287,PLD5,0
12616,ENSG00000180304,OAZ2,2
12617,ENSG00000180316,PNPLA1,0
12618,ENSG00000180318,ALX1,0
12619,ENSG00000180329,CCDC43,0
12620,ENSG00000180332,KCTD4,0
12621,ENSG00000180336,MEIOC,1
12622,ENSG00000180340,FZD2,17
12623,ENSG00000180346,TIGD2,0
12624,ENSG00000180347,ITPRID1,0
12625,ENSG00000180353,HCLS1,39
12626,ENSG00000180354,MTURN,0
12627,ENSG00000180357,ZNF609,0
12628,ENSG00000180370,PAK2,10
12629,ENSG00000180376,CCDC66,0
12630,ENSG00000180383,DEFB124,0
12631,ENSG00000180398,MCFD2,1
12632,ENSG00000180423,HARBI1,0
12633,ENSG00000180424,DEFB123,0
12634,ENSG00000180425,C11orf71,0
12635,ENSG00000180432,CYP8B1,0
12636,ENSG00000180433,OR6K6,0
12637,ENSG00000180440,SERTM1,0
12638,ENSG00000180447,GAS1,6
12639,ENSG00000180448,ARHGAP45,0
12640,ENSG00000180481,GLIPR1L2,0
12641,ENSG00000180483,DEFB119,0
12642,ENSG00000180488,MIGA1,1
12643,ENSG00000180509,KCNE1,2
12644,ENSG00000180530,NRIP1,13
12645,ENSG00000180535,BHLHA15,0
12646,ENSG00000180537,RNF182,0
12647,ENSG00000180543,TSPYL5,1
12648,ENSG00000180549,FUT7,1
12649,ENSG00000180592,SKIDA1,0
12650,ENSG00000180611,MB21D2,0
12651,ENSG00000180613,GSX2,0
12652,ENSG00000180616,SSTR2,6
12653,ENSG00000180628,PCGF5,32
12654,ENSG00000180644,PRF1,2
12655,ENSG00000180660,MAB21L1,0
12656,ENSG00000180667,YOD1,8
12657,ENSG00000180694,TMEM64,0
12658,ENSG00000180720,CHRM4,0
12659,ENSG00000180730,SHISA2,0
12660,ENSG00000180739,S1PR5,4
12661,ENSG00000180745,CLRN3,0
12662,ENSG00000180758,GPR157,0
12663,ENSG00000180767,CHST13,2
12664,ENSG00000180772,AGTR2,2
12665,ENSG00000180773,SLC36A4,3
12666,ENSG00000180776,ZDHHC20,0
12667,ENSG00000180785,OR51E1,0
12668,ENSG00000180787,ZFP3,0
12669,ENSG00000180801,ARSJ,0
12670,ENSG00000180806,HOXC9,0
12671,ENSG00000180815,MAP3K15,0
12672,ENSG00000180817,PPA1,2
12673,ENSG00000180818,HOXC10,0
12674,ENSG00000180822,PSMG4,2
12675,ENSG00000180828,BHLHE22,0
12676,ENSG00000180834,MAP6D1,0
12677,ENSG00000180875,GREM2,2
12678,ENSG00000180878,C11orf42,0
12679,ENSG00000180879,SSR4,14
12680,ENSG00000180881,CAPS2,0
12681,ENSG00000180891,CUEDC1,0
12682,ENSG00000180900,SCRIB,18
12683,ENSG00000180901,KCTD2,2
12684,ENSG00000180902,D2HGDH,0
12685,ENSG00000180914,OXTR,3
12686,ENSG00000180917,CMTR2,0
12687,ENSG00000180921,FAM83H,0
12688,ENSG00000180929,GPR62,0
12689,ENSG00000180957,PITPNB,0
12690,ENSG00000180964,TCEAL8,0
12691,ENSG00000180974,OR52E4,0
12692,ENSG00000180979,LRRC57,0
12693,ENSG00000180992,MRPL14,98
12694,ENSG00000180998,GPR137C,0
12695,ENSG00000180999,C1orf105,0
12696,ENSG00000181001,OR52N1,0
12697,ENSG00000181004,BBS12,9
12698,ENSG00000181007,ZFP82,0
12699,ENSG00000181009,OR52N5,0
12700,ENSG00000181016,LSMEM1,0
12701,ENSG00000181019,NQO1,3
12702,ENSG00000181026,AEN,0
12703,ENSG00000181027,FKRP,0
12704,ENSG00000181029,TRAPPC5,13
12705,ENSG00000181031,RPH3AL,0
12706,ENSG00000181035,SLC25A42,0
12707,ENSG00000181038,METTL23,0
12708,ENSG00000181045,SLC26A11,0
12709,ENSG00000181061,HIGD1A,2
12710,ENSG00000181072,CHRM2,9
12711,ENSG00000181085,MAPK15,1
12712,ENSG00000181090,EHMT1,7
12713,ENSG00000181092,ADIPOQ,4
12714,ENSG00000181104,F2R,15
12715,ENSG00000181191,PJA1,1
12716,ENSG00000181192,DHTKD1,2
12717,ENSG00000181195,PENK,3
12718,ENSG00000181218,H2AC25,0
12719,ENSG00000181220,ZNF746,1
12720,ENSG00000181222,POLR2A,0
12721,ENSG00000181234,TMEM132C,0
12722,ENSG00000181240,SLC25A41,0
12723,ENSG00000181264,TLCD5,0
12724,ENSG00000181274,FRAT2,4
12725,ENSG00000181284,TMEM102,0
12726,ENSG00000181291,TMEM132E,0
12727,ENSG00000181315,ZNF322,0
12728,ENSG00000181322,NME9,0
12729,ENSG00000181323,SPEM1,0
12730,ENSG00000181333,HEPHL1,0
12731,ENSG00000181350,LRRC75A,0
12732,ENSG00000181371,OR5M8,0
12733,ENSG00000181378,CFAP65,0
12734,ENSG00000181392,SYNE4,4
12735,ENSG00000181396,OGFOD3,0
12736,ENSG00000181409,AATK,0
12737,ENSG00000181418,DDN,1
12738,ENSG00000181444,ZNF467,0
12739,ENSG00000181449,SOX2,20
12740,ENSG00000181467,RAP2B,2
12741,ENSG00000181472,ZBTB2,0
12742,ENSG00000181513,ACBD4,2
12743,ENSG00000181518,OR8D4,0
12744,ENSG00000181523,SGSH,0
12745,ENSG00000181541,MAB21L2,0
12746,ENSG00000181555,SETD2,7
12747,ENSG00000181585,TMIE,4
12748,ENSG00000181588,MEX3D,0
12749,ENSG00000181609,OR52D1,0
12750,ENSG00000181610,MRPS23,93
12751,ENSG00000181616,OR52H1,0
12752,ENSG00000181619,GPR135,0
12753,ENSG00000181631,P2RY13,0
12754,ENSG00000181634,TNFSF15,1
12755,ENSG00000181638,ZFP41,0
12756,ENSG00000181649,PHLDA2,0
12757,ENSG00000181652,ATG9B,1
12758,ENSG00000181656,GPR88,3
12759,ENSG00000181690,PLAG1,0
12760,ENSG00000181704,YIPF6,0
12761,ENSG00000181722,ZBTB20,0
12762,ENSG00000181744,DIPK2A,12
12763,ENSG00000181751,MACIR,0
12764,ENSG00000181754,AMIGO1,0
12765,ENSG00000181773,GPR3,1
12766,ENSG00000181778,TMEM252,0
12767,ENSG00000181781,CIMAP1D,0
12768,ENSG00000181785,OR5AS1,0
12769,ENSG00000181786,ACTL9,0
12770,ENSG00000181788,SIAH2,5
12771,ENSG00000181789,COPG1,16
12772,ENSG00000181790,ADGRB1,2
12773,ENSG00000181803,OR6S1,0
12774,ENSG00000181804,SLC9A9,0
12775,ENSG00000181817,LSM10,10
12776,ENSG00000181826,RELL1,0
12777,ENSG00000181827,RFX7,0
12778,ENSG00000181830,SLC35C1,0
12779,ENSG00000181847,TIGIT,7
12780,ENSG00000181852,RNF41,5
12781,ENSG00000181856,SLC2A4,3
12782,ENSG00000181867,FTMT,0
12783,ENSG00000181873,IBA57,1
12784,ENSG00000181885,CLDN7,21
12785,ENSG00000181894,ZNF329,0
12786,ENSG00000181904,C5orf24,0
12787,ENSG00000181915,ADO,0
12788,ENSG00000181924,COA4,0
12789,ENSG00000181929,PRKAG1,7
12790,ENSG00000181938,GINS3,21
12791,ENSG00000181958,OR4A15,0
12792,ENSG00000181965,NEUROG1,0
12793,ENSG00000181982,CCDC149,0
12794,ENSG00000181991,MRPS11,116
12795,ENSG00000182004,SNRPE,145
12796,ENSG00000182010,RTKN2,0
12797,ENSG00000182013,PNMA8A,0
12798,ENSG00000182022,CHST15,0
12799,ENSG00000182035,ADIG,0
12800,ENSG00000182040,USH1G,4
12801,ENSG00000182050,MGAT4C,0
12802,ENSG00000182054,IDH2,3
12803,ENSG00000182077,PTCHD3,0
12804,ENSG00000182087,TMEM259,1
12805,ENSG00000182095,TNRC18,0
12806,ENSG00000182103,FAM181B,1
12807,ENSG00000182107,TMEM30B,7
12808,ENSG00000182108,DEXI,0
12809,ENSG00000182117,NOP10,32
12810,ENSG00000182118,FAM89A,0
12811,ENSG00000182132,KCNIP1,7
12812,ENSG00000182134,TDRKH,5
12813,ENSG00000182149,IST1,16
12814,ENSG00000182154,MRPL41,101
12815,ENSG00000182156,ENPP7,6
12816,ENSG00000182158,CREB3L2,16
12817,ENSG00000182168,UNC5C,6
12818,ENSG00000182170,MRGPRG,0
12819,ENSG00000182173,TSEN54,7
12820,ENSG00000182175,RGMA,7
12821,ENSG00000182177,ASB18,0
12822,ENSG00000182179,UBA7,8
12823,ENSG00000182180,MRPS16,101
12824,ENSG00000182183,SHISAL2A,0
12825,ENSG00000182185,RAD51B,7
12826,ENSG00000182187,CRYGB,0
12827,ENSG00000182195,LDOC1,0
12828,ENSG00000182196,ARL6IP4,0
12829,ENSG00000182197,EXT1,1
12830,ENSG00000182199,SHMT2,6
12831,ENSG00000182208,MOB2,2
12832,ENSG00000182218,HHIPL1,0
12833,ENSG00000182220,ATP6AP2,28
12834,ENSG00000182224,CYB5D1,0
12835,ENSG00000182240,BACE2,2
12836,ENSG00000182247,UBE2E2,6
12837,ENSG00000182253,SYNM,5
12838,ENSG00000182255,KCNA4,6
12839,ENSG00000182256,GABRG3,8
12840,ENSG00000182261,NLRP10,0
12841,ENSG00000182263,FIGN,0
12842,ENSG00000182271,TMIGD1,0
12843,ENSG00000182272,B4GALNT4,1
12844,ENSG00000182287,AP1S2,26
12845,ENSG00000182307,C8orf33,0
12846,ENSG00000182310,SPACA6,0
12847,ENSG00000182318,ZSCAN22,0
12848,ENSG00000182324,KCNJ14,7
12849,ENSG00000182325,FBXL6,1
12850,ENSG00000182327,GLTPD2,0
12851,ENSG00000182329,KIAA2012,0
12852,ENSG00000182333,LIPF,6
12853,ENSG00000182348,ZNF804B,0
12854,ENSG00000182359,KBTBD3,0
12855,ENSG00000182362,YBEY,1
12856,ENSG00000182372,CLN8,0
12857,ENSG00000182378,PLCXD1,0
12858,ENSG00000182379,NXPH4,0
12859,ENSG00000182389,CACNB4,27
12860,ENSG00000182400,TRAPPC6B,12
12861,ENSG00000182446,NPLOC4,20
12862,ENSG00000182447,OTOL1,0
12863,ENSG00000182450,KCNK4,1
12864,ENSG00000182463,TSHZ2,0
12865,ENSG00000182472,CAPN12,0
12866,ENSG00000182473,EXOC7,14
12867,ENSG00000182489,XKRX,0
12868,ENSG00000182492,BGN,16
12869,ENSG00000182504,CEP97,2
12870,ENSG00000182508,LHFPL1,0
12871,ENSG00000182511,FES,2
12872,ENSG00000182512,GLRX5,3
12873,ENSG00000182521,TBPL2,7
12874,ENSG00000182533,CAV3,32
12875,ENSG00000182541,LIMK2,1
12876,ENSG00000182544,MFSD5,0
12877,ENSG00000182545,RNASE10,0
12878,ENSG00000182551,ADI1,1
12879,ENSG00000182552,RWDD4,0
12880,ENSG00000182557,SPNS3,0
12881,ENSG00000182566,CLEC4G,2
12882,ENSG00000182568,SATB1,2
12883,ENSG00000182575,NXPH3,0
12884,ENSG00000182578,CSF1R,10
12885,ENSG00000182580,EPHB3,5
12886,ENSG00000182585,EPGN,2
12887,ENSG00000182591,KRTAP11-1,0
12888,ENSG00000182600,SNORC,0
12889,ENSG00000182601,HS3ST4,0
12890,ENSG00000182606,TRAK1,9
12891,ENSG00000182612,TSPAN10,0
12892,ENSG00000182613,OR2V2,0
12893,ENSG00000182621,PLCB1,1
12894,ENSG00000182628,SKA2,8
12895,ENSG00000182636,NDN,5
12896,ENSG00000182645,CCDC172,0
12897,ENSG00000182652,OR4Q3,0
12898,ENSG00000182667,NTM,0
12899,ENSG00000182670,TTC3,0
12900,ENSG00000182676,PPP1R27,0
12901,ENSG00000182685,BRICD5,0
12902,ENSG00000182687,GALR2,6
12903,ENSG00000182700,IGIP,0
12904,ENSG00000182704,TSKU,0
12905,ENSG00000182712,CMC4,0
12906,ENSG00000182718,ANXA2,25
12907,ENSG00000182732,RGS6,1
12908,ENSG00000182742,HOXB4,11
12909,ENSG00000182747,SLC35D3,0
12910,ENSG00000182749,PAQR7,0
12911,ENSG00000182752,PAPPA,4
12912,ENSG00000182759,MAFA,0
12913,ENSG00000182768,NGRN,4
12914,ENSG00000182771,GRID1,0
12915,ENSG00000182774,RPS17,155
12916,ENSG00000182791,CCDC87,0
12917,ENSG00000182795,C1orf116,0
12918,ENSG00000182809,CRIP2,0
12919,ENSG00000182810,DDX28,46
12920,ENSG00000182827,ACBD3,6
12921,ENSG00000182831,HAPSTR1,0
12922,ENSG00000182836,PLCXD3,0
12923,ENSG00000182853,VMO1,0
12924,ENSG00000182854,OR4F15,0
12925,ENSG00000182858,ALG12,0
12926,ENSG00000182866,LCK,0
12927,ENSG00000182870,GALNT9,0
12928,ENSG00000182871,COL18A1,6
12929,ENSG00000182872,RBM10,8
12930,ENSG00000182885,ADGRG3,2
12931,ENSG00000182896,TMEM95,0
12932,ENSG00000182901,RGS7,6
12933,ENSG00000182902,SLC25A18,0
12934,ENSG00000182916,TCEAL7,0
12935,ENSG00000182919,C11orf54,0
12936,ENSG00000182923,CEP63,0
12937,ENSG00000182934,SRPRA,31
12938,ENSG00000182938,OTOP3,0
12939,ENSG00000182944,EWSR1,9
12940,ENSG00000182950,CIMAP1C,0
12941,ENSG00000182957,SPATA13,1
12942,ENSG00000182963,GJC1,8
12943,ENSG00000182968,SOX1,1
12944,ENSG00000182973,CNOT10,13
12945,ENSG00000182979,MTA1,15
12946,ENSG00000182985,CADM1,9
12947,ENSG00000182993,C12orf60,0
12948,ENSG00000183010,PYCR1,5
12949,ENSG00000183011,NAA38,8
12950,ENSG00000183018,SPNS2,0
12951,ENSG00000183020,AP2A2,38
12952,ENSG00000183023,SLC8A1,2
12953,ENSG00000183032,SLC25A21,0
12954,ENSG00000183034,OTOP2,0
12955,ENSG00000183044,ABAT,0
12956,ENSG00000183048,SLC25A10,0
12957,ENSG00000183049,CAMK1D,2
12958,ENSG00000183060,LYSMD4,0
12959,ENSG00000183066,WBP2NL,3
12960,ENSG00000183072,NKX2-5,11
12961,ENSG00000183077,AFMID,2
12962,ENSG00000183087,GAS6,6
12963,ENSG00000183090,FREM3,0
12964,ENSG00000183091,NEB,0
12965,ENSG00000183092,BEGAIN,0
12966,ENSG00000183098,GPC6,0
12967,ENSG00000183111,ARHGEF37,0
12968,ENSG00000183114,FAM43B,0
12969,ENSG00000183117,CSMD1,0
12970,ENSG00000183128,CALHM3,1
12971,ENSG00000183134,PTGDR2,0
12972,ENSG00000183137,CEP57L1,0
12973,ENSG00000183145,RIPPLY3,0
12974,ENSG00000183150,GPR19,0
12975,ENSG00000183153,GJD3,8
12976,ENSG00000183155,RABIF,8
12977,ENSG00000183160,TMEM119,0
12978,ENSG00000183166,CALN1,0
12979,ENSG00000183172,SMDT1,6
12980,ENSG00000183185,GABRR3,0
12981,ENSG00000183186,C2CD4C,0
12982,ENSG00000183207,RUVBL2,89
12983,ENSG00000183208,GDPGP1,0
12984,ENSG00000183230,CTNNA3,13
12985,ENSG00000183251,OR51B4,0
12986,ENSG00000183255,PTTG1IP,0
12987,ENSG00000183258,DDX41,2
12988,ENSG00000183260,ABHD16B,0
12989,ENSG00000183273,CCDC60,0
12990,ENSG00000183283,DAZAP2,0
12991,ENSG00000183287,CCBE1,0
12992,ENSG00000183291,SELENOF,2
12993,ENSG00000183307,TMEM121B,0
12994,ENSG00000183309,ZNF623,0
12995,ENSG00000183313,OR52L1,0
12996,ENSG00000183317,EPHA10,7
12997,ENSG00000183323,CCDC125,0
12998,ENSG00000183324,REC114,4
12999,ENSG00000183337,BCOR,42
13000,ENSG00000183340,JRKL,0
13001,ENSG00000183346,CABCOCO1,0
13002,ENSG00000183354,BRD10,0
13003,ENSG00000183378,OVCH2,0
13004,ENSG00000183379,SYNDIG1L,0
13005,ENSG00000183386,FHL3,0
13006,ENSG00000183395,PMCH,1
13007,ENSG00000183396,TMEM89,0
13008,ENSG00000183397,TEKTIP1,0
13009,ENSG00000183401,CCDC159,0
13010,ENSG00000183421,RIPK4,1
13011,ENSG00000183423,LRIT3,0
13012,ENSG00000183431,SF3A3,81
13013,ENSG00000183439,TRIM61,0
13014,ENSG00000183454,GRIN2A,37
13015,ENSG00000183475,ASB7,0
13016,ENSG00000183476,SH2D7,0
13017,ENSG00000183479,TREX2,0
13018,ENSG00000183495,EP400,49
13019,ENSG00000183496,MEX3B,0
13020,ENSG00000183508,TENT5C,2
13021,ENSG00000183513,COA5,0
13022,ENSG00000183520,UTP11,69
13023,ENSG00000183527,PSMG1,24
13024,ENSG00000183530,PRR14L,0
13025,ENSG00000183549,ACSM5,0
13026,ENSG00000183560,IZUMO1R,0
13027,ENSG00000183569,SERHL2,0
13028,ENSG00000183570,PCBP3,0
13029,ENSG00000183576,SETD3,6
13030,ENSG00000183578,TNFAIP8L3,0
13031,ENSG00000183579,ZNRF3,6
13032,ENSG00000183580,FBXL7,3
13033,ENSG00000183597,TANGO2,0
13034,ENSG00000183605,SFXN4,0
13035,ENSG00000183607,GKN2,1
13036,ENSG00000183615,FAM167B,0
13037,ENSG00000183617,MRPL54,97
13038,ENSG00000183621,ZNF438,0
13039,ENSG00000183624,HMCES,0
13040,ENSG00000183625,CCR3,23
13041,ENSG00000183631,PRR32,0
13042,ENSG00000183640,KRTAP8-1,0
13043,ENSG00000183644,HOATZ,0
13044,ENSG00000183648,NDUFB1,60
13045,ENSG00000183654,MARCHF11,0
13046,ENSG00000183655,KLHL25,31
13047,ENSG00000183662,TAFA1,0
13048,ENSG00000183665,TRMT12,0
13049,ENSG00000183671,CMKLR2,0
13050,ENSG00000183688,RFLNB,0
13051,ENSG00000183690,EFHC2,31
13052,ENSG00000183691,NOG,4
13053,ENSG00000183696,UPP1,2
13054,ENSG00000183715,OPCML,0
13055,ENSG00000183722,LHFPL6,0
13056,ENSG00000183723,CMTM4,0
13057,ENSG00000183726,TMEM50A,0
13058,ENSG00000183733,FIGLA,0
13059,ENSG00000183734,ASCL2,0
13060,ENSG00000183735,TBK1,39
13061,ENSG00000183741,CBX6,29
13062,ENSG00000183742,MACC1,0
13063,ENSG00000183751,TBL3,66
13064,ENSG00000183760,ACP7,0
13065,ENSG00000183762,KREMEN1,5
13066,ENSG00000183763,TRAIP,1
13067,ENSG00000183765,CHEK2,10
13068,ENSG00000183770,FOXL2,1
13069,ENSG00000183773,AIFM3,0
13070,ENSG00000183775,KCTD16,1
13071,ENSG00000183778,B3GALT5,2
13072,ENSG00000183779,ZNF703,0
13073,ENSG00000183780,SLC35F3,0
13074,ENSG00000183783,KCTD8,0
13075,ENSG00000183785,TUBA8,11
13076,ENSG00000183798,EMILIN3,0
13077,ENSG00000183807,FAM162B,0
13078,ENSG00000183813,CCR4,3
13079,ENSG00000183814,LIN9,12
13080,ENSG00000183826,BTBD9,3
13081,ENSG00000183828,NUDT14,0
13082,ENSG00000183831,ANKRD45,0
13083,ENSG00000183833,CFAP91,0
13084,ENSG00000183837,PNMA3,0
13085,ENSG00000183840,GPR39,1
13086,ENSG00000183844,FAM3B,0
13087,ENSG00000183853,KIRREL1,6
13088,ENSG00000183856,IQGAP3,3
13089,ENSG00000183862,CNGA2,4
13090,ENSG00000183864,TOB2,1
13091,ENSG00000183873,SCN5A,24
13092,ENSG00000183876,ARSI,0
13093,ENSG00000183891,TTC32,0
13094,ENSG00000183908,LRRC55,0
13095,ENSG00000183914,DNAH2,11
13096,ENSG00000183918,SH2D1A,4
13097,ENSG00000183921,SDR42E2,0
13098,ENSG00000183943,PRKX,2
13099,ENSG00000183955,KMT5A,2
13100,ENSG00000183960,KCNH8,0
13101,ENSG00000183963,SMTN,0
13102,ENSG00000183971,NPW,1
13103,ENSG00000183977,PP2D1,0
13104,ENSG00000183978,COA3,2
13105,ENSG00000183979,NPB,1
13106,ENSG00000184005,ST6GALNAC3,0
13107,ENSG00000184007,PTP4A2,2
13108,ENSG00000184009,ACTG1,92
13109,ENSG00000184012,TMPRSS2,4
13110,ENSG00000184014,DENND5A,2
13111,ENSG00000184047,DIABLO,0
13112,ENSG00000184056,VPS33B,11
13113,ENSG00000184058,TBX1,0
13114,ENSG00000184060,ADAP2,0
13115,ENSG00000184076,UQCR10,66
13116,ENSG00000184083,FAM120C,0
13117,ENSG00000184108,TRIML1,0
13118,ENSG00000184113,CLDN5,14
13119,ENSG00000184117,NIPSNAP1,0
13120,ENSG00000184140,OR4F6,0
13121,ENSG00000184144,CNTN2,9
13122,ENSG00000184148,SPRR4,0
13123,ENSG00000184154,LRRC51,0
13124,ENSG00000184155,OR10J5,0
13125,ENSG00000184156,KCNQ3,9
13126,ENSG00000184160,ADRA2C,1
13127,ENSG00000184162,NR2C2AP,0
13128,ENSG00000184163,C1QTNF12,0
13129,ENSG00000184164,CRELD2,0
13130,ENSG00000184166,OR1D2,0
13131,ENSG00000184178,SCFD2,3
13132,ENSG00000184182,UBE2F,5
13133,ENSG00000184194,GPR173,0
13134,ENSG00000184205,TSPYL2,0
13135,ENSG00000184207,PGP,0
13136,ENSG00000184209,SNRNP35,22
13137,ENSG00000184210,DGAT2L6,0
13138,ENSG00000184216,IRAK1,32
13139,ENSG00000184220,CMSS1,0
13140,ENSG00000184221,OLIG1,2
13141,ENSG00000184226,PCDH9,0
13142,ENSG00000184232,OAF,0
13143,ENSG00000184254,ALDH1A3,2
13144,ENSG00000184260,H2AC20,34
13145,ENSG00000184261,KCNK12,1
13146,ENSG00000184270,H2AC21,12
13147,ENSG00000184271,POU6F1,0
13148,ENSG00000184277,TM2D3,0
13149,ENSG00000184281,TSSC4,2
13150,ENSG00000184292,TACSTD2,3
13151,ENSG00000184302,SIX6,0
13152,ENSG00000184304,PRKD1,6
13153,ENSG00000184305,CCSER1,0
13154,ENSG00000184307,ZDHHC23,0
13155,ENSG00000184313,MROH7,0
13156,ENSG00000184343,SRPK3,0
13157,ENSG00000184344,GDF3,1
13158,ENSG00000184347,SLIT3,5
13159,ENSG00000184349,EFNA5,15
13160,ENSG00000184350,MRGPRE,0
13161,ENSG00000184357,H1-5,4
13162,ENSG00000184363,PKP3,7
13163,ENSG00000184368,MAP7D2,0
13164,ENSG00000184371,CSF1,4
13165,ENSG00000184374,COLEC10,5
13166,ENSG00000184378,ACTRT3,0
13167,ENSG00000184381,PLA2G6,0
13168,ENSG00000184384,MAML2,11
13169,ENSG00000184389,A3GALT2,0
13170,ENSG00000184394,OR4N5,0
13171,ENSG00000184402,SS18L1,8
13172,ENSG00000184408,KCND2,10
13173,ENSG00000184428,TOP1MT,1
13174,ENSG00000184432,COPB2,15
13175,ENSG00000184434,LRRC19,0
13176,ENSG00000184436,THAP7,0
13177,ENSG00000184445,KNTC1,2
13178,ENSG00000184451,CCR10,8
13179,ENSG00000184454,NCMAP,0
13180,ENSG00000184459,BPIFC,0
13181,ENSG00000184465,WDR27,0
13182,ENSG00000184470,TXNRD2,2
13183,ENSG00000184481,FOXO4,11
13184,ENSG00000184486,POU3F2,2
13185,ENSG00000184489,PTP4A3,1
13186,ENSG00000184497,TMEM255B,0
13187,ENSG00000184500,PROS1,4
13188,ENSG00000184502,GAST,8
13189,ENSG00000184507,NUTM1,1
13190,ENSG00000184508,HDDC3,2
13191,ENSG00000184517,ZFP1,0
13192,ENSG00000184524,CEND1,0
13193,ENSG00000184530,C6orf58,0
13194,ENSG00000184544,DHRS7C,0
13195,ENSG00000184545,DUSP8,0
13196,ENSG00000184557,SOCS3,15
13197,ENSG00000184560,SPEM2,0
13198,ENSG00000184564,SLITRK6,0
13199,ENSG00000184574,LPAR5,8
13200,ENSG00000184575,XPOT,2
13201,ENSG00000184584,STING1,4
13202,ENSG00000184588,PDE4B,2
13203,ENSG00000184599,TAFA3,0
13204,ENSG00000184602,SNN,0
13205,ENSG00000184611,KCNH7,0
13206,ENSG00000184613,NELL2,1
13207,ENSG00000184634,MED12,41
13208,ENSG00000184640,SEPTIN9,13
13209,ENSG00000184647,PRSS55,0
13210,ENSG00000184661,CDCA2,1
13211,ENSG00000184672,RALYL,1
13212,ENSG00000184675,AMER1,7
13213,ENSG00000184677,ZBTB40,0
13214,ENSG00000184697,CLDN6,4
13215,ENSG00000184698,OR51M1,0
13216,ENSG00000184702,SEPTIN5,10
13217,ENSG00000184708,EIF4ENIF1,6
13218,ENSG00000184709,LRRC26,0
13219,ENSG00000184716,SERINC4,0
13220,ENSG00000184719,RNLS,0
13221,ENSG00000184743,ATL3,3
13222,ENSG00000184752,NDUFA12,63
13223,ENSG00000184787,UBE2G2,6
13224,ENSG00000184792,OSBP2,0
13225,ENSG00000184811,TRARG1,0
13226,ENSG00000184828,ZBTB7C,0
13227,ENSG00000184831,APOO,19
13228,ENSG00000184838,PRR16,0
13229,ENSG00000184840,TMED9,5
13230,ENSG00000184845,DRD1,6
13231,ENSG00000184857,TMEM186,3
13232,ENSG00000184860,SDR42E1,1
13233,ENSG00000184863,RBM33,0
13234,ENSG00000184867,ARMCX2,0
13235,ENSG00000184887,BTBD6,0
13236,ENSG00000184897,H1-10,1
13237,ENSG00000184898,RBM43,0
13238,ENSG00000184903,IMMP2L,0
13239,ENSG00000184916,JAG2,7
13240,ENSG00000184922,FMNL1,4
13241,ENSG00000184924,PTRHD1,0
13242,ENSG00000184925,LCN12,0
13243,ENSG00000184933,OR6A2,0
13244,ENSG00000184937,WT1,4
13245,ENSG00000184939,ZFP90,1
13246,ENSG00000184967,NOC4L,70
13247,ENSG00000184979,USP18,4
13248,ENSG00000184983,NDUFA6,64
13249,ENSG00000184984,CHRM5,3
13250,ENSG00000184985,SORCS2,2
13251,ENSG00000184986,TMEM121,0
13252,ENSG00000184988,TMEM106A,0
13253,ENSG00000184990,SIVA1,2
13254,ENSG00000184992,BRI3BP,0
13255,ENSG00000184995,IFNE,0
13256,ENSG00000185000,DGAT1,2
13257,ENSG00000185002,RFX6,0
13258,ENSG00000185008,ROBO2,4
13259,ENSG00000185009,AP3M1,6
13260,ENSG00000185010,F8,4
13261,ENSG00000185013,NT5C1B,10
13262,ENSG00000185015,CA13,0
13263,ENSG00000185019,UBOX5,1
13264,ENSG00000185022,MAFF,4
13265,ENSG00000185024,BRF1,12
13266,ENSG00000185028,LRRC14B,0
13267,ENSG00000185033,SEMA4B,1
13268,ENSG00000185038,MROH2A,0
13269,ENSG00000185043,CIB1,7
13270,ENSG00000185046,ANKS1B,0
13271,ENSG00000185049,NELFA,58
13272,ENSG00000185052,SLC24A3,0
13273,ENSG00000185053,SGCZ,3
13274,ENSG00000185069,KRT76,0
13275,ENSG00000185070,FLRT2,1
13276,ENSG00000185085,INTS5,40
13277,ENSG00000185088,RPS27L,36
13278,ENSG00000185090,MANEAL,0
13279,ENSG00000185100,ADSS1,1
13280,ENSG00000185101,ANO9,0
13281,ENSG00000185104,FAF1,21
13282,ENSG00000185105,MYADML2,0
13283,ENSG00000185112,FAM43A,0
13284,ENSG00000185122,HSF1,33
13285,ENSG00000185127,C6orf120,0
13286,ENSG00000185129,PURA,4
13287,ENSG00000185133,INPP5J,3
13288,ENSG00000185149,NPY2R,5
13289,ENSG00000185155,MIXL1,0
13290,ENSG00000185156,MFSD6L,0
13291,ENSG00000185163,DDX51,0
13292,ENSG00000185187,SIGIRR,3
13293,ENSG00000185189,NRBP2,0
13294,ENSG00000185198,PRSS57,1
13295,ENSG00000185215,TNFAIP2,9
13296,ENSG00000185219,ZNF445,1
13297,ENSG00000185222,TCEAL9,0
13298,ENSG00000185231,MC2R,3
13299,ENSG00000185236,RAB11B,10
13300,ENSG00000185238,PRMT3,4
13301,ENSG00000185245,GP1BA,15
13302,ENSG00000185246,PRPF39,10
13303,ENSG00000185250,PPIL6,0
13304,ENSG00000185261,KIAA0825,0
13305,ENSG00000185262,UBALD2,0
13306,ENSG00000185264,CIMIP4,0
13307,ENSG00000185267,CDNF,0
13308,ENSG00000185269,NOTUM,0
13309,ENSG00000185271,KLHL33,0
13310,ENSG00000185272,RBM11,1
13311,ENSG00000185274,GALNT17,0
13312,ENSG00000185278,ZBTB37,0
13313,ENSG00000185290,NUPR2,2
13314,ENSG00000185294,SPPL2C,0
13315,ENSG00000185298,CCDC137,0
13316,ENSG00000185305,ARL15,0
13317,ENSG00000185306,C12orf56,0
13318,ENSG00000185313,SCN10A,11
13319,ENSG00000185324,CDK10,1
13320,ENSG00000185338,SOCS1,14
13321,ENSG00000185339,TCN2,2
13322,ENSG00000185340,GAS2L1,0
13323,ENSG00000185344,ATP6V0A2,29
13324,ENSG00000185345,PRKN,28
13325,ENSG00000185347,TEDC1,0
13326,ENSG00000185352,HS6ST3,0
13327,ENSG00000185359,HGS,33
13328,ENSG00000185361,TNFAIP8L1,0
13329,ENSG00000185372,OR2V1,0
13330,ENSG00000185379,RAD51D,5
13331,ENSG00000185386,MAPK11,5
13332,ENSG00000185414,MRPL30,98
13333,ENSG00000185418,TARS3,2
13334,ENSG00000185420,SMYD3,4
13335,ENSG00000185436,IFNLR1,4
13336,ENSG00000185442,FAM174B,0
13337,ENSG00000185453,ZSWIM9,0
13338,ENSG00000185467,KPNA7,1
13339,ENSG00000185475,TMEM179B,0
13340,ENSG00000185477,GPRIN3,0
13341,ENSG00000185480,PARPBP,1
13342,ENSG00000185482,STAC3,25
13343,ENSG00000185483,ROR1,2
13344,ENSG00000185504,FAAP100,17
13345,ENSG00000185507,IRF7,15
13346,ENSG00000185513,L3MBTL1,3
13347,ENSG00000185518,SV2B,2
13348,ENSG00000185519,FAM131C,0
13349,ENSG00000185523,SPATA45,0
13350,ENSG00000185527,PDE6G,5
13351,ENSG00000185532,PRKG1,1
13352,ENSG00000185551,NR2F2,0
13353,ENSG00000185559,DLK1,2
13354,ENSG00000185561,TLCD2,0
13355,ENSG00000185565,LSAMP,0
13356,ENSG00000185585,OLFML2A,0
13357,ENSG00000185591,SP1,30
13358,ENSG00000185608,MRPL40,94
13359,ENSG00000185610,DBX2,0
13360,ENSG00000185614,INKA1,0
13361,ENSG00000185615,PDIA2,0
13362,ENSG00000185619,PCGF3,30
13363,ENSG00000185621,LMLN,2
13364,ENSG00000185624,P4HB,10
13365,ENSG00000185627,PSMD13,42
13366,ENSG00000185630,PBX1,13
13367,ENSG00000185633,NDUFA4L2,1
13368,ENSG00000185634,SHC4,2
13369,ENSG00000185640,KRT79,0
13370,ENSG00000185650,ZFP36L1,5
13371,ENSG00000185651,UBE2L3,13
13372,ENSG00000185652,NTF3,5
13373,ENSG00000185664,PMEL,1
13374,ENSG00000185666,SYN3,1
13375,ENSG00000185668,POU3F1,2
13376,ENSG00000185669,SNAI3,0
13377,ENSG00000185670,ZBTB3,0
13378,ENSG00000185674,LYG2,0
13379,ENSG00000185681,MORN5,0
13380,ENSG00000185697,MYBL1,1
13381,ENSG00000185716,MOSMO,0
13382,ENSG00000185721,DRG1,2
13383,ENSG00000185722,ANKFY1,2
13384,ENSG00000185728,YTHDF3,4
13385,ENSG00000185736,ADARB2,0
13386,ENSG00000185737,NRG3,5
13387,ENSG00000185742,C11orf87,0
13388,ENSG00000185753,CXorf38,0
13389,ENSG00000185760,KCNQ5,22
13390,ENSG00000185761,ADAMTSL5,1
13391,ENSG00000185774,KCNIP4,2
13392,ENSG00000185798,WDR53,0
13393,ENSG00000185800,DMWD,2
13394,ENSG00000185808,PIGP,5
13395,ENSG00000185811,IKZF1,13
13396,ENSG00000185813,PCYT2,0
13397,ENSG00000185818,NAT8L,1
13398,ENSG00000185825,BCAP31,9
13399,ENSG00000185838,GNB1L,0
13400,ENSG00000185842,DNAH14,0
13401,ENSG00000185860,CCDC190,0
13402,ENSG00000185862,EVI2B,0
13403,ENSG00000185863,TMEM210,0
13404,ENSG00000185875,THNSL1,0
13405,ENSG00000185880,TRIM69,0
13406,ENSG00000185883,ATP6V0C,38
13407,ENSG00000185888,PRSS38,0
13408,ENSG00000185896,LAMP1,18
13409,ENSG00000185899,TAS2R60,0
13410,ENSG00000185900,POMK,0
13411,ENSG00000185905,C16orf54,0
13412,ENSG00000185909,KLHDC8B,0
13413,ENSG00000185915,KLHL34,0
13414,ENSG00000185917,SETD4,0
13415,ENSG00000185920,PTCH1,13
13416,ENSG00000185924,RTN4RL1,1
13417,ENSG00000185933,CALHM1,1
13418,ENSG00000185942,NKAIN3,0
13419,ENSG00000185946,RNPC3,21
13420,ENSG00000185950,IRS2,17
13421,ENSG00000185963,BICD2,8
13422,ENSG00000185972,CCIN,0
13423,ENSG00000185974,GRK1,5
13424,ENSG00000185985,SLITRK2,1
13425,ENSG00000185989,RASA3,0
13426,ENSG00000186001,LRCH3,2
13427,ENSG00000186007,LEMD1,0
13428,ENSG00000186009,ATP4B,2
13429,ENSG00000186010,NDUFA13,72
13430,ENSG00000186017,ZNF566,0
13431,ENSG00000186047,DLEU7,0
13432,ENSG00000186049,KRT73,0
13433,ENSG00000186051,TAL2,0
13434,ENSG00000186063,AIDA,0
13435,ENSG00000186073,CDIN1,0
13436,ENSG00000186075,ZPBP2,0
13437,ENSG00000186088,GSAP,0
13438,ENSG00000186094,AGBL4,0
13439,ENSG00000186104,CYP2R1,0
13440,ENSG00000186106,ANKRD46,0
13441,ENSG00000186111,PIP5K1C,11
13442,ENSG00000186118,TEX38,0
13443,ENSG00000186130,ZBTB6,0
13444,ENSG00000186141,POLR3C,17
13445,ENSG00000186143,PRR30,0
13446,ENSG00000186150,UBL4B,0
13447,ENSG00000186153,WWOX,4
13448,ENSG00000186166,CENATAC,0
13449,ENSG00000186174,BCL9L,11
13450,ENSG00000186184,POLR1D,23
13451,ENSG00000186185,KIF18B,1
13452,ENSG00000186187,ZNRF1,1
13453,ENSG00000186188,FFAR4,1
13454,ENSG00000186190,BPIFB3,0
13455,ENSG00000186191,BPIFB4,0
13456,ENSG00000186193,SAPCD2,0
13457,ENSG00000186197,EDARADD,2
13458,ENSG00000186198,SLC51B,1
13459,ENSG00000186205,MTARC1,2
13460,ENSG00000186212,SOWAHB,0
13461,ENSG00000186222,BLOC1S4,14
13462,ENSG00000186231,KLHL32,0
13463,ENSG00000186260,MRTFB,2
13464,ENSG00000186265,BTLA,2
13465,ENSG00000186280,KDM4D,0
13466,ENSG00000186281,GPAT2,3
13467,ENSG00000186283,TOR3A,0
13468,ENSG00000186297,GABRA5,7
13469,ENSG00000186298,PPP1CC,35
13470,ENSG00000186310,NAP1L3,0
13471,ENSG00000186314,PRELID2,0
13472,ENSG00000186318,BACE1,8
13473,ENSG00000186326,RGS9BP,2
13474,ENSG00000186329,TMEM212,0
13475,ENSG00000186334,SLC36A3,0
13476,ENSG00000186335,SLC36A2,2
13477,ENSG00000186340,THBS2,5
13478,ENSG00000186350,RXRA,33
13479,ENSG00000186352,ANKRD37,0
13480,ENSG00000186364,NUDT17,0
13481,ENSG00000186367,MINAR2,0
13482,ENSG00000186377,CYP4X1,0
13483,ENSG00000186393,KRT26,0
13484,ENSG00000186395,KRT10,4
13485,ENSG00000186407,CD300E,1
13486,ENSG00000186416,NKRF,4
13487,ENSG00000186417,GLDN,2
13488,ENSG00000186432,KPNA4,11
13489,ENSG00000186439,TRDN,16
13490,ENSG00000186440,OR6P1,0
13491,ENSG00000186452,TMPRSS12,0
13492,ENSG00000186462,NAP1L2,0
13493,ENSG00000186468,RPS23,162
13494,ENSG00000186469,GNG2,135
13495,ENSG00000186472,PCLO,2
13496,ENSG00000186474,KLK12,1
13497,ENSG00000186479,RGS7BP,2
13498,ENSG00000186480,INSIG1,6
13499,ENSG00000186487,MYT1L,0
13500,ENSG00000186501,TMEM222,0
13501,ENSG00000186509,OR9Q1,0
13502,ENSG00000186513,OR9Q2,0
13503,ENSG00000186517,ARHGAP30,1
13504,ENSG00000186522,SEPTIN10,10
13505,ENSG00000186532,SMYD4,0
13506,ENSG00000186564,FOXD2,0
13507,ENSG00000186566,GPATCH8,0
13508,ENSG00000186567,CEACAM19,0
13509,ENSG00000186575,NF2,19
13510,ENSG00000186577,SMIM29,0
13511,ENSG00000186583,SPATC1,0
13512,ENSG00000186591,UBE2H,0
13513,ENSG00000186603,HPDL,0
13514,ENSG00000186625,KATNA1,2
13515,ENSG00000186628,FSD2,0
13516,ENSG00000186635,ARAP1,2
13517,ENSG00000186638,KIF24,2
13518,ENSG00000186642,PDE2A,2
13519,ENSG00000186648,CARMIL3,0
13520,ENSG00000186652,PRG2,1
13521,ENSG00000186654,PRR5,9
13522,ENSG00000186660,ZFP91,1
13523,ENSG00000186665,C17orf58,0
13524,ENSG00000186666,BCDIN3D,0
13525,ENSG00000186675,MAGEE2,0
13526,ENSG00000186687,LYRM7,0
13527,ENSG00000186710,CFAP73,0
13528,ENSG00000186714,CCDC73,0
13529,ENSG00000186716,BCR,3
13530,ENSG00000186732,MPPED1,0
13531,ENSG00000186765,FSCN2,14
13532,ENSG00000186766,FOXI2,0
13533,ENSG00000186767,SPIN4,0
13534,ENSG00000186790,FOXE3,0
13535,ENSG00000186792,HYAL3,0
13536,ENSG00000186795,KCNK18,0
13537,ENSG00000186806,VSIG10L,0
13538,ENSG00000186810,CXCR3,18
13539,ENSG00000186812,ZNF397,0
13540,ENSG00000186815,TPCN1,1
13541,ENSG00000186827,TNFRSF4,4
13542,ENSG00000186832,KRT16,1
13543,ENSG00000186834,HEXIM1,8
13544,ENSG00000186847,KRT14,0
13545,ENSG00000186862,PDZD7,5
13546,ENSG00000186866,POFUT2,1
13547,ENSG00000186868,MAPT,18
13548,ENSG00000186871,ERCC6L,5
13549,ENSG00000186881,OR13F1,0
13550,ENSG00000186889,TMEM17,12
13551,ENSG00000186895,FGF3,12
13552,ENSG00000186897,C1QL4,0
13553,ENSG00000186907,RTN4RL2,1
13554,ENSG00000186908,ZDHHC17,1
13555,ENSG00000186910,SERPINA11,0
13556,ENSG00000186912,P2RY4,0
13557,ENSG00000186918,ZNF395,0
13558,ENSG00000186943,OR13C8,0
13559,ENSG00000186951,PPARA,17
13560,ENSG00000186952,TMEM232,0
13561,ENSG00000186971,KRTAP13-4,0
13562,ENSG00000186973,CFAP144,31
13563,ENSG00000186976,EFCAB6,1
13564,ENSG00000186994,KANK3,0
13565,ENSG00000186998,EMID1,0
13566,ENSG00000187003,ACTL7A,1
13567,ENSG00000187021,PNLIPRP1,6
13568,ENSG00000187024,PTRH1,0
13569,ENSG00000187033,SAMD7,0
13570,ENSG00000187037,GPR141,0
13571,ENSG00000187045,TMPRSS6,2
13572,ENSG00000187049,TMEM216,13
13573,ENSG00000187051,RPS19BP1,55
13574,ENSG00000187054,TMPRSS11A,0
13575,ENSG00000187066,TMEM262,25
13576,ENSG00000187068,C3orf70,0
13577,ENSG00000187079,TEAD1,9
13578,ENSG00000187091,PLCD1,4
13579,ENSG00000187097,ENTPD5,2
13580,ENSG00000187098,MITF,8
13581,ENSG00000187105,HEATR4,0
13582,ENSG00000187109,NAP1L1,2
13583,ENSG00000187118,CMC1,0
13584,ENSG00000187122,SLIT1,5
13585,ENSG00000187123,LYPD6,0
13586,ENSG00000187135,VSTM2B,0
13587,ENSG00000187140,FOXD3,0
13588,ENSG00000187147,RNF220,0
13589,ENSG00000187164,SHTN1,1
13590,ENSG00000187189,TSPYL4,0
13591,ENSG00000187210,GCNT1,2
13592,ENSG00000187231,SESTD1,2
13593,ENSG00000187239,FNBP1,4
13594,ENSG00000187240,DYNC2H1,19
13595,ENSG00000187242,KRT12,0
13596,ENSG00000187244,BCAM,0
13597,ENSG00000187257,RSBN1L,0
13598,ENSG00000187258,NPSR1,2
13599,ENSG00000187260,WDR86,0
13600,ENSG00000187266,EPOR,21
13601,ENSG00000187288,CIDEC,1
13602,ENSG00000187323,DCC,13
13603,ENSG00000187325,TAF9B,53
13604,ENSG00000187372,PCDHB13,0
13605,ENSG00000187391,MAGI2,6
13606,ENSG00000187398,LUZP2,0
13607,ENSG00000187416,LHFPL3,1
13608,ENSG00000187446,CHP1,2
13609,ENSG00000187475,H1-6,0
13610,ENSG00000187486,KCNJ11,4
13611,ENSG00000187492,CDHR4,0
13612,ENSG00000187498,COL4A1,3
13613,ENSG00000187513,GJA4,3
13614,ENSG00000187522,HSPA14,1
13615,ENSG00000187527,ATP13A5,0
13616,ENSG00000187531,SIRT7,6
13617,ENSG00000187535,IFT140,12
13618,ENSG00000187546,AGMO,0
13619,ENSG00000187550,SBK2,0
13620,ENSG00000187553,CYP26C1,2
13621,ENSG00000187554,TLR5,3
13622,ENSG00000187555,USP7,26
13623,ENSG00000187556,NANOS3,0
13624,ENSG00000187566,NHLRC1,1
13625,ENSG00000187583,PLEKHN1,0
13626,ENSG00000187595,ZNF385C,0
13627,ENSG00000187601,MAGEH1,1
13628,ENSG00000187605,TET3,3
13629,ENSG00000187607,ZNF286A,0
13630,ENSG00000187608,ISG15,15
13631,ENSG00000187616,MYMK,1
13632,ENSG00000187650,VMAC,0
13633,ENSG00000187664,HAPLN4,0
13634,ENSG00000187672,ERC2,4
13635,ENSG00000187676,B3GLCT,0
13636,ENSG00000187678,SPRY4,0
13637,ENSG00000187682,ERAS,0
13638,ENSG00000187688,TRPV2,2
13639,ENSG00000187689,AMTN,1
13640,ENSG00000187699,C2orf88,0
13641,ENSG00000187713,TMEM203,0
13642,ENSG00000187714,SLC18A3,9
13643,ENSG00000187715,KBTBD12,0
13644,ENSG00000187720,THSD4,0
13645,ENSG00000187726,DNAJB13,0
13646,ENSG00000187730,GABRD,6
13647,ENSG00000187735,TCEA1,57
13648,ENSG00000187736,NHEJ1,24
13649,ENSG00000187741,FANCA,20
13650,ENSG00000187742,SECISBP2,55
13651,ENSG00000187747,OR52B6,0
13652,ENSG00000187764,SEMA4D,7
13653,ENSG00000187772,LIN28B,1
13654,ENSG00000187773,DIPK1C,0
13655,ENSG00000187775,DNAH17,11
13656,ENSG00000187778,MCRS1,58
13657,ENSG00000187783,TMEM72,0
13658,ENSG00000187790,FANCM,22
13659,ENSG00000187796,CARD9,6
13660,ENSG00000187800,PEAR1,0
13661,ENSG00000187808,SOWAHD,0
13662,ENSG00000187815,ZFP69,0
13663,ENSG00000187821,HELT,0
13664,ENSG00000187823,RTL4,0
13665,ENSG00000187824,TMEM220,0
13666,ENSG00000187837,H1-2,2
13667,ENSG00000187838,PLSCR3,0
13668,ENSG00000187848,P2RX2,5
13669,ENSG00000187855,ASCL4,0
13670,ENSG00000187860,CCDC157,0
13671,ENSG00000187866,PABIR1,0
13672,ENSG00000187867,PALM3,0
13673,ENSG00000187871,GFRAL,2
13674,ENSG00000187889,FYB2,0
13675,ENSG00000187902,SHISA7,0
13676,ENSG00000187905,LRRC74B,0
13677,ENSG00000187918,OR51I2,0
13678,ENSG00000187922,LCN10,0
13679,ENSG00000187944,C2orf66,0
13680,ENSG00000187955,COL14A1,5
13681,ENSG00000187957,DNER,0
13682,ENSG00000187961,KLHL17,0
13683,ENSG00000187969,ZCCHC13,0
13684,ENSG00000187980,PLA2G2C,0
13685,ENSG00000187994,RINL,0
13686,ENSG00000188001,TPRG1,0
13687,ENSG00000188010,MORN2,0
13688,ENSG00000188015,S100A3,0
13689,ENSG00000188021,UBQLN2,16
13690,ENSG00000188026,RILPL1,2
13691,ENSG00000188032,C19orf67,0
13692,ENSG00000188037,CLCN1,0
13693,ENSG00000188038,NRN1L,0
13694,ENSG00000188039,NWD1,0
13695,ENSG00000188042,ARL4C,0
13696,ENSG00000188050,RNF133,0
13697,ENSG00000188051,TMEM221,0
13698,ENSG00000188060,RAB42,0
13699,ENSG00000188064,WNT7B,11
13700,ENSG00000188070,ZFTA,0
13701,ENSG00000188089,PLA2G4E,0
13702,ENSG00000188095,MESP2,0
13703,ENSG00000188112,C6orf132,0
13704,ENSG00000188130,MAPK12,7
13705,ENSG00000188133,TMEM215,0
13706,ENSG00000188153,COL4A5,9
13707,ENSG00000188157,AGRN,8
13708,ENSG00000188158,NHS,0
13709,ENSG00000188162,OTOG,2
13710,ENSG00000188163,CIMIP2A,0
13711,ENSG00000188167,TMPPE,0
13712,ENSG00000188175,HEPACAM2,0
13713,ENSG00000188176,SMTNL2,0
13714,ENSG00000188177,ZC3H6,0
13715,ENSG00000188186,LAMTOR4,25
13716,ENSG00000188191,PRKAR1B,5
13717,ENSG00000188215,DCUN1D3,1
13718,ENSG00000188229,TUBB4B,42
13719,ENSG00000188243,COMMD6,3
13720,ENSG00000188266,HYKK,0
13721,ENSG00000188277,C15orf62,0
13722,ENSG00000188282,RUFY4,0
13723,ENSG00000188283,ZNF383,0
13724,ENSG00000188306,LRRIQ4,0
13725,ENSG00000188312,CENPP,14
13726,ENSG00000188315,C3orf62,0
13727,ENSG00000188316,ENO4,0
13728,ENSG00000188322,SBK1,0
13729,ENSG00000188334,BSPH1,0
13730,ENSG00000188338,SLC38A3,1
13731,ENSG00000188340,OR6N2,0
13732,ENSG00000188342,GTF2F2,65
13733,ENSG00000188343,CIBAR1,0
13734,ENSG00000188352,FOCAD,0
13735,ENSG00000188368,PRR19,0
13736,ENSG00000188373,GPR15LG,0
13737,ENSG00000188385,JAKMIP3,0
13738,ENSG00000188386,PPP3R2,0
13739,ENSG00000188389,PDCD1,6
13740,ENSG00000188394,GPR21,0
13741,ENSG00000188396,DYNLT4,3
13742,ENSG00000188404,SELL,12
13743,ENSG00000188419,CHM,14
13744,ENSG00000188425,NANOS2,2
13745,ENSG00000188428,BLOC1S5,12
13746,ENSG00000188452,CERKL,0
13747,ENSG00000188467,SLC24A5,0
13748,ENSG00000188483,IER5L,0
13749,ENSG00000188486,H2AX,30
13750,ENSG00000188487,INSC,1
13751,ENSG00000188488,SERPINA5,4
13752,ENSG00000188493,ACTMAP,0
13753,ENSG00000188501,LCTL,0
13754,ENSG00000188505,NCCRP1,0
13755,ENSG00000188508,KRTDAP,0
13756,ENSG00000188517,COL25A1,1
13757,ENSG00000188522,FAM83G,0
13758,ENSG00000188523,CFAP77,31
13759,ENSG00000188529,SRSF10,7
13760,ENSG00000188542,DUSP28,0
13761,ENSG00000188549,CCDC9B,0
13762,ENSG00000188554,NBR1,13
13763,ENSG00000188559,RALGAPA2,1
13764,ENSG00000188566,NDOR1,1
13765,ENSG00000188573,FBLL1,29
13766,ENSG00000188580,NKAIN2,0
13767,ENSG00000188582,PAQR9,0
13768,ENSG00000188596,CFAP54,0
13769,ENSG00000188603,CLN3,0
13770,ENSG00000188613,NANOS1,1
13771,ENSG00000188620,HMX3,0
13772,ENSG00000188636,RTL6,0
13773,ENSG00000188641,DPYD,0
13774,ENSG00000188643,S100A16,0
13775,ENSG00000188647,PTAR1,4
13776,ENSG00000188649,CC2D2B,0
13777,ENSG00000188659,SAXO2,0
13778,ENSG00000188674,C2orf80,0
13779,ENSG00000188676,IDO2,2
13780,ENSG00000188677,PARVB,14
13781,ENSG00000188687,SLC4A5,0
13782,ENSG00000188690,UROS,0
13783,ENSG00000188694,KRTAP24-1,0
13784,ENSG00000188706,ZDHHC9,7
13785,ENSG00000188710,QRFP,0
13786,ENSG00000188716,DUSP29,0
13787,ENSG00000188725,SMIM15,0
13788,ENSG00000188729,OSTN,0
13789,ENSG00000188730,VWC2,0
13790,ENSG00000188732,FAM221A,0
13791,ENSG00000188735,TMEM120B,0
13792,ENSG00000188738,FSIP2,0
13793,ENSG00000188739,RBM34,0
13794,ENSG00000188747,NOXA1,10
13795,ENSG00000188760,TMEM198,0
13796,ENSG00000188761,BCL2L15,0
13797,ENSG00000188763,FZD9,13
13798,ENSG00000188766,SPRED3,0
13799,ENSG00000188770,OPTC,1
13800,ENSG00000188778,ADRB3,3
13801,ENSG00000188779,SKOR1,0
13802,ENSG00000188782,CATSPER4,25
13803,ENSG00000188783,PRELP,0
13804,ENSG00000188784,PLA2G2E,0
13805,ENSG00000188786,MTF1,0
13806,ENSG00000188800,TMCO2,0
13807,ENSG00000188803,SHISA6,1
13808,ENSG00000188807,TMEM201,2
13809,ENSG00000188811,NHLRC3,0
13810,ENSG00000188816,HMX2,0
13811,ENSG00000188817,SNTN,0
13812,ENSG00000188820,CALHM6,0
13813,ENSG00000188822,CNR2,4
13814,ENSG00000188827,SLX4,13
13815,ENSG00000188833,ENTPD8,4
13816,ENSG00000188846,RPL14,101
13817,ENSG00000188848,BEND4,0
13818,ENSG00000188859,FAM78B,0
13819,ENSG00000188869,TMC3,0
13820,ENSG00000188878,FBF1,4
13821,ENSG00000188883,KLRG2,0
13822,ENSG00000188886,ASTL,0
13823,ENSG00000188895,MSL1,29
13824,ENSG00000188906,LRRK2,22
13825,ENSG00000188909,BSX,0
13826,ENSG00000188910,GJB3,2
13827,ENSG00000188916,INSYN2A,0
13828,ENSG00000188917,TRMT2B,0
13829,ENSG00000188921,HACD4,9
13830,ENSG00000188931,CFAP126,31
13831,ENSG00000188937,NYX,0
13832,ENSG00000188959,C9orf152,0
13833,ENSG00000188976,NOC2L,25
13834,ENSG00000188981,MSANTD1,0
13835,ENSG00000188984,AADACL3,0
13836,ENSG00000188986,NELFB,60
13837,ENSG00000188991,SLC15A5,0
13838,ENSG00000188992,LIPI,0
13839,ENSG00000188994,ZNF292,0
13840,ENSG00000188996,HUS1B,3
13841,ENSG00000188997,KCTD21,0
13842,ENSG00000189007,ADAT2,0
13843,ENSG00000189037,DUSP21,0
13844,ENSG00000189043,NDUFA4,64
13845,ENSG00000189045,ANKDD1B,0
13846,ENSG00000189046,ALKBH2,0
13847,ENSG00000189050,RNFT1,0
13848,ENSG00000189051,RNF222,0
13849,ENSG00000189056,RELN,4
13850,ENSG00000189058,APOD,5
13851,ENSG00000189060,H1-0,7
13852,ENSG00000189067,LITAF,1
13853,ENSG00000189077,TMEM120A,0
13854,ENSG00000189079,ARID2,31
13855,ENSG00000189091,SF3B3,112
13856,ENSG00000189099,PRSS48,0
13857,ENSG00000189108,IL1RAPL2,1
13858,ENSG00000189114,BLOC1S3,14
13859,ENSG00000189120,SP6,0
13860,ENSG00000189127,ANKRD34B,0
13861,ENSG00000189129,PLAC9,0
13862,ENSG00000189134,NKAPL,0
13863,ENSG00000189157,FAM47E,0
13864,ENSG00000189159,JPT1,0
13865,ENSG00000189167,ZAR1L,0
13866,ENSG00000189171,S100A13,5
13867,ENSG00000189182,KRT77,3
13868,ENSG00000189184,PCDH18,0
13869,ENSG00000189195,BTBD8,0
13870,ENSG00000189221,MAOA,3
13871,ENSG00000189227,C15orf61,0
13872,ENSG00000189233,NUGGC,0
13873,ENSG00000189241,TSPYL1,0
13874,ENSG00000189266,PNRC2,3
13875,ENSG00000189280,GJB5,0
13876,ENSG00000189283,FHIT,2
13877,ENSG00000189292,ALKAL2,1
13878,ENSG00000189299,FOXR2,0
13879,ENSG00000189306,RRP7A,66
13880,ENSG00000189308,LIN54,10
13881,ENSG00000189319,FAM53B,0
13882,ENSG00000189320,FAM180A,0
13883,ENSG00000189334,S100A14,0
13884,ENSG00000189337,KAZN,1
13885,ENSG00000189339,SLC35E2B,0
13886,ENSG00000189350,TOGARAM2,0
13887,ENSG00000189362,NEMP2,0
13888,ENSG00000189367,KIAA0408,0
13889,ENSG00000189369,GSPT2,3
13890,ENSG00000189376,C8orf76,0
13891,ENSG00000189377,CXCL17,9
13892,ENSG00000189401,OTUD6A,0
13893,ENSG00000189409,MMP23B,0
13894,ENSG00000189410,SH2D5,0
13895,ENSG00000189420,ZFP92,0
13896,ENSG00000189430,NCR1,30
13897,ENSG00000189431,RASSF10,0
13898,ENSG00000189433,GJB4,7
13899,ENSG00000196072,BLOC1S2,24
13900,ENSG00000196074,SYCP2,1
13901,ENSG00000196083,IL1RAP,15
13902,ENSG00000196090,PTPRT,0
13903,ENSG00000196091,MYBPC1,0
13904,ENSG00000196092,PAX5,3
13905,ENSG00000196104,SPOCK3,0
13906,ENSG00000196116,TDRD7,0
13907,ENSG00000196118,CFAP119,0
13908,ENSG00000196123,MATCAP1,2
13909,ENSG00000196132,MYT1,1
13910,ENSG00000196141,SPATS2L,0
13911,ENSG00000196150,ZNF250,0
13912,ENSG00000196151,WDSUB1,0
13913,ENSG00000196154,S100A4,7
13914,ENSG00000196155,PLEKHG4,0
13915,ENSG00000196159,FAT4,0
13916,ENSG00000196169,KIF19,1
13917,ENSG00000196171,OR6K2,0
13918,ENSG00000196177,ACADSB,6
13919,ENSG00000196182,STK40,0
13920,ENSG00000196187,TMEM63A,0
13921,ENSG00000196188,CTSE,0
13922,ENSG00000196189,SEMA4A,3
13923,ENSG00000196196,HRCT1,0
13924,ENSG00000196199,MPHOSPH8,5
13925,ENSG00000196208,GREB1,3
13926,ENSG00000196218,RYR1,37
13927,ENSG00000196220,SRGAP3,4
13928,ENSG00000196227,FAM217B,0
13929,ENSG00000196228,SULT1C3,0
13930,ENSG00000196230,TUBB,47
13931,ENSG00000196233,LCOR,3
13932,ENSG00000196235,SUPT5H,67
13933,ENSG00000196236,XPNPEP3,0
13934,ENSG00000196248,OR10S1,0
13935,ENSG00000196262,PPIA,6
13936,ENSG00000196277,GRM7,3
13937,ENSG00000196284,SUPT3H,36
13938,ENSG00000196290,NIF3L1,0
13939,ENSG00000196296,ATP2A1,4
13940,ENSG00000196305,IARS1,15
13941,ENSG00000196323,ZBTB44,0
13942,ENSG00000196335,STK31,0
13943,ENSG00000196338,NLGN3,6
13944,ENSG00000196344,ADH7,0
13945,ENSG00000196345,ZKSCAN7,2
13946,ENSG00000196353,CPNE4,0
13947,ENSG00000196358,NTNG2,2
13948,ENSG00000196361,ELAVL3,0
13949,ENSG00000196363,WDR5,115
13950,ENSG00000196365,LONP1,0
13951,ENSG00000196367,TRRAP,85
13952,ENSG00000196371,FUT4,3
13953,ENSG00000196372,ASB13,0
13954,ENSG00000196376,SLC35F1,0
13955,ENSG00000196388,INCA1,1
13956,ENSG00000196396,PTPN1,14
13957,ENSG00000196405,EVL,4
13958,ENSG00000196407,THEM5,3
13959,ENSG00000196408,NOXO1,11
13960,ENSG00000196411,EPHB4,8
13961,ENSG00000196415,PRTN3,7
13962,ENSG00000196419,XRCC6,48
13963,ENSG00000196420,S100A5,0
13964,ENSG00000196421,C20orf204,0
13965,ENSG00000196422,PPP1R26,1
13966,ENSG00000196428,TSC22D2,0
13967,ENSG00000196431,CRYBA4,0
13968,ENSG00000196437,ZNF569,1
13969,ENSG00000196440,ARMCX4,0
13970,ENSG00000196449,YRDC,0
13971,ENSG00000196453,ZNF777,0
13972,ENSG00000196455,PIK3R4,13
13973,ENSG00000196458,ZNF605,0
13974,ENSG00000196460,RFX8,0
13975,ENSG00000196465,MYL6B,27
13976,ENSG00000196468,FGF16,13
13977,ENSG00000196475,GK2,2
13978,ENSG00000196482,ESRRG,5
13979,ENSG00000196497,IPO4,5
13980,ENSG00000196498,NCOR2,49
13981,ENSG00000196503,ARL9,0
13982,ENSG00000196504,PRPF40A,31
13983,ENSG00000196505,GDAP2,0
13984,ENSG00000196510,ANAPC7,43
13985,ENSG00000196511,TPK1,0
13986,ENSG00000196517,SLC6A9,0
13987,ENSG00000196526,AFAP1,1
13988,ENSG00000196535,MYO18A,4
13989,ENSG00000196542,SPTSSB,7
13990,ENSG00000196544,BORCS6,6
13991,ENSG00000196547,MAN2A2,1
13992,ENSG00000196549,MME,6
13993,ENSG00000196553,CCDC196,0
13994,ENSG00000196557,CACNA1H,28
13995,ENSG00000196562,SULF2,0
13996,ENSG00000196569,LAMA2,6
13997,ENSG00000196570,PFN3,10
13998,ENSG00000196576,PLXNB2,11
13999,ENSG00000196581,AJAP1,1
14000,ENSG00000196584,XRCC2,7
14001,ENSG00000196586,MYO6,27
14002,ENSG00000196588,MRTFA,4
14003,ENSG00000196591,HDAC2,110
14004,ENSG00000196628,TCF4,21
14005,ENSG00000196632,WNK3,1
14006,ENSG00000196636,SDHAF3,2
14007,ENSG00000196639,HRH1,2
14008,ENSG00000196642,RABL6,0
14009,ENSG00000196652,ZKSCAN5,0
14010,ENSG00000196655,TRAPPC4,14
14011,ENSG00000196660,SLC30A10,0
14012,ENSG00000196663,TECPR2,2
14013,ENSG00000196664,TLR7,6
14014,ENSG00000196670,ZFP62,0
14015,ENSG00000196678,ERI2,0
14016,ENSG00000196683,TOMM7,17
14017,ENSG00000196689,TRPV1,5
14018,ENSG00000196700,ZNF512B,0
14019,ENSG00000196704,AMZ2,0
14020,ENSG00000196711,ALKAL1,1
14021,ENSG00000196712,NF1,7
14022,ENSG00000196715,VKORC1L1,1
14023,ENSG00000196730,DAPK1,6
14024,ENSG00000196739,COL27A1,0
14025,ENSG00000196743,GM2A,0
14026,ENSG00000196748,CLPSL2,0
14027,ENSG00000196767,POU3F4,0
14028,ENSG00000196776,CD47,9
14029,ENSG00000196778,OR52K1,0
14030,ENSG00000196781,TLE1,15
14031,ENSG00000196782,MAML3,11
14032,ENSG00000196792,STRN3,27
14033,ENSG00000196800,SPINK14,0
14034,ENSG00000196811,CHRNG,1
14035,ENSG00000196814,MVB12B,22
14036,ENSG00000196821,ILRUN,0
14037,ENSG00000196839,ADA,2
14038,ENSG00000196843,ARID5A,0
14039,ENSG00000196850,PPTC7,0
14040,ENSG00000196859,KRT39,0
14041,ENSG00000196860,TOMM20L,1
14042,ENSG00000196865,NHLRC2,0
14043,ENSG00000196867,ZFP28,0
14044,ENSG00000196872,CRACDL,0
14045,ENSG00000196876,SCN8A,7
14046,ENSG00000196878,LAMB3,3
14047,ENSG00000196890,H2BC26,8
14048,ENSG00000196900,SPMIP10,0
14049,ENSG00000196914,ARHGEF12,13
14050,ENSG00000196917,HCAR1,0
14051,ENSG00000196923,PDLIM7,3
14052,ENSG00000196924,FLNA,43
14053,ENSG00000196932,TMEM26,0
14054,ENSG00000196935,SRGAP1,3
14055,ENSG00000196937,FAM3C,2
14056,ENSG00000196943,NOP9,0
14057,ENSG00000196950,SLC39A10,0
14058,ENSG00000196961,AP2A1,36
14059,ENSG00000196968,FUT11,0
14060,ENSG00000196975,ANXA4,1
14061,ENSG00000196981,WDR5B,7
14062,ENSG00000196990,FAM163B,0
14063,ENSG00000196998,WDR45,2
14064,ENSG00000197006,METTL9,0
14065,ENSG00000197019,SERTAD1,1
14066,ENSG00000197024,ZNF398,0
14067,ENSG00000197037,ZSCAN25,0
14068,ENSG00000197043,ANXA6,8
14069,ENSG00000197045,GMFB,0
14070,ENSG00000197046,SIGLEC15,2
14071,ENSG00000197056,ZMYM1,0
14072,ENSG00000197057,DTHD1,0
14073,ENSG00000197062,ZSCAN26,0
14074,ENSG00000197063,MAFG,8
14075,ENSG00000197070,ARRDC1,2
14076,ENSG00000197077,KIAA1671,0
14077,ENSG00000197079,KRT35,0
14078,ENSG00000197081,IGF2R,9
14079,ENSG00000197093,GAL3ST4,0
14080,ENSG00000197102,DYNC1H1,36
14081,ENSG00000197106,SLC6A17,0
14082,ENSG00000197111,PCBP2,8
14083,ENSG00000197114,ZGPAT,0
14084,ENSG00000197119,SLC25A29,1
14085,ENSG00000197121,PGAP1,0
14086,ENSG00000197122,SRC,125
14087,ENSG00000197125,OR8B8,0
14088,ENSG00000197136,PCNX3,0
14089,ENSG00000197140,ADAM32,0
14090,ENSG00000197142,ACSL5,1
14091,ENSG00000197147,LRRC8B,3
14092,ENSG00000197150,ABCB8,17
14093,ENSG00000197157,SND1,8
14094,ENSG00000197168,NEK5,0
14095,ENSG00000197170,PSMD12,44
14096,ENSG00000197177,ADGRA1,0
14097,ENSG00000197181,PIWIL2,8
14098,ENSG00000197183,NOL4L,0
14099,ENSG00000197191,CYSRT1,0
14100,ENSG00000197208,SLC22A4,0
14101,ENSG00000197223,C1D,21
14102,ENSG00000197226,TBC1D9B,0
14103,ENSG00000197241,SLC2A7,0
14104,ENSG00000197245,FAM110D,0
14105,ENSG00000197256,KANK2,2
14106,ENSG00000197265,GTF2E2,63
14107,ENSG00000197272,IL27,4
14108,ENSG00000197273,GUCA2A,2
14109,ENSG00000197275,RAD54B,3
14110,ENSG00000197283,SYNGAP1,4
14111,ENSG00000197296,FITM2,0
14112,ENSG00000197299,BLM,27
14113,ENSG00000197309,OR10D3,0
14114,ENSG00000197321,SVIL,1
14115,ENSG00000197323,TRIM33,17
14116,ENSG00000197324,LRP10,0
14117,ENSG00000197329,PELI1,8
14118,ENSG00000197343,ZNF655,0
14119,ENSG00000197345,MRPL21,105
14120,ENSG00000197353,LYPD2,0
14121,ENSG00000197355,UAP1L1,2
14122,ENSG00000197361,FBXL22,1
14123,ENSG00000197362,ZNF786,0
14124,ENSG00000197380,DACT3,0
14125,ENSG00000197381,ADARB1,1
14126,ENSG00000197386,HTT,44
14127,ENSG00000197403,OR6N1,0
14128,ENSG00000197405,C5AR1,6
14129,ENSG00000197406,DIO3,0
14130,ENSG00000197410,DCHS2,1
14131,ENSG00000197415,VEPH1,0
14132,ENSG00000197416,FABP12,0
14133,ENSG00000197417,SHPK,1
14134,ENSG00000197428,OR51D1,0
14135,ENSG00000197429,IPP,0
14136,ENSG00000197430,OPALIN,0
14137,ENSG00000197437,OR13G1,0
14138,ENSG00000197442,MAP3K5,15
14139,ENSG00000197444,OGDHL,5
14140,ENSG00000197446,CYP2F1,0
14141,ENSG00000197448,GSTK1,1
14142,ENSG00000197451,HNRNPAB,4
14143,ENSG00000197457,STMN3,0
14144,ENSG00000197461,PDGFA,8
14145,ENSG00000197467,COL13A1,1
14146,ENSG00000197471,SPN,10
14147,ENSG00000197483,ZNF628,0
14148,ENSG00000197487,GALP,0
14149,ENSG00000197496,SLC2A10,0
14150,ENSG00000197498,RPF2,7
14151,ENSG00000197506,SLC28A3,0
14152,ENSG00000197530,MIB2,7
14153,ENSG00000197532,OR6Y1,0
14154,ENSG00000197535,MYO5A,11
14155,ENSG00000197540,GZMM,1
14156,ENSG00000197548,ATG7,14
14157,ENSG00000197555,SIPA1L1,2
14158,ENSG00000197561,ELANE,9
14159,ENSG00000197562,RAB40C,1
14160,ENSG00000197563,PIGN,0
14161,ENSG00000197565,COL4A6,3
14162,ENSG00000197576,HOXA4,0
14163,ENSG00000197579,TOPORS,10
14164,ENSG00000197580,BCO2,0
14165,ENSG00000197584,KCNMB2,7
14166,ENSG00000197586,ENTPD6,2
14167,ENSG00000197587,DMBX1,0
14168,ENSG00000197591,OR11L1,0
14169,ENSG00000197594,ENPP1,9
14170,ENSG00000197599,CCDC154,0
14171,ENSG00000197601,FAR1,1
14172,ENSG00000197603,CPLANE1,0
14173,ENSG00000197614,MFAP5,4
14174,ENSG00000197616,MYH6,20
14175,ENSG00000197622,CDC42SE1,0
14176,ENSG00000197632,SERPINB2,3
14177,ENSG00000197635,DPP4,16
14178,ENSG00000197641,SERPINB13,1
14179,ENSG00000197646,PDCD1LG2,6
14180,ENSG00000197651,CCER1,0
14181,ENSG00000197653,DNAH10,0
14182,ENSG00000197674,OR51C1P,0
14183,ENSG00000197683,KRTAP26-1,0
14184,ENSG00000197694,SPTAN1,17
14185,ENSG00000197696,NMB,4
14186,ENSG00000197702,PARVA,13
14187,ENSG00000197705,KLHL14,0
14188,ENSG00000197712,FAM114A1,0
14189,ENSG00000197724,PHF2,1
14190,ENSG00000197728,RPS26,110
14191,ENSG00000197746,PSAP,5
14192,ENSG00000197747,S100A10,10
14193,ENSG00000197748,CFAP43,0
14194,ENSG00000197753,LHFPL5,5
14195,ENSG00000197757,HOXC6,10
14196,ENSG00000197763,TXNRD3,2
14197,ENSG00000197766,CFD,2
14198,ENSG00000197768,STPG3,0
14199,ENSG00000197771,MCMBP,4
14200,ENSG00000197774,EME2,2
14201,ENSG00000197776,KLHDC1,6
14202,ENSG00000197780,TAF13,64
14203,ENSG00000197785,ATAD3A,0
14204,ENSG00000197790,OR52M1,0
14205,ENSG00000197798,FAM118B,0
14206,ENSG00000197816,CCDC180,0
14207,ENSG00000197818,SLC9A8,0
14208,ENSG00000197822,OCLN,28
14209,ENSG00000197826,CFAP299,0
14210,ENSG00000197852,INKA2,0
14211,ENSG00000197858,GPAA1,4
14212,ENSG00000197859,ADAMTSL2,0
14213,ENSG00000197860,SGTB,1
14214,ENSG00000197872,CYRIA,0
14215,ENSG00000197879,MYO1C,41
14216,ENSG00000197885,NKIRAS1,0
14217,ENSG00000197889,MEIG1,1
14218,ENSG00000197891,SLC22A12,1
14219,ENSG00000197892,KIF13B,3
14220,ENSG00000197893,NRAP,0
14221,ENSG00000197894,ADH5,1
14222,ENSG00000197901,SLC22A6,0
14223,ENSG00000197905,TEAD4,15
14224,ENSG00000197912,SPG7,22
14225,ENSG00000197921,HES5,3
14226,ENSG00000197930,ERO1A,4
14227,ENSG00000197943,PLCG2,30
14228,ENSG00000197948,FCHSD1,0
14229,ENSG00000197953,AADACL2,0
14230,ENSG00000197956,S100A6,5
14231,ENSG00000197958,RPL12,79
14232,ENSG00000197959,DNM3,2
14233,ENSG00000197965,MPZL1,1
14234,ENSG00000197969,VPS13A,0
14235,ENSG00000197971,MBP,8
14236,ENSG00000197976,AKAP17A,0
14237,ENSG00000197977,ELOVL2,7
14238,ENSG00000197980,LEKR1,0
14239,ENSG00000197982,C1orf122,0
14240,ENSG00000197992,CLEC9A,0
14241,ENSG00000197993,KEL,1
14242,ENSG00000198000,NOL8,0
14243,ENSG00000198001,IRAK4,18
14244,ENSG00000198003,ODAD3,2
14245,ENSG00000198010,DLGAP2,3
14246,ENSG00000198015,MRPL42,98
14247,ENSG00000198018,ENTPD7,0
14248,ENSG00000198026,ZNF335,1
14249,ENSG00000198034,RPS4X,154
14250,ENSG00000198042,MAK16,26
14251,ENSG00000198046,ZNF667,0
14252,ENSG00000198049,AVPR1B,3
14253,ENSG00000198055,GRK6,5
14254,ENSG00000198056,PRIM1,23
14255,ENSG00000198060,MARCHF5,4
14256,ENSG00000198081,ZBTB14,0
14257,ENSG00000198087,CD2AP,31
14258,ENSG00000198089,SFI1,3
14259,ENSG00000198092,TMPRSS11F,0
14260,ENSG00000198099,ADH4,0
14261,ENSG00000198104,OR2T6,0
14262,ENSG00000198105,ZNF248,0
14263,ENSG00000198108,CHSY3,2
14264,ENSG00000198113,TOR4A,0
14265,ENSG00000198121,LPAR1,13
14266,ENSG00000198125,MB,6
14267,ENSG00000198130,HIBCH,27
14268,ENSG00000198133,TMEM229B,0
14269,ENSG00000198142,SOWAHC,0
14270,ENSG00000198146,ZNF770,0
14271,ENSG00000198160,MIER1,3
14272,ENSG00000198162,MAN1A2,2
14273,ENSG00000198168,SVIP,1
14274,ENSG00000198169,ZNF251,0
14275,ENSG00000198171,DDRGK1,3
14276,ENSG00000198176,TFDP1,22
14277,ENSG00000198185,ZNF334,0
14278,ENSG00000198189,HSD17B11,0
14279,ENSG00000198198,SZT2,10
14280,ENSG00000198203,SULT1C2,1
14281,ENSG00000198208,RPS6KL1,0
14282,ENSG00000198216,CACNA1E,11
14283,ENSG00000198218,QRICH1,0
14284,ENSG00000198231,DDX42,12
14285,ENSG00000198246,SLC29A3,2
14286,ENSG00000198265,HELZ,1
14287,ENSG00000198270,TMEM116,0
14288,ENSG00000198276,UCKL1,3
14289,ENSG00000198283,OR5B21,0
14290,ENSG00000198286,CARD11,12
14291,ENSG00000198300,PEG3,0
14292,ENSG00000198301,SDAD1,1
14293,ENSG00000198315,ZKSCAN8,0
14294,ENSG00000198324,PHETA1,3
14295,ENSG00000198326,TMEM239,0
14296,ENSG00000198331,HYLS1,0
14297,ENSG00000198336,MYL4,5
14298,ENSG00000198353,HOXC4,10
14299,ENSG00000198355,PIM3,0
14300,ENSG00000198356,GET3,8
14301,ENSG00000198363,ASPH,7
14302,ENSG00000198369,SPRED2,4
14303,ENSG00000198373,WWP2,5
14304,ENSG00000198380,GFPT1,3
14305,ENSG00000198382,UVRAG,11
14306,ENSG00000198398,TMEM207,0
14307,ENSG00000198399,ITSN2,12
14308,ENSG00000198400,NTRK1,30
14309,ENSG00000198408,OGA,1
14310,ENSG00000198420,TCAF1,0
14311,ENSG00000198431,TXNRD1,3
14312,ENSG00000198435,NRARP,2
14313,ENSG00000198440,ZNF583,0
14314,ENSG00000198445,CCT8L2,8
14315,ENSG00000198467,TPM2,6
14316,ENSG00000198471,RTP2,0
14317,ENSG00000198478,SH3BGRL2,0
14318,ENSG00000198483,ANKRD35,0
14319,ENSG00000198488,B3GNT6,0
14320,ENSG00000198492,YTHDF2,4
14321,ENSG00000198498,TMA16,30
14322,ENSG00000198513,ATL1,2
14323,ENSG00000198515,CNGA1,3
14324,ENSG00000198517,MAFK,7
14325,ENSG00000198520,ARMH1,0
14326,ENSG00000198522,GPN1,5
14327,ENSG00000198523,PLN,19
14328,ENSG00000198542,ITGBL1,0
14329,ENSG00000198546,ZNF511,0
14330,ENSG00000198551,ZNF627,0
14331,ENSG00000198553,KCNRG,0
14332,ENSG00000198554,WDHD1,25
14333,ENSG00000198561,CTNND1,26
14334,ENSG00000198563,DDX39B,51
14335,ENSG00000198569,SLC34A3,3
14336,ENSG00000198570,RD3,0
14337,ENSG00000198576,ARC,2
14338,ENSG00000198586,TLK1,2
14339,ENSG00000198589,LRBA,0
14340,ENSG00000198597,ZNF536,0
14341,ENSG00000198598,MMP17,0
14342,ENSG00000198604,BAZ1A,11
14343,ENSG00000198612,COPS8,23
14344,ENSG00000198625,MDM4,11
14345,ENSG00000198626,RYR2,15
14346,ENSG00000198642,KLHL9,33
14347,ENSG00000198643,FAM3D,0
14348,ENSG00000198646,NCOA6,13
14349,ENSG00000198648,STK39,1
14350,ENSG00000198650,TAT,4
14351,ENSG00000198663,C6orf89,0
14352,ENSG00000198668,CALM1,0
14353,ENSG00000198673,TAFA2,0
14354,ENSG00000198674,OR10G6,0
14355,ENSG00000198677,SKIC3,2
14356,ENSG00000198678,OR5BS1P,0
14357,ENSG00000198680,TUSC1,0
14358,ENSG00000198682,PAPSS2,4
14359,ENSG00000198689,SLC9A6,1
14360,ENSG00000198690,FAN1,5
14361,ENSG00000198691,ABCA4,0
14362,ENSG00000198695,MT-ND6,60
14363,ENSG00000198700,IPO9,0
14364,ENSG00000198704,GPX6,7
14365,ENSG00000198707,CEP290,17
14366,ENSG00000198712,MT-CO2,30
14367,ENSG00000198715,GLMP,0
14368,ENSG00000198718,TOGARAM1,0
14369,ENSG00000198719,DLL1,7
14370,ENSG00000198720,ANKRD13B,0
14371,ENSG00000198722,UNC13B,16
14372,ENSG00000198723,SAXO5,0
14373,ENSG00000198727,MT-CYB,63
14374,ENSG00000198728,LDB1,34
14375,ENSG00000198729,PPP1R14C,0
14376,ENSG00000198730,CTR9,58
14377,ENSG00000198732,SMOC1,0
14378,ENSG00000198734,F5,2
14379,ENSG00000198736,MSRB1,0
14380,ENSG00000198739,LRRTM3,2
14381,ENSG00000198740,ZNF652,1
14382,ENSG00000198742,SMURF1,15
14383,ENSG00000198743,SLC5A3,0
14384,ENSG00000198746,GPATCH3,0
14385,ENSG00000198752,CDC42BPB,0
14386,ENSG00000198753,PLXNB3,7
14387,ENSG00000198756,COLGALT2,9
14388,ENSG00000198758,EPS8L3,0
14389,ENSG00000198759,EGFL6,0
14390,ENSG00000198763,MT-ND2,61
14391,ENSG00000198765,SYCP1,5
14392,ENSG00000198771,RCSD1,0
14393,ENSG00000198774,RASSF9,0
14394,ENSG00000198780,FAM169A,0
14395,ENSG00000198783,ZNF830,14
14396,ENSG00000198785,GRIN3A,22
14397,ENSG00000198786,MT-ND5,61
14398,ENSG00000198791,CNOT7,20
14399,ENSG00000198792,TMEM184B,0
14400,ENSG00000198793,MTOR,40
14401,ENSG00000198794,SCAMP5,0
14402,ENSG00000198795,ZNF521,1
14403,ENSG00000198796,ALPK2,0
14404,ENSG00000198797,BRINP2,0
14405,ENSG00000198799,LRIG2,0
14406,ENSG00000198804,MT-CO1,71
14407,ENSG00000198807,PAX9,1
14408,ENSG00000198812,LRRC10,0
14409,ENSG00000198815,FOXJ3,0
14410,ENSG00000198816,ZNF358,0
14411,ENSG00000198821,CD247,15
14412,ENSG00000198822,GRM3,1
14413,ENSG00000198824,CHAMP1,2
14414,ENSG00000198825,INPP5F,4
14415,ENSG00000198826,ARHGAP11A,0
14416,ENSG00000198829,SUCNR1,0
14417,ENSG00000198832,SELENOM,0
14418,ENSG00000198833,UBE2J1,5
14419,ENSG00000198835,GJC2,3
14420,ENSG00000198836,OPA1,0
14421,ENSG00000198837,DENND4B,0
14422,ENSG00000198838,RYR3,8
14423,ENSG00000198839,ZNF277,0
14424,ENSG00000198840,MT-ND3,64
14425,ENSG00000198841,KTI12,0
14426,ENSG00000198842,STYXL2,0
14427,ENSG00000198843,SELENOT,0
14428,ENSG00000198844,ARHGEF15,1
14429,ENSG00000198846,TOX,0
14430,ENSG00000198851,CD3E,9
14431,ENSG00000198853,RUSC2,1
14432,ENSG00000198854,KPLCE,0
14433,ENSG00000198855,FICD,2
14434,ENSG00000198856,OSTC,19
14435,ENSG00000198858,R3HDM4,1
14436,ENSG00000198860,TSEN15,7
14437,ENSG00000198862,LTN1,30
14438,ENSG00000198863,RUNDC1,0
14439,ENSG00000198865,CCDC152,0
14440,ENSG00000198870,STKLD1,0
14441,ENSG00000198873,GRK5,5
14442,ENSG00000198876,DCAF12,27
14443,ENSG00000198879,SFMBT2,0
14444,ENSG00000198881,ASB12,1
14445,ENSG00000198885,ITPRIPL1,0
14446,ENSG00000198886,MT-ND4,66
14447,ENSG00000198887,SMC5,8
14448,ENSG00000198888,MT-ND1,69
14449,ENSG00000198890,PRMT6,2
14450,ENSG00000198892,SHISA4,0
14451,ENSG00000198894,CIPC,1
14452,ENSG00000198898,CAPZA2,15
14453,ENSG00000198899,MT-ATP6,24
14454,ENSG00000198900,TOP1,6
14455,ENSG00000198901,PRC1,4
14456,ENSG00000198909,MAP3K3,5
14457,ENSG00000198910,L1CAM,21
14458,ENSG00000198911,SREBF2,8
14459,ENSG00000198912,C1orf174,0
14460,ENSG00000198914,POU3F3,2
14461,ENSG00000198915,RASGEF1A,0
14462,ENSG00000198917,SPOUT1,0
14463,ENSG00000198919,DZIP3,0
14464,ENSG00000198920,KIAA0753,3
14465,ENSG00000198924,DCLRE1A,0
14466,ENSG00000198925,ATG9A,3
14467,ENSG00000198929,NOS1AP,5
14468,ENSG00000198931,APRT,1
14469,ENSG00000198932,GPRASP1,0
14470,ENSG00000198933,TBKBP1,6
14471,ENSG00000198934,MAGEE1,0
14472,ENSG00000198937,CCDC167,0
14473,ENSG00000198938,MT-CO3,70
14474,ENSG00000198939,ZFP2,0
14475,ENSG00000198944,SOWAHA,0
14476,ENSG00000198945,L3MBTL3,0
14477,ENSG00000198947,DMD,25
14478,ENSG00000198948,MFAP3L,0
14479,ENSG00000198951,NAGA,1
14480,ENSG00000198952,SMG5,8
14481,ENSG00000198954,KIFBP,4
14482,ENSG00000198959,TGM2,2
14483,ENSG00000198960,ARMCX6,0
14484,ENSG00000198961,PJA2,0
14485,ENSG00000198963,RORB,2
14486,ENSG00000198964,SGMS1,6
14487,ENSG00000198967,OR10Z1,0
14488,ENSG00000203485,INF2,0
14489,ENSG00000203499,IQANK1,0
14490,ENSG00000203618,GP1BB,7
14491,ENSG00000203666,EFCAB2,0
14492,ENSG00000203667,COX20,0
14493,ENSG00000203668,CHML,13
14494,ENSG00000203685,STUM,0
14495,ENSG00000203697,CAPN8,1
14496,ENSG00000203705,TATDN3,0
14497,ENSG00000203724,C1orf53,0
14498,ENSG00000203727,SAMD5,0
14499,ENSG00000203733,GJE1,0
14500,ENSG00000203734,ECT2L,0
14501,ENSG00000203737,GPR52,2
14502,ENSG00000203740,NTMT2,0
14503,ENSG00000203760,CENPW,15
14504,ENSG00000203772,SPRN,0
14505,ENSG00000203778,FAM229B,0
14506,ENSG00000203780,FANK1,0
14507,ENSG00000203783,PRR9,0
14508,ENSG00000203786,KPRP,0
14509,ENSG00000203791,EEF1AKMT2,0
14510,ENSG00000203797,DDO,0
14511,ENSG00000203805,PLPP4,6
14512,ENSG00000203814,H2BC18,5
14513,ENSG00000203867,RBM20,0
14514,ENSG00000203872,C6orf163,0
14515,ENSG00000203877,RIPPLY2,0
14516,ENSG00000203879,GDI1,18
14517,ENSG00000203880,PCMTD2,0
14518,ENSG00000203883,SOX18,0
14519,ENSG00000203896,LIME1,1
14520,ENSG00000203909,DPPA5,0
14521,ENSG00000203910,C1orf146,0
14522,ENSG00000203943,SAMD13,0
14523,ENSG00000203952,CCDC160,0
14524,ENSG00000203965,EFCAB7,0
14525,ENSG00000203970,DEFB110,0
14526,ENSG00000203972,GLYATL3,0
14527,ENSG00000203985,LDLRAD1,0
14528,ENSG00000203995,ZYG11A,1
14529,ENSG00000204001,LCN8,0
14530,ENSG00000204007,GLT6D1,0
14531,ENSG00000204020,LIPN,0
14532,ENSG00000204021,LIPK,0
14533,ENSG00000204025,TRPC5OS,0
14534,ENSG00000204033,LRIT2,0
14535,ENSG00000204052,LRRC73,0
14536,ENSG00000204060,FOXO6,0
14537,ENSG00000204070,SYS1,1
14538,ENSG00000204084,INPP5B,9
14539,ENSG00000204099,NEU4,1
14540,ENSG00000204103,MAFB,4
14541,ENSG00000204104,TRAF3IP1,18
14542,ENSG00000204116,CHIC1,0
14543,ENSG00000204120,GIGYF2,4
14544,ENSG00000204128,C2orf72,0
14545,ENSG00000204130,RUFY2,0
14546,ENSG00000204131,NHSL2,0
14547,ENSG00000204138,PHACTR4,0
14548,ENSG00000204160,ZDHHC18,0
14549,ENSG00000204161,TMEM273,0
14550,ENSG00000204165,CXorf65,0
14551,ENSG00000204175,GPRIN2,0
14552,ENSG00000204178,MACO1,0
14553,ENSG00000204179,PTPN20,0
14554,ENSG00000204193,TXNDC8,0
14555,ENSG00000204195,AWAT1,1
14556,ENSG00000204209,DAXX,20
14557,ENSG00000204217,BMPR2,21
14558,ENSG00000204219,TCEA3,1
14559,ENSG00000204220,PFDN6,23
14560,ENSG00000204227,RING1,65
14561,ENSG00000204228,HSD17B8,9
14562,ENSG00000204231,RXRB,15
14563,ENSG00000204246,OR13C3,0
14564,ENSG00000204248,COL11A2,9
14565,ENSG00000204252,HLA-DOA,6
14566,ENSG00000204256,BRD2,10
14567,ENSG00000204257,HLA-DMA,6
14568,ENSG00000204262,COL5A2,9
14569,ENSG00000204264,PSMB8,32
14570,ENSG00000204267,TAP2,5
14571,ENSG00000204272,NBDY,0
14572,ENSG00000204278,TMEM235,0
14573,ENSG00000204287,HLA-DRA,16
14574,ENSG00000204290,BTNL2,0
14575,ENSG00000204291,COL15A1,4
14576,ENSG00000204304,PBX2,2
14577,ENSG00000204305,AGER,9
14578,ENSG00000204308,RNF5,5
14579,ENSG00000204310,AGPAT1,7
14580,ENSG00000204311,PJVK,4
14581,ENSG00000204314,PRRT1,0
14582,ENSG00000204315,FKBPL,4
14583,ENSG00000204316,MRPL38,98
14584,ENSG00000204323,SMIM5,0
14585,ENSG00000204335,SP5,0
14586,ENSG00000204344,STK19,0
14587,ENSG00000204347,BTBD17,0
14588,ENSG00000204348,DXO,2
14589,ENSG00000204351,SKIC2,4
14590,ENSG00000204356,NELFE,42
14591,ENSG00000204361,NXPE2,0
14592,ENSG00000204366,ZBTB12,0
14593,ENSG00000204370,SDHD,5
14594,ENSG00000204371,EHMT2,28
14595,ENSG00000204381,LAYN,3
14596,ENSG00000204385,SLC44A4,0
14597,ENSG00000204386,NEU1,3
14598,ENSG00000204390,HSPA1L,12
14599,ENSG00000204392,LSM2,69
14600,ENSG00000204394,VARS1,2
14601,ENSG00000204396,VWA7,0
14602,ENSG00000204406,MBD5,1
14603,ENSG00000204410,MSH5,2
14604,ENSG00000204420,MPIG6B,2
14605,ENSG00000204421,LY6G6C,0
14606,ENSG00000204424,LY6G6F,0
14607,ENSG00000204427,ABHD16A,0
14608,ENSG00000204428,LY6G5C,0
14609,ENSG00000204435,CSNK2B,16
14610,ENSG00000204438,GPANK1,0
14611,ENSG00000204439,C6orf47,0
14612,ENSG00000204442,NALF1,4
14613,ENSG00000204444,APOM,18
14614,ENSG00000204463,BAG6,10
14615,ENSG00000204469,PRRC2A,0
14616,ENSG00000204472,AIF1,0
14617,ENSG00000204482,LST1,0
14618,ENSG00000204498,NFKBIL1,0
14619,ENSG00000204519,ZNF551,0
14620,ENSG00000204536,CCHCR1,0
14621,ENSG00000204538,PSORS1C2,0
14622,ENSG00000204539,CDSN,1
14623,ENSG00000204560,DHX16,73
14624,ENSG00000204564,C6orf136,0
14625,ENSG00000204568,MRPS18B,92
14626,ENSG00000204569,PPP1R10,6
14627,ENSG00000204574,ABCF1,20
14628,ENSG00000204576,PRR3,0
14629,ENSG00000204580,DDR1,1
14630,ENSG00000204590,GNL1,0
14631,ENSG00000204599,TRIM39,0
14632,ENSG00000204612,FOXB2,0
14633,ENSG00000204613,TRIM10,0
14634,ENSG00000204614,TRIM40,6
14635,ENSG00000204618,RNF39,0
14636,ENSG00000204619,PPP1R11,1
14637,ENSG00000204624,DISP3,0
14638,ENSG00000204628,RACK1,119
14639,ENSG00000204634,TBC1D8,0
14640,ENSG00000204640,NMS,4
14641,ENSG00000204653,ASPDH,0
14642,ENSG00000204655,MOG,0
14643,ENSG00000204673,AKT1S1,12
14644,ENSG00000204681,GABBR1,10
14645,ENSG00000204694,OR11A1,0
14646,ENSG00000204695,OR14J1,0
14647,ENSG00000204711,CFAP95,31
14648,ENSG00000204713,TRIM27,6
14649,ENSG00000204740,MALRD1,0
14650,ENSG00000204764,RANBP17,0
14651,ENSG00000204767,INSYN2B,0
14652,ENSG00000204815,ODAD4,1
14653,ENSG00000204822,MRPL53,98
14654,ENSG00000204839,MROH6,0
14655,ENSG00000204842,ATXN2,11
14656,ENSG00000204843,DCTN1,42
14657,ENSG00000204851,PNMA8B,0
14658,ENSG00000204852,TCTN1,13
14659,ENSG00000204856,FAM216A,0
14660,ENSG00000204859,ZBTB48,0
14661,ENSG00000204882,GPR20,0
14662,ENSG00000204889,KRT40,0
14663,ENSG00000204897,KRT25,0
14664,ENSG00000204899,MZT1,15
14665,ENSG00000204913,LRRC3C,0
14666,ENSG00000204922,UQCC3,0
14667,ENSG00000204923,FBXO48,0
14668,ENSG00000204928,GRXCR2,14
14669,ENSG00000204950,LRRC10B,0
14670,ENSG00000204952,FBXO47,0
14671,ENSG00000204956,PCDHGA1,0
14672,ENSG00000204965,PCDHA5,0
14673,ENSG00000204969,PCDHA2,0
14674,ENSG00000204970,PCDHA1,0
14675,ENSG00000204977,TRIM13,0
14676,ENSG00000204978,ERICH4,0
14677,ENSG00000204991,SPIRE2,1
14678,ENSG00000205002,AARD,0
14679,ENSG00000205022,PABPN1L,1
14680,ENSG00000205029,OR5D16,0
14681,ENSG00000205038,PKHD1L1,0
14682,ENSG00000205060,SLC35B4,0
14683,ENSG00000205078,SYCE1L,0
14684,ENSG00000205084,TMEM231,12
14685,ENSG00000205085,GARIN1A,1
14686,ENSG00000205090,TMEM240,0
14687,ENSG00000205111,CDKL4,0
14688,ENSG00000205116,TMEM88B,0
14689,ENSG00000205126,ACCSL,0
14690,ENSG00000205129,CFAP96,0
14691,ENSG00000205133,TRIQK,0
14692,ENSG00000205138,SDHAF1,4
14693,ENSG00000205143,ARID3C,0
14694,ENSG00000205155,PSENEN,8
14695,ENSG00000205177,C11orf91,0
14696,ENSG00000205186,FABP9,0
14697,ENSG00000205189,ZBTB10,0
14698,ENSG00000205208,C4orf46,0
14699,ENSG00000205213,LGR4,10
14700,ENSG00000205220,PSMB10,23
14701,ENSG00000205221,VIT,0
14702,ENSG00000205250,E2F4,21
14703,ENSG00000205268,PDE7A,0
14704,ENSG00000205269,TMEM170B,0
14705,ENSG00000205279,CTXN3,0
14706,ENSG00000205301,MGAT4D,2
14707,ENSG00000205302,SNX2,12
14708,ENSG00000205309,NT5M,10
14709,ENSG00000205323,SARNP,11
14710,ENSG00000205329,OR6C3,0
14711,ENSG00000205336,ADGRG1,4
14712,ENSG00000205339,IPO7,1
14713,ENSG00000205356,TECPR1,4
14714,ENSG00000205363,INSYN1,0
14715,ENSG00000205403,CFI,1
14716,ENSG00000205423,CNEP1R1,1
14717,ENSG00000205436,EXOC3L4,9
14718,ENSG00000205442,IZUMO3,0
14719,ENSG00000205476,CCDC85C,0
14720,ENSG00000205495,OR52J3,0
14721,ENSG00000205517,RGL3,0
14722,ENSG00000205531,NAP1L4,2
14723,ENSG00000205544,TMEM256,0
14724,ENSG00000205560,CPT1B,2
14725,ENSG00000205581,HMGN1,5
14726,ENSG00000205593,DENND6B,0
14727,ENSG00000205629,LCMT1,1
14728,ENSG00000205639,MFSD2B,0
14729,ENSG00000205643,CDPF1,0
14730,ENSG00000205659,LIN52,9
14731,ENSG00000205669,ACOT6,0
14732,ENSG00000205670,SMIM11,0
14733,ENSG00000205678,TECRL,0
14734,ENSG00000205683,DPF3,0
14735,ENSG00000205693,MANSC4,0
14736,ENSG00000205704,SMIM45,0
14737,ENSG00000205707,ETFRF1,2
14738,ENSG00000205710,C17orf107,0
14739,ENSG00000205726,ITSN1,26
14740,ENSG00000205730,ITPRIPL2,0
14741,ENSG00000205744,DENND1C,0
14742,ENSG00000205758,CRYZL1,2
14743,ENSG00000205765,RIMOC1,0
14744,ENSG00000205784,ARRDC5,0
14745,ENSG00000205795,CYS1,1
14746,ENSG00000205808,PLPP6,0
14747,ENSG00000205835,GMNC,1
14748,ENSG00000205838,TTC23L,0
14749,ENSG00000205846,CLEC6A,3
14750,ENSG00000205884,DEFB136,0
14751,ENSG00000205899,BHLHA9,0
14752,ENSG00000205903,ZNF316,0
14753,ENSG00000205922,ONECUT3,0
14754,ENSG00000205927,OLIG2,3
14755,ENSG00000205929,C21orf62,0
14756,ENSG00000205937,RNPS1,13
14757,ENSG00000205978,NYNRIN,0
14758,ENSG00000205981,DNAJC19,7
14759,ENSG00000206013,IFITM5,0
14760,ENSG00000206043,C18orf63,0
14761,ENSG00000206052,DOK6,0
14762,ENSG00000206053,JPT2,0
14763,ENSG00000206069,LHFPL7,0
14764,ENSG00000206072,SERPINB11,0
14765,ENSG00000206075,SERPINB5,0
14766,ENSG00000206107,KRTAP27-1,0
14767,ENSG00000206113,CFAP99,0
14768,ENSG00000206150,RNASE13,0
14769,ENSG00000206190,ATP10A,6
14770,ENSG00000206199,ANKUB1,0
14771,ENSG00000206203,TSSK2,0
14772,ENSG00000206384,COL6A6,0
14773,ENSG00000206418,RAB12,0
14774,ENSG00000206422,LRRC30,0
14775,ENSG00000206432,TMEM200C,0
14776,ENSG00000206474,OR10C1,0
14777,ENSG00000206527,HACD2,9
14778,ENSG00000206530,CFAP44,0
14779,ENSG00000206535,LNP1,0
14780,ENSG00000206538,VGLL3,0
14781,ENSG00000206557,TRIM71,1
14782,ENSG00000206559,ZCWPW2,2
14783,ENSG00000206560,ANKRD28,4
14784,ENSG00000206561,COLQ,4
14785,ENSG00000206562,METTL6,0
14786,ENSG00000206579,XKR4,0
14787,ENSG00000211445,GPX3,7
14788,ENSG00000211448,DIO2,1
14789,ENSG00000211450,SELENOH,0
14790,ENSG00000211452,DIO1,1
14791,ENSG00000211454,AKR7L,0
14792,ENSG00000211455,STK38L,2
14793,ENSG00000211456,SACM1L,0
14794,ENSG00000211460,TSN,1
14795,ENSG00000211584,SLC48A1,0
14796,ENSG00000212122,TSSK1B,0
14797,ENSG00000212123,PRR22,0
14798,ENSG00000212657,KRTAP16-1,0
14799,ENSG00000212864,RNF208,0
14800,ENSG00000212901,KRTAP3-1,0
14801,ENSG00000212907,MT-ND4L,59
14802,ENSG00000213015,ZNF580,0
14803,ENSG00000213022,KLK9,0
14804,ENSG00000213023,SYT3,0
14805,ENSG00000213024,NUP62,25
14806,ENSG00000213047,DENND1B,2
14807,ENSG00000213064,SFT2D2,0
14808,ENSG00000213066,CEP43,6
14809,ENSG00000213079,SCAF8,0
14810,ENSG00000213085,CFAP45,31
14811,ENSG00000213088,ACKR1,3
14812,ENSG00000213123,DYNLT2B,14
14813,ENSG00000213139,CRYGS,0
14814,ENSG00000213145,CRIP1,0
14815,ENSG00000213160,KLHL23,0
14816,ENSG00000213171,LINGO4,0
14817,ENSG00000213186,TRIM59,1
14818,ENSG00000213190,MLLT11,0
14819,ENSG00000213199,ASIC3,3
14820,ENSG00000213203,GIMAP1,0
14821,ENSG00000213221,DNLZ,1
14822,ENSG00000213246,SUPT4H1,52
14823,ENSG00000213265,TSGA13,0
14824,ENSG00000213281,NRAS,9
14825,ENSG00000213337,ANKRD39,0
14826,ENSG00000213339,QTRT1,1
14827,ENSG00000213341,CHUK,40
14828,ENSG00000213347,MXD3,0
14829,ENSG00000213366,GSTM2,2
14830,ENSG00000213380,COG8,0
14831,ENSG00000213390,ARHGAP19,0
14832,ENSG00000213397,HAUS7,6
14833,ENSG00000213398,LCAT,19
14834,ENSG00000213402,PTPRCAP,1
14835,ENSG00000213420,GPC2,1
14836,ENSG00000213424,KRT222,0
14837,ENSG00000213445,SIPA1,0
14838,ENSG00000213463,SYNJ2BP,1
14839,ENSG00000213465,ARL2,4
14840,ENSG00000213471,TTLL13,0
14841,ENSG00000213523,SRA1,11
14842,ENSG00000213533,STIMATE,0
14843,ENSG00000213551,DNAJC9,26
14844,ENSG00000213563,C8orf82,0
14845,ENSG00000213578,CPLX3,3
14846,ENSG00000213585,VDAC1,52
14847,ENSG00000213588,ZBTB9,0
14848,ENSG00000213593,TMX2,0
14849,ENSG00000213614,HEXA,4
14850,ENSG00000213619,NDUFS3,69
14851,ENSG00000213625,LEPROT,0
14852,ENSG00000213626,LBH,0
14853,ENSG00000213639,PPP1CB,31
14854,ENSG00000213654,GPSM3,0
14855,ENSG00000213658,LAT,21
14856,ENSG00000213672,NCKIPSD,11
14857,ENSG00000213676,ATF6B,11
14858,ENSG00000213689,TREX1,0
14859,ENSG00000213694,S1PR3,5
14860,ENSG00000213699,SLC35F6,0
14861,ENSG00000213719,CLIC1,0
14862,ENSG00000213722,DDAH2,0
14863,ENSG00000213741,RPS29,112
14864,ENSG00000213760,ATP6V1G2,26
14865,ENSG00000213780,GTF2H4,69
14866,ENSG00000213782,DDX47,20
14867,ENSG00000213809,KLRK1,6
14868,ENSG00000213822,CEACAM18,0
14869,ENSG00000213853,EMP2,0
14870,ENSG00000213859,KCTD11,1
14871,ENSG00000213886,UBD,4
14872,ENSG00000213889,PPM1N,0
14873,ENSG00000213892,CEACAM16,0
14874,ENSG00000213901,SLC23A3,0
14875,ENSG00000213906,LTB4R2,0
14876,ENSG00000213918,DNASE1,0
14877,ENSG00000213923,CSNK1E,18
14878,ENSG00000213928,IRF9,7
14879,ENSG00000213930,GALT,3
14880,ENSG00000213931,HBE1,1
14881,ENSG00000213937,CLDN9,4
14882,ENSG00000213949,ITGA1,28
14883,ENSG00000213965,NUDT19,1
14884,ENSG00000213977,TAX1BP3,2
14885,ENSG00000213983,AP1G2,18
14886,ENSG00000213995,NAXD,0
14887,ENSG00000213996,TM6SF2,0
14888,ENSG00000213999,MEF2B,9
14889,ENSG00000214013,GANC,0
14890,ENSG00000214021,TTLL3,0
14891,ENSG00000214022,REPIN1,7
14892,ENSG00000214046,SMIM7,0
14893,ENSG00000214050,FBXO16,1
14894,ENSG00000214063,TSPAN4,0
14895,ENSG00000214087,ARL16,0
14896,ENSG00000214097,SMCO1,0
14897,ENSG00000214102,WEE2,1
14898,ENSG00000214113,LYRM4,3
14899,ENSG00000214114,MYCBP,1
14900,ENSG00000214128,TMEM213,0
14901,ENSG00000214140,PRCD,0
14902,ENSG00000214160,ALG3,0
14903,ENSG00000214194,SMIM30,0
14904,ENSG00000214212,C19orf38,0
14905,ENSG00000214216,IQCJ,0
14906,ENSG00000214226,C17orf67,0
14907,ENSG00000214237,MINDY4B,0
14908,ENSG00000214253,FIS1,11
14909,ENSG00000214279,SCART1,0
14910,ENSG00000214285,NPS,1
14911,ENSG00000214290,POU2AF3,0
14912,ENSG00000214309,MBLAC1,0
14913,ENSG00000214336,FOXI3,0
14914,ENSG00000214338,MTCL3,0
14915,ENSG00000214357,NEURL1B,0
14916,ENSG00000214360,EFCAB9,25
14917,ENSG00000214367,HAUS3,6
14918,ENSG00000214376,VSTM5,0
14919,ENSG00000214413,BBIP1,6
14920,ENSG00000214415,GNAT3,4
14921,ENSG00000214435,AS3MT,0
14922,ENSG00000214447,FAM187A,0
14923,ENSG00000214456,PLIN5,2
14924,ENSG00000214510,SPINK13,0
14925,ENSG00000214511,HIGD1C,0
14926,ENSG00000214513,NOTO,0
14927,ENSG00000214517,PPME1,6
14928,ENSG00000214530,STARD10,1
14929,ENSG00000214575,CPEB1,10
14930,ENSG00000214595,EML6,0
14931,ENSG00000214642,DEFB113,0
14932,ENSG00000214654,B3GALT9,0
14933,ENSG00000214655,ZSWIM8,34
14934,ENSG00000214681,IQCF5,0
14935,ENSG00000214686,IQCF6,0
14936,ENSG00000214688,C10orf105,0
14937,ENSG00000214694,ARHGEF33,0
14938,ENSG00000214706,IFRD2,1
14939,ENSG00000214736,TOMM6,6
14940,ENSG00000214753,HNRNPUL2,1
14941,ENSG00000214814,FER1L6,0
14942,ENSG00000214827,MTCP1,0
14943,ENSG00000214872,SMTNL1,0
14944,ENSG00000214941,ZSWIM7,24
14945,ENSG00000214943,GPR33,0
14946,ENSG00000214944,ARHGEF28,3
14947,ENSG00000214954,LRRC69,0
14948,ENSG00000214960,CRPPA,0
14949,ENSG00000214978,GSG1L2,0
14950,ENSG00000215009,ACSM4,0
14951,ENSG00000215018,COL28A1,0
14952,ENSG00000215021,PHB2,8
14953,ENSG00000215041,NEURL4,2
14954,ENSG00000215045,GRID2IP,1
14955,ENSG00000215114,UBXN2B,4
14956,ENSG00000215131,C16orf90,0
14957,ENSG00000215183,MSMP,0
14958,ENSG00000215193,PEX26,4
14959,ENSG00000215203,GRXCR1,14
14960,ENSG00000215217,CFAP90,31
14961,ENSG00000215218,UBE2QL1,2
14962,ENSG00000215251,FASTKD5,0
14963,ENSG00000215277,RNF212B,0
14964,ENSG00000215305,VPS16,11
14965,ENSG00000215397,SCRT2,0
14966,ENSG00000215421,ZNF407,0
14967,ENSG00000215440,NPEPL1,0
14968,ENSG00000215474,SKOR2,0
14969,ENSG00000215475,SIAH3,0
14970,ENSG00000215529,EFCAB8,0
14971,ENSG00000215595,C20orf202,0
14972,ENSG00000215612,HMX1,0
14973,ENSG00000215644,GCGR,4
14974,ENSG00000215712,TMEM242,0
14975,ENSG00000215788,TNFRSF25,8
14976,ENSG00000215845,TSTD1,0
14977,ENSG00000215883,CYB5RL,2
14978,ENSG00000215906,LACTBL1,0
14979,ENSG00000215912,TTC34,0
14980,ENSG00000216490,IFI30,0
14981,ENSG00000217128,FNIP1,2
14982,ENSG00000217236,SP9,0
14983,ENSG00000217442,SYCE3,4
14984,ENSG00000217555,CKLF,0
14985,ENSG00000218336,TENM3,3
14986,ENSG00000218739,CEBPZOS,0
14987,ENSG00000218823,PAPOLB,8
14988,ENSG00000218891,ZNF579,0
14989,ENSG00000219200,RNASEK,26
14990,ENSG00000219438,TAFA5,0
14991,ENSG00000219545,UMAD1,0
14992,ENSG00000219607,PPP1R3G,0
14993,ENSG00000219626,FAM228B,0
14994,ENSG00000220008,LINGO3,0
14995,ENSG00000220201,ZGLP1,0
14996,ENSG00000220205,VAMP2,47
14997,ENSG00000221813,OR6B1,0
14998,ENSG00000221818,EBF2,1
14999,ENSG00000221823,PPP3R1,20
15000,ENSG00000221829,FANCG,20
15001,ENSG00000221836,OR2A5,0
15002,ENSG00000221838,AP4M1,25
15003,ENSG00000221855,TAS2R41,0
15004,ENSG00000221858,OR2A12,0
15005,ENSG00000221866,PLXNA4,10
15006,ENSG00000221869,CEBPD,3
15007,ENSG00000221890,NPTXR,1
15008,ENSG00000221914,PPP2R2A,22
15009,ENSG00000221926,TRIM16,3
15010,ENSG00000221931,OR6X1,0
15011,ENSG00000221933,OR2A25,0
15012,ENSG00000221937,TAS2R40,0
15013,ENSG00000221946,FXYD7,0
15014,ENSG00000221947,XKR9,0
15015,ENSG00000221955,SLC12A8,0
15016,ENSG00000221968,FADS3,0
15017,ENSG00000221977,OR4E2,0
15018,ENSG00000221978,CCNL2,14
15019,ENSG00000221983,UBA52,252
15020,ENSG00000221986,MYBPHL,0
15021,ENSG00000221988,PPT2,1
15022,ENSG00000221996,OR52B4,0
15023,ENSG00000222009,BTBD19,0
15024,ENSG00000222011,FAM185A,0
15025,ENSG00000222018,C21orf140,0
15026,ENSG00000222028,PSMB11,19
15027,ENSG00000222046,DCDC2B,0
15028,ENSG00000223496,EXOSC6,20
15029,ENSG00000223501,VPS52,6
15030,ENSG00000223573,TINCR,0
15031,ENSG00000223953,C1QTNF5,0
15032,ENSG00000224051,CPTP,0
15033,ENSG00000224470,ATXN1L,2
15034,ENSG00000224531,SMIM13,0
15035,ENSG00000224877,NDUFAF8,1
15036,ENSG00000224940,PRRT4,0
15037,ENSG00000224982,TMEM233,0
15038,ENSG00000225190,PLEKHM1,3
15039,ENSG00000225526,MKRN2OS,0
15040,ENSG00000225556,C2CD4D,0
15041,ENSG00000225663,MCRIP1,0
15042,ENSG00000225697,SLC26A6,1
15043,ENSG00000225828,FAM229A,0
15044,ENSG00000225830,ERCC6,70
15045,ENSG00000225921,NOL7,61
15046,ENSG00000225950,NTF4,5
15047,ENSG00000225968,ELFN1,0
15048,ENSG00000225973,PIGBOS1,0
15049,ENSG00000226321,CROCC2,0
15050,ENSG00000226479,TMEM185B,0
15051,ENSG00000226490,C8orf90,0
15052,ENSG00000226742,HSBP1L1,0
15053,ENSG00000226792,C13orf42,0
15054,ENSG00000226807,MROH5,0
15055,ENSG00000226979,LTA,6
15056,ENSG00000227051,C14orf132,0
15057,ENSG00000227057,WDR46,70
15058,ENSG00000227345,PARG,1
15059,ENSG00000227500,SCAMP4,0
15060,ENSG00000227507,LTB,2
15061,ENSG00000227729,RD3L,0
15062,ENSG00000228336,OR9H1P,0
15063,ENSG00000228474,OST4,19
15064,ENSG00000228594,FNDC10,0
15065,ENSG00000228672,PROB1,0
15066,ENSG00000228727,SAPCD1,0
15067,ENSG00000229453,SPINK8,0
15068,ENSG00000229474,PATL2,4
15069,ENSG00000229544,NKX1-2,0
15070,ENSG00000229809,ZNF688,0
15071,ENSG00000229833,PET100,1
15072,ENSG00000229937,PRPS1L1,3
15073,ENSG00000230062,ANKRD66,0
15074,ENSG00000230124,ACBD6,1
15075,ENSG00000230561,CCDC192,0
15076,ENSG00000230707,HAPSTR2,0
15077,ENSG00000230778,ANKRD63,0
15078,ENSG00000230873,STMND1,0
15079,ENSG00000230989,HSBP1,2
15080,ENSG00000231213,PLSCR5,0
15081,ENSG00000231256,CFAP97D1,0
15082,ENSG00000231274,SBK3,0
15083,ENSG00000231500,RPS18,188
15084,ENSG00000231824,AKAIN1,0
15085,ENSG00000231852,CYP21A2,0
15086,ENSG00000231925,TAPBP,8
15087,ENSG00000232070,TMEM253,0
15088,ENSG00000232112,TMA7,0
15089,ENSG00000232113,TEX50,0
15090,ENSG00000232119,MCTS1,30
15091,ENSG00000232125,DYTN,0
15092,ENSG00000232237,ASCL5,0
15093,ENSG00000232258,TMEM114,0
15094,ENSG00000232434,AJM1,0
15095,ENSG00000232810,TNF,56
15096,ENSG00000232838,PET117,2
15097,ENSG00000232859,LYRM9,0
15098,ENSG00000233198,RNF224,0
15099,ENSG00000233276,GPX1,0
15100,ENSG00000233436,BTBD18,0
15101,ENSG00000233493,TMEM238,0
15102,ENSG00000233608,TWIST2,3
15103,ENSG00000233670,PIRT,0
15104,ENSG00000233927,RPS28,160
15105,ENSG00000233932,CTXN2,0
15106,ENSG00000234127,TRIM26,1
15107,ENSG00000234224,TMEM229A,0
15108,ENSG00000234284,ZNF879,0
15109,ENSG00000234409,CCDC188,0
15110,ENSG00000234438,KBTBD13,1
15111,ENSG00000234465,PINLYP,0
15112,ENSG00000234545,FAM133B,0
15113,ENSG00000234602,MCIDAS,2
15114,ENSG00000234616,JRK,0
15115,ENSG00000234776,FREY1,0
15116,ENSG00000234828,IQCM,0
15117,ENSG00000234906,APOC2,19
15118,ENSG00000234965,SHISA8,0
15119,ENSG00000235034,C19orf81,0
15120,ENSG00000235098,ANKRD65,0
15121,ENSG00000235118,FAM237A,0
15122,ENSG00000235162,C12orf75,0
15123,ENSG00000235169,SMIM1,0
15124,ENSG00000235173,HGH1,1
15125,ENSG00000235194,PPP1R3E,8
15126,ENSG00000235387,SPAAR,0
15127,ENSG00000235608,NKX1-1,0
15128,ENSG00000235631,RNF148,0
15129,ENSG00000235711,ANKRD34C,0
15130,ENSG00000235718,MFRP,0
15131,ENSG00000235750,KIAA0040,0
15132,ENSG00000235863,B3GALT4,1
15133,ENSG00000236027,PATE3,0
15134,ENSG00000236104,ZBTB22,0
15135,ENSG00000236279,CLEC2L,0
15136,ENSG00000236320,SLFN14,0
15137,ENSG00000236398,TAS2R39,0
15138,ENSG00000236543,NOT_AVAILABLE,0
15139,ENSG00000236609,ZNF853,0
15140,ENSG00000236699,ARHGEF38,0
15141,ENSG00000236980,C3orf84,0
15142,ENSG00000237110,TAAR9,0
15143,ENSG00000237136,C4orf51,0
15144,ENSG00000237172,B3GNT9,0
15145,ENSG00000237190,CDKN2AIPNL,0
15146,ENSG00000237330,RNF223,0
15147,ENSG00000237388,OR4A47,0
15148,ENSG00000237412,PRSS56,0
15149,ENSG00000237441,RGL2,1
15150,ENSG00000237515,SHISA9,21
15151,ENSG00000237621,OR9A1P,0
15152,ENSG00000237651,C2orf74,0
15153,ENSG00000237988,OR2I1P,0
15154,ENSG00000238227,TMEM250,0
15155,ENSG00000239264,TXNDC5,7
15156,ENSG00000239282,CASTOR1,4
15157,ENSG00000239305,RNF103,0
15158,ENSG00000239306,RBM14,6
15159,ENSG00000239382,ALKBH6,0
15160,ENSG00000239388,ASB14,0
15161,ENSG00000239389,PCDHA13,0
15162,ENSG00000239474,KLHL41,31
15163,ENSG00000239590,OR1J4,0
15164,ENSG00000239605,STPG4,0
15165,ENSG00000239642,MEIKIN,0
15166,ENSG00000239672,NME1,12
15167,ENSG00000239697,TNFSF12,2
15168,ENSG00000239732,TLR9,13
15169,ENSG00000239779,WBP1,2
15170,ENSG00000239789,MRPS17,93
15171,ENSG00000239857,GET4,6
15172,ENSG00000239900,ADSL,0
15173,ENSG00000240053,LY6G5B,0
15174,ENSG00000240065,PSMB9,37
15175,ENSG00000240184,PCDHGC3,0
15176,ENSG00000240230,COX19,0
15177,ENSG00000240303,ACAD11,2
15178,ENSG00000240344,PPIL3,15
15179,ENSG00000240583,AQP1,4
15180,ENSG00000240682,ISY1,42
15181,ENSG00000240694,PNMA2,0
15182,ENSG00000240720,LRRD1,0
15183,ENSG00000240764,PCDHGC5,0
15184,ENSG00000240771,ARHGEF25,1
15185,ENSG00000240849,PEDS1,0
15186,ENSG00000240857,RDH14,0
15187,ENSG00000240891,PLCXD2,0
15188,ENSG00000240972,MIF,5
15189,ENSG00000241058,NSUN6,0
15190,ENSG00000241106,HLA-DOB,6
15191,ENSG00000241127,YAE1,0
15192,ENSG00000241224,C3orf85,0
15193,ENSG00000241258,CRCP,33
15194,ENSG00000241360,PDXP,2
15195,ENSG00000241370,RPP21,23
15196,ENSG00000241399,CD302,0
15197,ENSG00000241404,EGFL8,0
15198,ENSG00000241468,ATP5MF,15
15199,ENSG00000241484,ARHGAP8,0
15200,ENSG00000241553,ARPC4,16
15201,ENSG00000241563,CORT,6
15202,ENSG00000241635,UGT1A1,0
15203,ENSG00000241644,INMT,0
15204,ENSG00000241685,ARPC1A,11
15205,ENSG00000241697,TMEFF1,0
15206,ENSG00000241837,ATP5PO,25
15207,ENSG00000241839,PLEKHO2,0
15208,ENSG00000241852,C8orf58,0
15209,ENSG00000241935,HOGA1,0
15210,ENSG00000241945,PWP2,65
15211,ENSG00000241973,PI4KA,6
15212,ENSG00000242028,HYPK,5
15213,ENSG00000242110,AMACR,0
15214,ENSG00000242114,MTFP1,0
15215,ENSG00000242120,MDFIC2,0
15216,ENSG00000242173,ARHGDIG,8
15217,ENSG00000242247,ARFGAP3,3
15218,ENSG00000242259,C22orf39,0
15219,ENSG00000242372,EIF6,59
15220,ENSG00000242419,PCDHGC4,0
15221,ENSG00000242441,GTF2A1L,3
15222,ENSG00000242485,MRPL20,104
15223,ENSG00000242498,ARPIN,8
15224,ENSG00000242550,SERPINB10,0
15225,ENSG00000242612,DECR2,1
15226,ENSG00000242616,GNG10,8
15227,ENSG00000242689,CNTF,9
15228,ENSG00000242715,CCDC169,0
15229,ENSG00000242732,RTL5,0
15230,ENSG00000242802,AP5Z1,20
15231,ENSG00000242866,STRC,2
15232,ENSG00000243056,EIF4EBP3,11
15233,ENSG00000243147,MRPL33,102
15234,ENSG00000243156,MICAL3,1
15235,ENSG00000243232,PCDHAC2,0
15236,ENSG00000243244,STON1,0
15237,ENSG00000243279,PRAF2,0
15238,ENSG00000243284,VSIG8,0
15239,ENSG00000243317,STMP1,0
15240,ENSG00000243335,KCTD7,1
15241,ENSG00000243364,EFNA4,9
15242,ENSG00000243449,NICOL1,0
15243,ENSG00000243477,NAA80,3
15244,ENSG00000243566,UPK3B,0
15245,ENSG00000243646,IL10RB,8
15246,ENSG00000243649,CFB,3
15247,ENSG00000243667,DNAAF10,10
15248,ENSG00000243678,NME2,9
15249,ENSG00000243708,PLA2G4B,0
15250,ENSG00000243710,CFAP57,0
15251,ENSG00000243725,TTC4,1
15252,ENSG00000243749,TMEM35B,0
15253,ENSG00000243789,JMJD7,0
15254,ENSG00000243927,MRPS6,100
15255,ENSG00000243943,ZNF512,0
15256,ENSG00000243978,RTL9,0
15257,ENSG00000243989,ACY1,0
15258,ENSG00000244005,NFS1,3
15259,ENSG00000244038,DDOST,21
15260,ENSG00000244045,TMEM199,22
15261,ENSG00000244187,TMEM141,0
15262,ENSG00000244242,IFITM10,0
15263,ENSG00000244274,DBNDD2,0
15264,ENSG00000244355,LY6G6D,0
15265,ENSG00000244405,ETV5,1
15266,ENSG00000244486,SCARF2,0
15267,ENSG00000244588,RAD21L1,8
15268,ENSG00000244607,CCDC13,0
15269,ENSG00000244617,ASPRV1,0
15270,ENSG00000244687,UBE2V1,19
15271,ENSG00000244694,PTCHD4,0
15272,ENSG00000244752,CRYBB2,0
15273,ENSG00000244754,N4BP2L2,0
15274,ENSG00000245848,CEBPA,15
15275,ENSG00000246705,H2AJ,4
15276,ENSG00000246922,UBAP1L,0
15277,ENSG00000247077,PGAM5,4
15278,ENSG00000247315,ZCCHC3,0
15279,ENSG00000247596,TWF2,12
15280,ENSG00000247626,MARS2,13
15281,ENSG00000247746,USP51,3
15282,ENSG00000248098,BCKDHA,7
15283,ENSG00000248099,INSL3,4
15284,ENSG00000248383,PCDHAC1,0
15285,ENSG00000248483,POU5F2,0
15286,ENSG00000248485,PCP4L1,0
15287,ENSG00000248487,ABHD14A,0
15288,ENSG00000248712,CCDC153,0
15289,ENSG00000248713,C4orf54,0
15290,ENSG00000248746,ACTN3,1
15291,ENSG00000248767,FOXL3,0
15292,ENSG00000248771,SMIM31,0
15293,ENSG00000248905,FMN1,1
15294,ENSG00000249115,HAUS5,6
15295,ENSG00000249158,PCDHA11,0
15296,ENSG00000249242,TMEM150C,0
15297,ENSG00000249481,SPATS1,0
15298,ENSG00000249581,CLRN2,0
15299,ENSG00000249693,SPMAP2L,0
15300,ENSG00000249715,FER1L5,0
15301,ENSG00000249751,ECSCR,0
15302,ENSG00000249853,HS3ST5,0
15303,ENSG00000249915,PDCD6,43
15304,ENSG00000249961,TERB1,4
15305,ENSG00000249992,TMEM158,0
15306,ENSG00000250067,YJEFN3,0
15307,ENSG00000250120,PCDHA10,0
15308,ENSG00000250298,GIMD1,0
15309,ENSG00000250305,TRMT9B,0
15310,ENSG00000250317,SMIM20,0
15311,ENSG00000250366,TUNAR,0
15312,ENSG00000250479,CHCHD10,7
15313,ENSG00000250506,CDK3,9
15314,ENSG00000250510,GPR162,0
15315,ENSG00000250565,ATP6V1E2,25
15316,ENSG00000250719,P3R3URF,0
15317,ENSG00000250722,SELENOP,1
15318,ENSG00000250799,PRODH2,3
15319,ENSG00000250803,ZNF475,0
15320,ENSG00000250821,EXOC1L,11
15321,ENSG00000251322,SHANK3,0
15322,ENSG00000251493,FOXD1,0
15323,ENSG00000251692,PTX4,0
15324,ENSG00000253117,OC90,0
15325,ENSG00000253148,RGS21,0
15326,ENSG00000253159,PCDHGA12,0
15327,ENSG00000253250,C8orf88,0
15328,ENSG00000253251,SHLD3,4
15329,ENSG00000253276,CCDC71L,0
15330,ENSG00000253293,HOXA10,0
15331,ENSG00000253304,TMEM200B,0
15332,ENSG00000253305,PCDHGB6,0
15333,ENSG00000253309,SERPINE3,0
15334,ENSG00000253313,C1orf210,0
15335,ENSG00000253352,TUG1,0
15336,ENSG00000253368,TRNP1,0
15337,ENSG00000253457,SMIM18,0
15338,ENSG00000253485,PCDHGA5,0
15339,ENSG00000253537,PCDHGA7,0
15340,ENSG00000253598,SLC10A5,0
15341,ENSG00000253649,PRSS51,0
15342,ENSG00000253710,ALG11,0
15343,ENSG00000253719,ATXN7L3B,0
15344,ENSG00000253729,PRKDC,41
15345,ENSG00000253731,PCDHGA6,0
15346,ENSG00000253767,PCDHGA8,1
15347,ENSG00000253831,ETV3L,0
15348,ENSG00000253846,PCDHGA10,0
15349,ENSG00000253873,PCDHGA11,0
15350,ENSG00000253910,PCDHGB2,0
15351,ENSG00000253953,PCDHGB4,0
15352,ENSG00000253958,CLDN23,0
15353,ENSG00000254004,ZNF260,0
15354,ENSG00000254087,LYN,45
15355,ENSG00000254093,PINX1,1
15356,ENSG00000254122,PCDHGB7,0
15357,ENSG00000254221,PCDHGB1,0
15358,ENSG00000254245,PCDHGA3,0
15359,ENSG00000254402,LRRC24,0
15360,ENSG00000254470,AP5B1,19
15361,ENSG00000254535,PABPC4L,2
15362,ENSG00000254550,OMP,0
15363,ENSG00000254585,MAGEL2,2
15364,ENSG00000254685,FPGT,0
15365,ENSG00000254726,MEX3A,1
15366,ENSG00000254772,EEF1G,3
15367,ENSG00000254858,MPV17L2,2
15368,ENSG00000254901,BORCS8,6
15369,ENSG00000254986,DPP3,1
15370,ENSG00000254999,BRK1,15
15371,ENSG00000255009,UBTFL1,0
15372,ENSG00000255112,CHMP1B,31
15373,ENSG00000255150,EID3,5
15374,ENSG00000255154,HTD2,1
15375,ENSG00000255274,SMIM35,0
15376,ENSG00000255302,EID1,0
15377,ENSG00000255307,OR52B2,0
15378,ENSG00000255408,PCDHA3,0
15379,ENSG00000255529,POLR2M,10
15380,ENSG00000255561,FDXACB1,0
15381,ENSG00000255587,RAB44,0
15382,ENSG00000255690,TRIL,3
15383,ENSG00000255833,TIFAB,0
15384,ENSG00000256043,CTSO,0
15385,ENSG00000256053,COA8,0
15386,ENSG00000256061,DNAAF4,0
15387,ENSG00000256235,SMIM3,0
15388,ENSG00000256269,HMBS,0
15389,ENSG00000256394,ASIC5,2
15390,ENSG00000256453,DND1,0
15391,ENSG00000256463,SALL3,0
15392,ENSG00000256525,POLG2,16
15393,ENSG00000256537,SMIM10L1,0
15394,ENSG00000256574,OR13A1,0
15395,ENSG00000256660,CLEC12B,0
15396,ENSG00000256806,C17orf100,0
15397,ENSG00000256812,CAPNS2,4
15398,ENSG00000256870,SLC5A8,0
15399,ENSG00000257008,GPR142,0
15400,ENSG00000257057,C11orf97,0
15401,ENSG00000257093,DENND11,0
15402,ENSG00000257103,LSM14A,10
15403,ENSG00000257108,NHLRC4,0
15404,ENSG00000257138,TAS2R38,0
15405,ENSG00000257218,GATC,2
15406,ENSG00000257315,ZBED6,0
15407,ENSG00000257335,MGAM,2
15408,ENSG00000257365,FNTB,1
15409,ENSG00000257594,GALNT4,0
15410,ENSG00000257704,INAFM1,0
15411,ENSG00000257727,CNPY2,0
15412,ENSG00000257743,MGAM2,2
15413,ENSG00000257923,CUX1,2
15414,ENSG00000257987,SPMIP11,0
15415,ENSG00000258083,OR9A4,0
15416,ENSG00000258223,PRSS58,0
15417,ENSG00000258227,CLEC5A,3
15418,ENSG00000258289,CHURC1,0
15419,ENSG00000258315,C17orf49,35
15420,ENSG00000258366,RTEL1,3
15421,ENSG00000258429,PDF,0
15422,ENSG00000258436,RNASE12,0
15423,ENSG00000258818,RNASE4,0
15424,ENSG00000258839,MC1R,4
15425,ENSG00000258890,CEP95,0
15426,ENSG00000258947,TUBB3,13
15427,ENSG00000258986,TMEM179,0
15428,ENSG00000259207,ITGB3,50
15429,ENSG00000259330,INAFM2,0
15430,ENSG00000259417,CTXND1,0
15431,ENSG00000259431,THTPA,0
15432,ENSG00000259494,MRPL46,100
15433,ENSG00000259956,RBM15B,8
15434,ENSG00000260001,TGFBR3L,0
15435,ENSG00000260027,HOXB7,13
15436,ENSG00000260230,FRRS1L,0
15437,ENSG00000260286,ARMH2,0
15438,ENSG00000260314,MRC1,7
15439,ENSG00000260428,SCX,0
15440,ENSG00000260734,TLE7,0
15441,ENSG00000260802,SERTM2,0
15442,ENSG00000260903,XKR7,0
15443,ENSG00000260916,CCPG1,2
15444,ENSG00000261115,TMEM178B,0
15445,ENSG00000261221,ZNF865,0
15446,ENSG00000261236,BOP1,30
15447,ENSG00000261308,FIGNL2,0
15448,ENSG00000261371,PECAM1,14
15449,ENSG00000261587,TMEM249,25
15450,ENSG00000261594,TPBGL,0
15451,ENSG00000261609,GAN,32
15452,ENSG00000261652,PIERCE2,31
15453,ENSG00000261678,SCRT1,0
15454,ENSG00000261787,TCF24,0
15455,ENSG00000261857,MIA,0
15456,ENSG00000261934,PCDHGA9,1
15457,ENSG00000261949,GFY,0
15458,ENSG00000262165,C17orf114,0
15459,ENSG00000262179,MYMX,1
15460,ENSG00000262246,CORO7,1
15461,ENSG00000262406,MMP12,0
15462,ENSG00000262484,CCER2,0
15463,ENSG00000262576,PCDHGA4,0
15464,ENSG00000262655,SPON1,2
15465,ENSG00000262664,OVCA2,0
15466,ENSG00000262814,MRPL12,99
15467,ENSG00000262874,C19orf84,0
15468,ENSG00000263001,GTF2I,3
15469,ENSG00000263155,MYZAP,0
15470,ENSG00000263201,DPEP2NB,0
15471,ENSG00000263429,TMEM238L,0
15472,ENSG00000263528,IKBKE,23
15473,ENSG00000263761,GDF2,8
15474,ENSG00000264364,DYNLL2,21
15475,ENSG00000264522,OTUD7B,5
15476,ENSG00000265107,GJA5,10
15477,ENSG00000265203,RBP3,0
15478,ENSG00000265491,RNF115,0
15479,ENSG00000265763,ZNF488,0
15480,ENSG00000265808,SEC22B,29
15481,ENSG00000265817,FSBP,0
15482,ENSG00000265972,TXNIP,8
15483,ENSG00000266028,SRGAP2,3
15484,ENSG00000266074,BAHCC1,0
15485,ENSG00000266094,RASSF5,8
15486,ENSG00000266173,STRADA,4
15487,ENSG00000266200,PNLIPRP2,0
15488,ENSG00000266265,KLF14,0
15489,ENSG00000266412,NCOA4,6
15490,ENSG00000266472,MRPS21,93
15491,ENSG00000266524,GDF10,0
15492,ENSG00000266714,MYO15B,0
15493,ENSG00000266964,FXYD1,19
15494,ENSG00000266967,AARSD1,0
15495,ENSG00000267060,PTGES3L,0
15496,ENSG00000267206,LCN6,0
15497,ENSG00000267534,S1PR2,4
15498,ENSG00000267673,FDX2,2
15499,ENSG00000267710,EDDM13,0
15500,ENSG00000267795,SMIM22,0
15501,ENSG00000267796,LIN37,10
15502,ENSG00000267855,NDUFA7,62
15503,ENSG00000267909,CCDC177,0
15504,ENSG00000268041,ERFL,0
15505,ENSG00000268089,GABRQ,5
15506,ENSG00000268182,SMIM17,0
15507,ENSG00000268223,ARL14EPL,0
15508,ENSG00000268655,SAXO3,0
15509,ENSG00000269058,CALR3,0
15510,ENSG00000269113,TRABD2B,0
15511,ENSG00000269190,FBXO17,3
15512,ENSG00000269313,MAGIX,0
15513,ENSG00000269335,IKBKG,57
15514,ENSG00000269404,SPIB,2
15515,ENSG00000269556,TMEM185A,0
15516,ENSG00000269720,CCDC194,0
15517,ENSG00000269743,SLC25A53,0
15518,ENSG00000269855,RNF225,0
15519,ENSG00000269858,EGLN2,5
15520,ENSG00000269964,MEI4,2
15521,ENSG00000270170,NCBP2AS2,0
15522,ENSG00000270379,HEATR9,0
15523,ENSG00000270647,TAF15,11
15524,ENSG00000270765,GAS2L2,0
15525,ENSG00000270806,C17orf50,0
15526,ENSG00000270885,RASL10B,0
15527,ENSG00000271271,UGT2A2,0
15528,ENSG00000271303,SRXN1,1
15529,ENSG00000271447,MMP28,0
15530,ENSG00000271503,CCL5,0
15531,ENSG00000271601,LIX1L,0
15532,ENSG00000271824,SMIM32,0
15533,ENSG00000272031,ANKRD34A,0
15534,ENSG00000272047,GTF2H5,65
15535,ENSG00000272325,NUDT3,0
15536,ENSG00000272333,KMT2B,10
15537,ENSG00000272514,CFAP206,1
15538,ENSG00000272573,MUSTN1,0
15539,ENSG00000272636,DOC2B,0
15540,ENSG00000272674,PCDHB16,0
15541,ENSG00000272886,DCP1A,12
15542,ENSG00000272899,SPMIP1,0
15543,ENSG00000273079,GRIN2B,35
15544,ENSG00000273111,LYPD4,0
15545,ENSG00000273173,SNURF,0
15546,ENSG00000273238,TMEM271,0
15547,ENSG00000273274,ZBTB8B,0
15548,ENSG00000273540,AGBL1,0
15549,ENSG00000273559,CWC25,36
15550,ENSG00000273604,EPOP,7
15551,ENSG00000273611,ZNHIT3,3
15552,ENSG00000273706,LHX1,0
15553,ENSG00000273749,CYFIP1,30
15554,ENSG00000273777,CEACAM20,0
15555,ENSG00000273820,USP27X,3
15556,ENSG00000273899,NOL12,2
15557,ENSG00000274070,CASTOR2,4
15558,ENSG00000274180,NATD1,0
15559,ENSG00000274211,SOCS7,1
15560,ENSG00000274286,ADRA2B,0
15561,ENSG00000274443,C8orf89,0
15562,ENSG00000274523,RCC1L,0
15563,ENSG00000274529,SEBOX,0
15564,ENSG00000274588,DGKK,0
15565,ENSG00000274749,KRTAP7-1,0
15566,ENSG00000275004,ZNF280B,0
15567,ENSG00000275023,MLLT6,4
15568,ENSG00000275052,PPP4R3B,2
15569,ENSG00000275066,SYNRG,32
15570,ENSG00000275074,NUDT18,0
15571,ENSG00000275111,ZNF2,0
15572,ENSG00000275183,LENG9,0
15573,ENSG00000275342,PRAG1,1
15574,ENSG00000275410,HNF1B,1
15575,ENSG00000275489,SPMAP1,0
15576,ENSG00000275572,GRIFIN,0
15577,ENSG00000275591,XKR5,0
15578,ENSG00000275700,AATF,60
15579,ENSG00000275722,LYZL6,0
15580,ENSG00000275832,ARHGAP23,0
15581,ENSG00000275835,TUBGCP5,16
15582,ENSG00000276023,DUSP14,0
15583,ENSG00000276043,UHRF1,10
15584,ENSG00000276045,ORAI1,10
15585,ENSG00000276231,PIK3R6,8
15586,ENSG00000276234,TADA2A,33
15587,ENSG00000276293,PIP4K2B,2
15588,ENSG00000276547,PCDHGB5,0
15589,ENSG00000276600,RAB7B,13
15590,ENSG00000276644,DACH1,1
15591,ENSG00000276747,PADI6,1
15592,ENSG00000276950,GSTT4,0
15593,ENSG00000277161,PIGW,0
15594,ENSG00000277200,CCDC92B,0
15595,ENSG00000277258,PCGF2,56
15596,ENSG00000277363,SRCIN1,3
15597,ENSG00000277399,GPR179,0
15598,ENSG00000277443,MARCKS,7
15599,ENSG00000277531,PNMA8C,0
15600,ENSG00000277586,NEFL,5
15601,ENSG00000277639,CHD9NB,0
15602,ENSG00000277791,PSMB3,48
15603,ENSG00000277893,SRD5A2,2
15604,ENSG00000277932,OR52E5,0
15605,ENSG00000277972,CISD3,0
15606,ENSG00000278053,DDX52,20
15607,ENSG00000278057,TEX28,0
15608,ENSG00000278129,ZNF8,0
15609,ENSG00000278195,SSTR3,1
15610,ENSG00000278224,PRICKLE4,5
15611,ENSG00000278259,MYO19,1
15612,ENSG00000278311,GGNBP2,1
15613,ENSG00000278505,C17orf78,0
15614,ENSG00000278535,DHRS11,6
15615,ENSG00000278540,ACACA,3
15616,ENSG00000278570,NR2E3,0
15617,ENSG00000278615,C11orf98,0
15618,ENSG00000278619,MRM1,0
15619,ENSG00000278685,IQCA1L,0
15620,ENSG00000278845,MRPL45,98
15621,ENSG00000278870,OR51G1,0
15622,ENSG00000279961,OR8U3,0
15623,ENSG00000280090,OR8B4,0
15624,ENSG00000280094,OR1B1,0
15625,ENSG00000280165,PCDH20,0
15626,ENSG00000282608,ADORA3,1
15627,ENSG00000282872,C1orf232,0
15628,ENSG00000282881,TMEM275,0
15629,ENSG00000283205,NOT_AVAILABLE,0
15630,ENSG00000283267,FAM237B,0
15631,ENSG00000283288,SMIM33,0
15632,ENSG00000283297,TEX52,0
15633,ENSG00000283324,CTXND2,0
15634,ENSG00000283329,FAM240B,0
15635,ENSG00000283428,CCDC195,0
15636,ENSG00000283473,FAM240A,0
15637,ENSG00000283516,LITAFD,0
15638,ENSG00000283526,PRRT1B,0
15639,ENSG00000283536,NOT_AVAILABLE,0
15640,ENSG00000283567,C19orf85,0
15641,ENSG00000283632,EXOC3L2,0
15642,ENSG00000283654,CIROP,0
15643,ENSG00000283703,VSIG10L2,0
15644,ENSG00000283706,PRSS50,0
15645,ENSG00000283787,PRR33,0
15646,ENSG00000284024,MSANTD7,0
15647,ENSG00000284194,SCO2,1
15648,ENSG00000284308,C2orf81,0
15649,ENSG00000284395,PERCC1,0
15650,ENSG00000284479,SMIM39,0
15651,ENSG00000284491,THSD8,0
15652,ENSG00000284526,NOT_AVAILABLE,0
15653,ENSG00000284638,SMIM44,0
15654,ENSG00000284691,NOT_AVAILABLE,0
15655,ENSG00000284701,TMEM247,0
15656,ENSG00000284713,SMIM38,0
15657,ENSG00000284753,EEF1AKMT4,0
15658,ENSG00000284770,TBCE,0
15659,ENSG00000284844,TOMT,0
15660,ENSG00000284862,CCDC39,1
15661,ENSG00000285025,MIURF,62
15662,ENSG00000285508,NOT_AVAILABLE,0
15663,ENSG00000285723,NOT_AVAILABLE,0
15664,ENSG00000285946,LCE7A,0
15665,ENSG00000286053,ASDURF,3
15666,ENSG00000286131,NOT_AVAILABLE,0
15667,ENSG00000286140,DERPC,0
15668,ENSG00000286190,NOT_AVAILABLE,0
15669,ENSG00000286224,NOT_AVAILABLE,0
15670,ENSG00000286264,NOT_AVAILABLE,0
15671,ENSG00000288611,NPBWR1,0
15672,ENSG00000288646,NOT_AVAILABLE,0
15673,ENSG00000288649,ACTL10,0
15674,ENSG00000288701,PRRC2B,0
15675,ENSG00000289715,NOT_AVAILABLE,0
15676,ENSG00000289762,SMIM46,0
15677,ENSG00000289766,NOT_AVAILABLE,0
15678,ENSG00000290292,HOMEZ,0
15679,ENSG00000291237,SOD2,3
15680,ENSG00000291312,NOT_AVAILABLE,0
15681,ENSG00000291313,NOT_AVAILABLE,0
15682,ENSG00000291315,NOT_AVAILABLE,0
15683,ENSG00000291316,TMEM276-ZFTRAF1,0
15684,ENSG00000291317,TMEM276,0
15685,ENSG00000293253,NOT_AVAILABLE,0
15686,ENSG00000293543,DUSP13A,0
15687,ENSG00000293600,NOT_AVAILABLE,0
