source	pathway_id	pathway_name	bg_eligible_genes
GO_BP	GO:0000012	single strand break repair	11
GO_BP	GO:0000018	regulation of DNA recombination	2
GO_BP	GO:0000019	regulation of mitotic recombination	2
GO_BP	GO:0000022	mitotic spindle elongation	1
GO_BP	GO:0000027	ribosomal large subunit assembly	8
GO_BP	GO:0000028	ribosomal small subunit assembly	7
GO_BP	GO:0000038	very long-chain fatty acid metabolic process	10
GO_BP	GO:0000045	autophagosome assembly	53
GO_BP	GO:0000050	urea cycle	5
GO_BP	GO:0000054	ribosomal subunit export from nucleus	4
GO_BP	GO:0000055	ribosomal large subunit export from nucleus	5
GO_BP	GO:0000056	ribosomal small subunit export from nucleus	5
GO_BP	GO:0000070	mitotic sister chromatid segregation	20
GO_BP	GO:0000076	DNA replication checkpoint signaling	9
GO_BP	GO:0000077	DNA damage checkpoint signaling	32
GO_BP	GO:0000079	regulation of cyclin-dependent protein serine/threonine kinase activity	16
GO_BP	GO:0000082	G1/S transition of mitotic cell cycle	46
GO_BP	GO:0000086	G2/M transition of mitotic cell cycle	34
GO_BP	GO:0000096	sulfur amino acid metabolic process	1
GO_BP	GO:0000098	sulfur amino acid catabolic process	4
GO_BP	GO:0000103	sulfate assimilation	2
GO_BP	GO:0000122	negative regulation of transcription by RNA polymerase II	533
GO_BP	GO:0000132	establishment of mitotic spindle orientation	22
GO_BP	GO:0000154	rRNA modification	4
GO_BP	GO:0000165	MAPK cascade	62
GO_BP	GO:0000183	rDNA heterochromatin formation	5
GO_BP	GO:0000184	nuclear-transcribed mRNA catabolic process, nonsense-mediated decay	20
GO_BP	GO:0000209	protein polyubiquitination	103
GO_BP	GO:0000212	meiotic spindle organization	3
GO_BP	GO:0000226	microtubule cytoskeleton organization	97
GO_BP	GO:0000244	spliceosomal tri-snRNP complex assembly	8
GO_BP	GO:0000245	spliceosomal complex assembly	18
GO_BP	GO:0000255	allantoin metabolic process	3
GO_BP	GO:0000266	mitochondrial fission	13
GO_BP	GO:0000271	polysaccharide biosynthetic process	5
GO_BP	GO:0000278	mitotic cell cycle	71
GO_BP	GO:0000281	mitotic cytokinesis	40
GO_BP	GO:0000288	nuclear-transcribed mRNA catabolic process, deadenylation-dependent decay	11
GO_BP	GO:0000289	nuclear-transcribed mRNA poly(A) tail shortening	11
GO_BP	GO:0000290	deadenylation-dependent decapping of nuclear-transcribed mRNA	6
GO_BP	GO:0000292	RNA fragment catabolic process	1
GO_BP	GO:0000296	spermine transport	2
GO_BP	GO:0000301	retrograde transport, vesicle recycling within Golgi	8
GO_BP	GO:0000302	response to reactive oxygen species	9
GO_BP	GO:0000303	response to superoxide	2
GO_BP	GO:0000304	response to singlet oxygen	1
GO_BP	GO:0000305	response to oxygen radical	1
GO_BP	GO:0000338	protein deneddylation	11
GO_BP	GO:0000349	generation of catalytic spliceosome for first transesterification step	1
GO_BP	GO:0000350	generation of catalytic spliceosome for second transesterification step	2
GO_BP	GO:0000375	RNA splicing, via transesterification reactions	20
GO_BP	GO:0000379	tRNA-type intron splice site recognition and cleavage	4
GO_BP	GO:0000380	alternative mRNA splicing, via spliceosome	17
GO_BP	GO:0000381	regulation of alternative mRNA splicing, via spliceosome	59
GO_BP	GO:0000387	spliceosomal snRNP assembly	24
GO_BP	GO:0000388	spliceosome conformational change to release U4 (or U4atac) and U1 (or U11)	1
GO_BP	GO:0000389	mRNA 3'-splice site recognition	6
GO_BP	GO:0000390	spliceosomal complex disassembly	2
GO_BP	GO:0000394	RNA splicing, via endonucleolytic cleavage and ligation	2
GO_BP	GO:0000395	mRNA 5'-splice site recognition	6
GO_BP	GO:0000398	mRNA splicing, via spliceosome	112
GO_BP	GO:0000413	protein peptidyl-prolyl isomerization	2
GO_BP	GO:0000422	autophagy of mitochondrion	16
GO_BP	GO:0000423	mitophagy	39
GO_BP	GO:0000425	pexophagy	12
GO_BP	GO:0000435	positive regulation of transcription from RNA polymerase II promoter by galactose	1
GO_BP	GO:0000447	endonucleolytic cleavage in ITS1 to separate SSU-rRNA from 5.8S rRNA and LSU-rRNA from tricistronic rRNA transcript (SSU-rRNA, 5.8S rRNA, LSU-rRNA)	7
GO_BP	GO:0000448	cleavage in ITS2 between 5.8S rRNA and LSU-rRNA of tricistronic rRNA transcript (SSU-rRNA, 5.8S rRNA, LSU-rRNA)	1
GO_BP	GO:0000451	rRNA 2'-O-methylation	2
GO_BP	GO:0000454	snoRNA guided rRNA pseudouridine synthesis	2
GO_BP	GO:0000455	enzyme-directed rRNA pseudouridine synthesis	6
GO_BP	GO:0000460	maturation of 5.8S rRNA	12
GO_BP	GO:0000461	endonucleolytic cleavage to generate mature 3'-end of SSU-rRNA from (SSU-rRNA, 5.8S rRNA, LSU-rRNA)	1
GO_BP	GO:0000462	maturation of SSU-rRNA from tricistronic rRNA transcript (SSU-rRNA, 5.8S rRNA, LSU-rRNA)	18
GO_BP	GO:0000463	maturation of LSU-rRNA from tricistronic rRNA transcript (SSU-rRNA, 5.8S rRNA, LSU-rRNA)	11
GO_BP	GO:0000466	maturation of 5.8S rRNA from tricistronic rRNA transcript (SSU-rRNA, 5.8S rRNA, LSU-rRNA)	4
GO_BP	GO:0000467	exonucleolytic trimming to generate mature 3'-end of 5.8S rRNA from tricistronic rRNA transcript (SSU-rRNA, 5.8S rRNA, LSU-rRNA)	8
GO_BP	GO:0000470	maturation of LSU-rRNA	8
GO_BP	GO:0000472	endonucleolytic cleavage to generate mature 5'-end of SSU-rRNA from (SSU-rRNA, 5.8S rRNA, LSU-rRNA)	2
GO_BP	GO:0000479	endonucleolytic cleavage of tricistronic rRNA transcript (SSU-rRNA, 5.8S rRNA, LSU-rRNA)	3
GO_BP	GO:0000480	endonucleolytic cleavage in 5'-ETS of tricistronic rRNA transcript (SSU-rRNA, 5.8S rRNA, LSU-rRNA)	3
GO_BP	GO:0000481	maturation of 5S rRNA	1
GO_BP	GO:0000492	box C/D snoRNP assembly	7
GO_BP	GO:0000493	box H/ACA snoRNP assembly	2
GO_BP	GO:0000494	box C/D sno(s)RNA 3'-end processing	1
GO_BP	GO:0000495	box H/ACA sno(s)RNA 3'-end processing	1
GO_BP	GO:0000512	lncRNA-mediated post-transcriptional gene silencing	1
GO_BP	GO:0000578	embryonic axis specification	3
GO_BP	GO:0000707	meiotic DNA recombinase assembly	1
GO_BP	GO:0000709	meiotic joint molecule formation	1
GO_BP	GO:0000710	meiotic mismatch repair	3
GO_BP	GO:0000712	resolution of meiotic recombination intermediates	9
GO_BP	GO:0000715	nucleotide-excision repair, DNA damage recognition	1
GO_BP	GO:0000720	pyrimidine dimer repair by nucleotide-excision repair	1
GO_BP	GO:0000722	telomere maintenance via recombination	7
GO_BP	GO:0000723	telomere maintenance	40
GO_BP	GO:0000724	double-strand break repair via homologous recombination	77
GO_BP	GO:0000725	recombinational repair	1
GO_BP	GO:0000727	double-strand break repair via break-induced replication	10
GO_BP	GO:0000729	DNA double-strand break processing	10
GO_BP	GO:0000730	DNA recombinase assembly	5
GO_BP	GO:0000731	DNA synthesis involved in DNA repair	10
GO_BP	GO:0000732	DNA strand displacement	1
GO_BP	GO:0000819	sister chromatid segregation	2
GO_BP	GO:0000902	cell morphogenesis	38
GO_BP	GO:0000915	actomyosin contractile ring assembly	3
GO_BP	GO:0000916	actomyosin contractile ring contraction	1
GO_BP	GO:0000921	septin ring assembly	1
GO_BP	GO:0000956	nuclear-transcribed mRNA catabolic process	20
GO_BP	GO:0000957	mitochondrial RNA catabolic process	4
GO_BP	GO:0000958	mitochondrial mRNA catabolic process	3
GO_BP	GO:0000959	mitochondrial RNA metabolic process	1
GO_BP	GO:0000962	positive regulation of mitochondrial RNA catabolic process	3
GO_BP	GO:0000963	mitochondrial RNA processing	6
GO_BP	GO:0000964	mitochondrial RNA 5'-end processing	2
GO_BP	GO:0000965	mitochondrial RNA 3'-end processing	3
GO_BP	GO:0000968	tRNA exon ligation	3
GO_BP	GO:0000972	transcription-dependent tethering of RNA polymerase II gene DNA at nuclear periphery	4
GO_BP	GO:0000973	post-transcriptional tethering of RNA polymerase II gene DNA at nuclear periphery	3
GO_BP	GO:0001100	negative regulation of exit from mitosis	1
GO_BP	GO:0001111	RNA polymerase II promoter clearance	6
GO_BP	GO:0001112	DNA-templated transcription open complex formation	1
GO_BP	GO:0001174	transcriptional start site selection at RNA polymerase II promoter	1
GO_BP	GO:0001178	regulation of transcriptional start site selection at RNA polymerase II promoter	1
GO_BP	GO:0001188	RNA polymerase I preinitiation complex assembly	2
GO_BP	GO:0001193	maintenance of transcriptional fidelity during transcription elongation by RNA polymerase II	1
GO_BP	GO:0001501	skeletal system development	66
GO_BP	GO:0001502	cartilage condensation	6
GO_BP	GO:0001503	ossification	19
GO_BP	GO:0001504	neurotransmitter uptake	6
GO_BP	GO:0001507	acetylcholine catabolic process in synaptic cleft	1
GO_BP	GO:0001508	action potential	30
GO_BP	GO:0001510	RNA methylation	6
GO_BP	GO:0001514	selenocysteine incorporation	4
GO_BP	GO:0001516	prostaglandin biosynthetic process	11
GO_BP	GO:0001519	peptide amidation	1
GO_BP	GO:0001522	pseudouridine synthesis	2
GO_BP	GO:0001523	retinoid metabolic process	16
GO_BP	GO:0001525	angiogenesis	96
GO_BP	GO:0001541	ovarian follicle development	11
GO_BP	GO:0001546	preantral ovarian follicle growth	1
GO_BP	GO:0001550	ovarian cumulus expansion	2
GO_BP	GO:0001553	luteinization	2
GO_BP	GO:0001555	oocyte growth	2
GO_BP	GO:0001556	oocyte maturation	4
GO_BP	GO:0001558	regulation of cell growth	26
GO_BP	GO:0001560	regulation of cell growth by extracellular stimulus	2
GO_BP	GO:0001561	fatty acid alpha-oxidation	4
GO_BP	GO:0001568	blood vessel development	12
GO_BP	GO:0001569	branching involved in blood vessel morphogenesis	11
GO_BP	GO:0001570	vasculogenesis	21
GO_BP	GO:0001572	lactosylceramide biosynthetic process	2
GO_BP	GO:0001573	ganglioside metabolic process	2
GO_BP	GO:0001574	ganglioside biosynthetic process	13
GO_BP	GO:0001576	globoside biosynthetic process	2
GO_BP	GO:0001578	microtubule bundle formation	24
GO_BP	GO:0001579	medium-chain fatty acid transport	2
GO_BP	GO:0001580	detection of chemical stimulus involved in sensory perception of bitter taste	1
GO_BP	GO:0001581	detection of chemical stimulus involved in sensory perception of sour taste	1
GO_BP	GO:0001649	osteoblast differentiation	61
GO_BP	GO:0001654	eye development	28
GO_BP	GO:0001655	urogenital system development	3
GO_BP	GO:0001656	metanephros development	8
GO_BP	GO:0001657	ureteric bud development	9
GO_BP	GO:0001658	branching involved in ureteric bud morphogenesis	9
GO_BP	GO:0001659	temperature homeostasis	10
GO_BP	GO:0001662	behavioral fear response	4
GO_BP	GO:0001666	response to hypoxia	59
GO_BP	GO:0001667	ameboidal-type cell migration	1
GO_BP	GO:0001675	acrosome assembly	14
GO_BP	GO:0001676	long-chain fatty acid metabolic process	15
GO_BP	GO:0001678	intracellular glucose homeostasis	20
GO_BP	GO:0001680	tRNA 3'-terminal CCA addition	3
GO_BP	GO:0001682	tRNA 5'-leader removal	11
GO_BP	GO:0001692	histamine metabolic process	3
GO_BP	GO:0001694	histamine biosynthetic process	1
GO_BP	GO:0001695	histamine catabolic process	1
GO_BP	GO:0001701	in utero embryonic development	18
GO_BP	GO:0001702	gastrulation with mouth forming second	1
GO_BP	GO:0001704	formation of primary germ layer	1
GO_BP	GO:0001706	endoderm formation	4
GO_BP	GO:0001707	mesoderm formation	5
GO_BP	GO:0001708	cell fate specification	12
GO_BP	GO:0001709	cell fate determination	3
GO_BP	GO:0001711	endodermal cell fate commitment	5
GO_BP	GO:0001714	endodermal cell fate specification	2
GO_BP	GO:0001717	conversion of seryl-tRNAsec to selenocys-tRNAsec	1
GO_BP	GO:0001731	formation of translation preinitiation complex	6
GO_BP	GO:0001732	formation of cytoplasmic translation initiation complex	3
GO_BP	GO:0001736	establishment of planar polarity	3
GO_BP	GO:0001738	morphogenesis of a polarized epithelium	2
GO_BP	GO:0001754	eye photoreceptor cell differentiation	4
GO_BP	GO:0001755	neural crest cell migration	31
GO_BP	GO:0001756	somitogenesis	6
GO_BP	GO:0001757	somite specification	1
GO_BP	GO:0001762	beta-alanine transport	1
GO_BP	GO:0001763	morphogenesis of a branching structure	3
GO_BP	GO:0001764	neuron migration	52
GO_BP	GO:0001765	membrane raft assembly	4
GO_BP	GO:0001766	membrane raft polarization	1
GO_BP	GO:0001770	establishment of natural killer cell polarity	1
GO_BP	GO:0001771	immunological synapse formation	2
GO_BP	GO:0001773	myeloid dendritic cell activation	1
GO_BP	GO:0001774	microglial cell activation	9
GO_BP	GO:0001775	cell activation	5
GO_BP	GO:0001776	leukocyte homeostasis	1
GO_BP	GO:0001778	plasma membrane repair	19
GO_BP	GO:0001779	natural killer cell differentiation	7
GO_BP	GO:0001780	neutrophil homeostasis	3
GO_BP	GO:0001782	B cell homeostasis	7
GO_BP	GO:0001783	B cell apoptotic process	2
GO_BP	GO:0001787	natural killer cell proliferation	2
GO_BP	GO:0001788	antibody-dependent cellular cytotoxicity	1
GO_BP	GO:0001817	regulation of cytokine production	26
GO_BP	GO:0001818	negative regulation of cytokine production	16
GO_BP	GO:0001819	positive regulation of cytokine production	24
GO_BP	GO:0001822	kidney development	33
GO_BP	GO:0001823	mesonephros development	6
GO_BP	GO:0001824	blastocyst development	1
GO_BP	GO:0001825	blastocyst formation	2
GO_BP	GO:0001826	inner cell mass cell differentiation	1
GO_BP	GO:0001829	trophectodermal cell differentiation	2
GO_BP	GO:0001834	trophectodermal cell proliferation	2
GO_BP	GO:0001836	release of cytochrome c from mitochondria	15
GO_BP	GO:0001837	epithelial to mesenchymal transition	34
GO_BP	GO:0001841	neural tube formation	1
GO_BP	GO:0001843	neural tube closure	22
GO_BP	GO:0001845	phagolysosome assembly	2
GO_BP	GO:0001865	NK T cell differentiation	1
GO_BP	GO:0001866	NK T cell proliferation	1
GO_BP	GO:0001867	complement activation, lectin pathway	2
GO_BP	GO:0001869	negative regulation of complement activation, lectin pathway	2
GO_BP	GO:0001878	response to yeast	6
GO_BP	GO:0001881	receptor recycling	10
GO_BP	GO:0001886	endothelial cell morphogenesis	6
GO_BP	GO:0001889	liver development	16
GO_BP	GO:0001890	placenta development	5
GO_BP	GO:0001892	embryonic placenta development	5
GO_BP	GO:0001893	maternal placenta development	1
GO_BP	GO:0001894	tissue homeostasis	5
GO_BP	GO:0001895	retina homeostasis	8
GO_BP	GO:0001909	leukocyte mediated cytotoxicity	1
GO_BP	GO:0001910	regulation of leukocyte mediated cytotoxicity	1
GO_BP	GO:0001912	positive regulation of leukocyte mediated cytotoxicity	1
GO_BP	GO:0001913	T cell mediated cytotoxicity	2
GO_BP	GO:0001916	positive regulation of T cell mediated cytotoxicity	3
GO_BP	GO:0001919	regulation of receptor recycling	2
GO_BP	GO:0001920	negative regulation of receptor recycling	3
GO_BP	GO:0001921	positive regulation of receptor recycling	7
GO_BP	GO:0001922	B-1 B cell homeostasis	1
GO_BP	GO:0001928	regulation of exocyst assembly	1
GO_BP	GO:0001932	regulation of protein phosphorylation	12
GO_BP	GO:0001933	negative regulation of protein phosphorylation	25
GO_BP	GO:0001934	positive regulation of protein phosphorylation	43
GO_BP	GO:0001935	endothelial cell proliferation	11
GO_BP	GO:0001936	regulation of endothelial cell proliferation	2
GO_BP	GO:0001937	negative regulation of endothelial cell proliferation	20
GO_BP	GO:0001938	positive regulation of endothelial cell proliferation	42
GO_BP	GO:0001942	hair follicle development	7
GO_BP	GO:0001944	vasculature development	6
GO_BP	GO:0001945	lymph vessel development	4
GO_BP	GO:0001946	lymphangiogenesis	9
GO_BP	GO:0001947	heart looping	24
GO_BP	GO:0001952	regulation of cell-matrix adhesion	6
GO_BP	GO:0001953	negative regulation of cell-matrix adhesion	12
GO_BP	GO:0001954	positive regulation of cell-matrix adhesion	15
GO_BP	GO:0001955	blood vessel maturation	4
GO_BP	GO:0001956	positive regulation of neurotransmitter secretion	6
GO_BP	GO:0001957	intramembranous ossification	1
GO_BP	GO:0001958	endochondral ossification	9
GO_BP	GO:0001959	regulation of cytokine-mediated signaling pathway	2
GO_BP	GO:0001960	negative regulation of cytokine-mediated signaling pathway	2
GO_BP	GO:0001961	positive regulation of cytokine-mediated signaling pathway	4
GO_BP	GO:0001963	synaptic transmission, dopaminergic	5
GO_BP	GO:0001964	startle response	2
GO_BP	GO:0001967	suckling behavior	2
GO_BP	GO:0001971	negative regulation of activation of membrane attack complex	1
GO_BP	GO:0001973	G protein-coupled adenosine receptor signaling pathway	2
GO_BP	GO:0001974	blood vessel remodeling	13
GO_BP	GO:0001975	response to amphetamine	1
GO_BP	GO:0001976	nervous system process involved in regulation of systemic arterial blood pressure	2
GO_BP	GO:0001991	regulation of systemic arterial blood pressure by circulatory renin-angiotensin	1
GO_BP	GO:0001992	regulation of systemic arterial blood pressure by vasopressin	2
GO_BP	GO:0001994	norepinephrine-epinephrine vasoconstriction involved in regulation of systemic arterial blood pressure	1
GO_BP	GO:0001996	positive regulation of heart rate by epinephrine-norepinephrine	1
GO_BP	GO:0002000	detection of renal blood flow	1
GO_BP	GO:0002001	renin secretion into blood stream	1
GO_BP	GO:0002003	angiotensin maturation	6
GO_BP	GO:0002009	morphogenesis of an epithelium	11
GO_BP	GO:0002011	morphogenesis of an epithelial sheet	3
GO_BP	GO:0002021	response to dietary excess	1
GO_BP	GO:0002024	diet induced thermogenesis	3
GO_BP	GO:0002025	norepinephrine-epinephrine-mediated vasodilation involved in regulation of systemic arterial blood pressure	3
GO_BP	GO:0002026	regulation of the force of heart contraction	7
GO_BP	GO:0002027	regulation of heart rate	18
GO_BP	GO:0002028	regulation of sodium ion transport	14
GO_BP	GO:0002029	desensitization of G protein-coupled receptor signaling pathway	6
GO_BP	GO:0002031	G protein-coupled receptor internalization	4
GO_BP	GO:0002034	maintenance of blood vessel diameter homeostasis by renin-angiotensin	1
GO_BP	GO:0002037	negative regulation of L-glutamate import across plasma membrane	1
GO_BP	GO:0002038	positive regulation of L-glutamate import across plasma membrane	1
GO_BP	GO:0002040	sprouting angiogenesis	29
GO_BP	GO:0002042	cell migration involved in sprouting angiogenesis	20
GO_BP	GO:0002043	blood vessel endothelial cell proliferation involved in sprouting angiogenesis	6
GO_BP	GO:0002052	positive regulation of neuroblast proliferation	10
GO_BP	GO:0002053	positive regulation of mesenchymal cell proliferation	9
GO_BP	GO:0002062	chondrocyte differentiation	23
GO_BP	GO:0002063	chondrocyte development	5
GO_BP	GO:0002064	epithelial cell development	1
GO_BP	GO:0002070	epithelial cell maturation	2
GO_BP	GO:0002074	extraocular skeletal muscle development	1
GO_BP	GO:0002076	osteoblast development	6
GO_BP	GO:0002078	membrane fusion involved in acrosome reaction	1
GO_BP	GO:0002082	regulation of oxidative phosphorylation	8
GO_BP	GO:0002084	protein depalmitoylation	6
GO_BP	GO:0002087	regulation of respiratory gaseous exchange by nervous system process	3
GO_BP	GO:0002088	lens development in camera-type eye	9
GO_BP	GO:0002089	lens morphogenesis in camera-type eye	4
GO_BP	GO:0002090	regulation of receptor internalization	4
GO_BP	GO:0002091	negative regulation of receptor internalization	11
GO_BP	GO:0002092	positive regulation of receptor internalization	15
GO_BP	GO:0002098	tRNA wobble uridine modification	8
GO_BP	GO:0002099	tRNA wobble guanine modification	2
GO_BP	GO:0002100	tRNA wobble adenosine to inosine editing	1
GO_BP	GO:0002101	tRNA wobble cytosine modification	2
GO_BP	GO:0002115	store-operated calcium entry	7
GO_BP	GO:0002125	maternal aggressive behavior	2
GO_BP	GO:0002127	tRNA wobble base cytosine methylation	1
GO_BP	GO:0002128	tRNA nucleoside ribose methylation	2
GO_BP	GO:0002130	wobble position ribose methylation	2
GO_BP	GO:0002138	retinoic acid biosynthetic process	2
GO_BP	GO:0002143	tRNA wobble position uridine thiolation	4
GO_BP	GO:0002154	thyroid hormone receptor signaling pathway	3
GO_BP	GO:0002157	positive regulation of thyroid hormone receptor signaling pathway	3
GO_BP	GO:0002158	osteoclast proliferation	1
GO_BP	GO:0002159	desmosome assembly	5
GO_BP	GO:0002160	desmosome maintenance	1
GO_BP	GO:0002175	protein localization to paranode region of axon	2
GO_BP	GO:0002181	cytoplasmic translation	29
GO_BP	GO:0002183	cytoplasmic translational initiation	10
GO_BP	GO:0002184	cytoplasmic translational termination	1
GO_BP	GO:0002188	translation reinitiation	3
GO_BP	GO:0002190	cap-independent translational initiation	1
GO_BP	GO:0002191	cap-dependent translational initiation	4
GO_BP	GO:0002192	IRES-dependent translational initiation of linear mRNA	1
GO_BP	GO:0002204	somatic recombination of immunoglobulin genes involved in immune response	1
GO_BP	GO:0002218	activation of innate immune response	21
GO_BP	GO:0002221	pattern recognition receptor signaling pathway	5
GO_BP	GO:0002222	stimulatory killer cell immunoglobulin-like receptor signaling pathway	1
GO_BP	GO:0002223	stimulatory C-type lectin receptor signaling pathway	13
GO_BP	GO:0002224	toll-like receptor signaling pathway	17
GO_BP	GO:0002227	innate immune response in mucosa	2
GO_BP	GO:0002228	natural killer cell mediated immunity	1
GO_BP	GO:0002230	positive regulation of defense response to virus by host	16
GO_BP	GO:0002232	leukocyte chemotaxis involved in inflammatory response	3
GO_BP	GO:0002237	response to molecule of bacterial origin	1
GO_BP	GO:0002244	hematopoietic progenitor cell differentiation	11
GO_BP	GO:0002246	wound healing involved in inflammatory response	1
GO_BP	GO:0002248	connective tissue replacement involved in inflammatory response wound healing	3
GO_BP	GO:0002250	adaptive immune response	21
GO_BP	GO:0002260	lymphocyte homeostasis	3
GO_BP	GO:0002262	myeloid cell homeostasis	2
GO_BP	GO:0002263	cell activation involved in immune response	1
GO_BP	GO:0002264	endothelial cell activation involved in immune response	1
GO_BP	GO:0002265	astrocyte activation involved in immune response	4
GO_BP	GO:0002270	plasmacytoid dendritic cell activation	1
GO_BP	GO:0002273	plasmacytoid dendritic cell differentiation	1
GO_BP	GO:0002274	myeloid leukocyte activation	1
GO_BP	GO:0002276	basophil activation involved in immune response	2
GO_BP	GO:0002277	myeloid dendritic cell activation involved in immune response	2
GO_BP	GO:0002280	monocyte activation involved in immune response	1
GO_BP	GO:0002281	macrophage activation involved in immune response	6
GO_BP	GO:0002282	microglial cell activation involved in immune response	4
GO_BP	GO:0002283	neutrophil activation involved in immune response	3
GO_BP	GO:0002286	T cell activation involved in immune response	4
GO_BP	GO:0002291	T cell activation via T cell receptor contact with antigen bound to MHC molecule on antigen presenting cell	5
GO_BP	GO:0002309	T cell proliferation involved in immune response	1
GO_BP	GO:0002312	B cell activation involved in immune response	1
GO_BP	GO:0002313	mature B cell differentiation involved in immune response	1
GO_BP	GO:0002314	germinal center B cell differentiation	1
GO_BP	GO:0002315	marginal zone B cell differentiation	6
GO_BP	GO:0002317	plasma cell differentiation	1
GO_BP	GO:0002318	myeloid progenitor cell differentiation	2
GO_BP	GO:0002320	lymphoid progenitor cell differentiation	2
GO_BP	GO:0002322	B cell proliferation involved in immune response	1
GO_BP	GO:0002326	B cell lineage commitment	1
GO_BP	GO:0002327	immature B cell differentiation	4
GO_BP	GO:0002328	pro-B cell differentiation	3
GO_BP	GO:0002329	pre-B cell differentiation	1
GO_BP	GO:0002331	pre-B cell allelic exclusion	1
GO_BP	GO:0002357	defense response to tumor cell	9
GO_BP	GO:0002362	CD4-positive, CD25-positive, alpha-beta regulatory T cell lineage commitment	1
GO_BP	GO:0002364	NK T cell lineage commitment	1
GO_BP	GO:0002366	leukocyte activation involved in immune response	1
GO_BP	GO:0002376	immune system process	5
GO_BP	GO:0002384	hepatic immune response	1
GO_BP	GO:0002385	mucosal immune response	1
GO_BP	GO:0002394	tolerance induction in gut-associated lymphoid tissue	4
GO_BP	GO:0002407	dendritic cell chemotaxis	7
GO_BP	GO:0002418	immune response to tumor cell	1
GO_BP	GO:0002430	complement receptor mediated signaling pathway	7
GO_BP	GO:0002431	Fc receptor mediated stimulatory signaling pathway	1
GO_BP	GO:0002432	granuloma formation	1
GO_BP	GO:0002434	immune complex clearance	1
GO_BP	GO:0002437	inflammatory response to antigenic stimulus	2
GO_BP	GO:0002446	neutrophil mediated immunity	6
GO_BP	GO:0002455	humoral immune response mediated by circulating immunoglobulin	1
GO_BP	GO:0002456	T cell mediated immunity	1
GO_BP	GO:0002457	T cell antigen processing and presentation	1
GO_BP	GO:0002467	germinal center formation	2
GO_BP	GO:0002474	antigen processing and presentation of peptide antigen via MHC class I	3
GO_BP	GO:0002479	antigen processing and presentation of exogenous peptide antigen via MHC class I, TAP-dependent	2
GO_BP	GO:0002480	antigen processing and presentation of exogenous peptide antigen via MHC class I, TAP-independent	1
GO_BP	GO:0002495	antigen processing and presentation of peptide antigen via MHC class II	1
GO_BP	GO:0002502	peptide antigen assembly with MHC class I protein complex	3
GO_BP	GO:0002505	antigen processing and presentation of polysaccharide antigen via MHC class II	1
GO_BP	GO:0002508	central tolerance induction	1
GO_BP	GO:0002513	tolerance induction to self antigen	1
GO_BP	GO:0002519	natural killer cell tolerance induction	1
GO_BP	GO:0002520	immune system development	1
GO_BP	GO:0002521	leukocyte differentiation	3
GO_BP	GO:0002522	leukocyte migration involved in immune response	1
GO_BP	GO:0002523	leukocyte migration involved in inflammatory response	3
GO_BP	GO:0002528	regulation of vascular permeability involved in acute inflammatory response	1
GO_BP	GO:0002532	production of molecular mediator involved in inflammatory response	1
GO_BP	GO:0002541	activation of plasma proteins involved in acute inflammatory response	1
GO_BP	GO:0002543	activation of blood coagulation via clotting cascade	2
GO_BP	GO:0002544	chronic inflammatory response	1
GO_BP	GO:0002548	monocyte chemotaxis	7
GO_BP	GO:0002551	mast cell chemotaxis	2
GO_BP	GO:0002553	histamine secretion by mast cell	1
GO_BP	GO:0002554	serotonin secretion by platelet	1
GO_BP	GO:0002572	pro-T cell differentiation	1
GO_BP	GO:0002573	myeloid leukocyte differentiation	2
GO_BP	GO:0002575	basophil chemotaxis	1
GO_BP	GO:0002576	platelet degranulation	4
GO_BP	GO:0002577	regulation of antigen processing and presentation	2
GO_BP	GO:0002581	negative regulation of antigen processing and presentation of peptide or polysaccharide antigen via MHC class II	1
GO_BP	GO:0002588	positive regulation of antigen processing and presentation of peptide antigen via MHC class II	2
GO_BP	GO:0002590	negative regulation of antigen processing and presentation of peptide antigen via MHC class I	1
GO_BP	GO:0002605	negative regulation of dendritic cell antigen processing and presentation	1
GO_BP	GO:0002606	positive regulation of dendritic cell antigen processing and presentation	2
GO_BP	GO:0002625	regulation of T cell antigen processing and presentation	1
GO_BP	GO:0002634	regulation of germinal center formation	3
GO_BP	GO:0002635	negative regulation of germinal center formation	2
GO_BP	GO:0002639	positive regulation of immunoglobulin production	10
GO_BP	GO:0002651	positive regulation of tolerance induction to self antigen	1
GO_BP	GO:0002663	positive regulation of B cell tolerance induction	1
GO_BP	GO:0002666	positive regulation of T cell tolerance induction	1
GO_BP	GO:0002673	regulation of acute inflammatory response	1
GO_BP	GO:0002674	negative regulation of acute inflammatory response	1
GO_BP	GO:0002679	respiratory burst involved in defense response	2
GO_BP	GO:0002682	regulation of immune system process	20
GO_BP	GO:0002683	negative regulation of immune system process	1
GO_BP	GO:0002685	regulation of leukocyte migration	1
GO_BP	GO:0002686	negative regulation of leukocyte migration	1
GO_BP	GO:0002687	positive regulation of leukocyte migration	3
GO_BP	GO:0002689	negative regulation of leukocyte chemotaxis	1
GO_BP	GO:0002690	positive regulation of leukocyte chemotaxis	5
GO_BP	GO:0002693	positive regulation of cellular extravasation	4
GO_BP	GO:0002695	negative regulation of leukocyte activation	2
GO_BP	GO:0002711	positive regulation of T cell mediated immunity	1
GO_BP	GO:0002718	regulation of cytokine production involved in immune response	2
GO_BP	GO:0002719	negative regulation of cytokine production involved in immune response	1
GO_BP	GO:0002720	positive regulation of cytokine production involved in immune response	7
GO_BP	GO:0002721	regulation of B cell cytokine production	1
GO_BP	GO:0002724	regulation of T cell cytokine production	3
GO_BP	GO:0002725	negative regulation of T cell cytokine production	2
GO_BP	GO:0002726	positive regulation of T cell cytokine production	5
GO_BP	GO:0002731	negative regulation of dendritic cell cytokine production	1
GO_BP	GO:0002732	positive regulation of dendritic cell cytokine production	2
GO_BP	GO:0002735	positive regulation of myeloid dendritic cell cytokine production	2
GO_BP	GO:0002747	antigen processing and presentation following phagocytosis	1
GO_BP	GO:0002752	cell surface pattern recognition receptor signaling pathway	3
GO_BP	GO:0002753	cytoplasmic pattern recognition receptor signaling pathway	13
GO_BP	GO:0002755	MyD88-dependent toll-like receptor signaling pathway	12
GO_BP	GO:0002757	immune response-activating signaling pathway	1
GO_BP	GO:0002758	innate immune response-activating signaling pathway	1
GO_BP	GO:0002764	immune response-regulating signaling pathway	1
GO_BP	GO:0002768	immune response-regulating cell surface receptor signaling pathway	4
GO_BP	GO:0002774	Fc receptor mediated inhibitory signaling pathway	1
GO_BP	GO:0002791	regulation of peptide secretion	1
GO_BP	GO:0002792	negative regulation of peptide secretion	1
GO_BP	GO:0002819	regulation of adaptive immune response	3
GO_BP	GO:0002820	negative regulation of adaptive immune response	1
GO_BP	GO:0002821	positive regulation of adaptive immune response	8
GO_BP	GO:0002826	negative regulation of T-helper 1 type immune response	1
GO_BP	GO:0002827	positive regulation of T-helper 1 type immune response	2
GO_BP	GO:0002829	negative regulation of type 2 immune response	1
GO_BP	GO:0002830	positive regulation of type 2 immune response	2
GO_BP	GO:0002834	regulation of response to tumor cell	1
GO_BP	GO:0002839	positive regulation of immune response to tumor cell	1
GO_BP	GO:0002841	negative regulation of T cell mediated immune response to tumor cell	6
GO_BP	GO:0002842	positive regulation of T cell mediated immune response to tumor cell	5
GO_BP	GO:0002854	positive regulation of T cell mediated cytotoxicity directed against tumor cell target	1
GO_BP	GO:0002859	negative regulation of natural killer cell mediated cytotoxicity directed against tumor cell target	1
GO_BP	GO:0002860	positive regulation of natural killer cell mediated cytotoxicity directed against tumor cell target	1
GO_BP	GO:0002862	negative regulation of inflammatory response to antigenic stimulus	16
GO_BP	GO:0002863	positive regulation of inflammatory response to antigenic stimulus	2
GO_BP	GO:0002865	negative regulation of acute inflammatory response to antigenic stimulus	1
GO_BP	GO:0002866	positive regulation of acute inflammatory response to antigenic stimulus	1
GO_BP	GO:0002891	positive regulation of immunoglobulin mediated immune response	1
GO_BP	GO:0002897	positive regulation of central B cell tolerance induction	1
GO_BP	GO:0002902	regulation of B cell apoptotic process	1
GO_BP	GO:0002903	negative regulation of B cell apoptotic process	4
GO_BP	GO:0002904	positive regulation of B cell apoptotic process	1
GO_BP	GO:0002906	negative regulation of mature B cell apoptotic process	1
GO_BP	GO:0002920	regulation of humoral immune response	1
GO_BP	GO:0002924	negative regulation of humoral immune response mediated by circulating immunoglobulin	1
GO_BP	GO:0002926	tRNA wobble base 5-methoxycarbonylmethyl-2-thiouridinylation	3
GO_BP	GO:0002930	trabecular meshwork development	1
GO_BP	GO:0002931	response to ischemia	20
GO_BP	GO:0002934	desmosome organization	3
GO_BP	GO:0002939	tRNA N1-guanine methylation	3
GO_BP	GO:0002940	tRNA N2-guanine methylation	2
GO_BP	GO:0002943	tRNA dihydrouridine synthesis	3
GO_BP	GO:0002946	tRNA C5-cytosine methylation	1
GO_BP	GO:0002949	tRNA threonylcarbamoyladenosine modification	2
GO_BP	GO:0003006	developmental process involved in reproduction	1
GO_BP	GO:0003007	heart morphogenesis	13
GO_BP	GO:0003009	skeletal muscle contraction	9
GO_BP	GO:0003014	renal system process	5
GO_BP	GO:0003015	heart process	3
GO_BP	GO:0003016	respiratory system process	1
GO_BP	GO:0003029	detection of hypoxic conditions in blood by carotid body chemoreceptor signaling	1
GO_BP	GO:0003032	detection of oxygen	1
GO_BP	GO:0003044	regulation of systemic arterial blood pressure mediated by a chemical signal	1
GO_BP	GO:0003050	regulation of systemic arterial blood pressure by atrial natriuretic peptide	1
GO_BP	GO:0003051	angiotensin-mediated drinking behavior	1
GO_BP	GO:0003056	regulation of vascular associated smooth muscle contraction	2
GO_BP	GO:0003062	regulation of heart rate by chemical signal	1
GO_BP	GO:0003064	regulation of heart rate by hormone	1
GO_BP	GO:0003065	positive regulation of heart rate by epinephrine	1
GO_BP	GO:0003069	acetylcholine-mediated vasodilation involved in regulation of systemic arterial blood pressure	1
GO_BP	GO:0003073	regulation of systemic arterial blood pressure	4
GO_BP	GO:0003081	regulation of systemic arterial blood pressure by renin-angiotensin	3
GO_BP	GO:0003084	positive regulation of systemic arterial blood pressure	3
GO_BP	GO:0003085	negative regulation of systemic arterial blood pressure	4
GO_BP	GO:0003091	renal water homeostasis	17
GO_BP	GO:0003093	regulation of glomerular filtration	2
GO_BP	GO:0003094	glomerular filtration	10
GO_BP	GO:0003096	renal sodium ion transport	1
GO_BP	GO:0003097	renal water transport	1
GO_BP	GO:0003100	regulation of systemic arterial blood pressure by endothelin	3
GO_BP	GO:0003104	positive regulation of glomerular filtration	2
GO_BP	GO:0003105	negative regulation of glomerular filtration	2
GO_BP	GO:0003108	negative regulation of the force of heart contraction by chemical signal	1
GO_BP	GO:0003127	detection of nodal flow	1
GO_BP	GO:0003129	heart induction	4
GO_BP	GO:0003133	endodermal-mesodermal cell signaling	1
GO_BP	GO:0003138	primary heart field specification	1
GO_BP	GO:0003139	secondary heart field specification	4
GO_BP	GO:0003140	determination of left/right asymmetry in lateral mesoderm	6
GO_BP	GO:0003142	cardiogenic plate morphogenesis	1
GO_BP	GO:0003143	embryonic heart tube morphogenesis	5
GO_BP	GO:0003148	outflow tract septum morphogenesis	19
GO_BP	GO:0003149	membranous septum morphogenesis	5
GO_BP	GO:0003150	muscular septum morphogenesis	2
GO_BP	GO:0003151	outflow tract morphogenesis	32
GO_BP	GO:0003156	regulation of animal organ formation	1
GO_BP	GO:0003157	endocardium development	1
GO_BP	GO:0003158	endothelium development	2
GO_BP	GO:0003160	endocardium morphogenesis	2
GO_BP	GO:0003161	cardiac conduction system development	1
GO_BP	GO:0003163	sinoatrial node development	2
GO_BP	GO:0003165	Purkinje myocyte development	2
GO_BP	GO:0003166	bundle of His development	1
GO_BP	GO:0003167	atrioventricular bundle cell differentiation	1
GO_BP	GO:0003169	coronary vein morphogenesis	2
GO_BP	GO:0003170	heart valve development	7
GO_BP	GO:0003171	atrioventricular valve development	1
GO_BP	GO:0003172	sinoatrial valve development	1
GO_BP	GO:0003176	aortic valve development	5
GO_BP	GO:0003177	pulmonary valve development	4
GO_BP	GO:0003179	heart valve morphogenesis	5
GO_BP	GO:0003180	aortic valve morphogenesis	29
GO_BP	GO:0003181	atrioventricular valve morphogenesis	9
GO_BP	GO:0003183	mitral valve morphogenesis	8
GO_BP	GO:0003184	pulmonary valve morphogenesis	17
GO_BP	GO:0003185	sinoatrial valve morphogenesis	1
GO_BP	GO:0003186	tricuspid valve morphogenesis	5
GO_BP	GO:0003188	heart valve formation	1
GO_BP	GO:0003189	aortic valve formation	2
GO_BP	GO:0003190	atrioventricular valve formation	3
GO_BP	GO:0003192	mitral valve formation	3
GO_BP	GO:0003195	tricuspid valve formation	1
GO_BP	GO:0003197	endocardial cushion development	3
GO_BP	GO:0003198	epithelial to mesenchymal transition involved in endocardial cushion formation	5
GO_BP	GO:0003199	endocardial cushion to mesenchymal transition involved in heart valve formation	1
GO_BP	GO:0003203	endocardial cushion morphogenesis	16
GO_BP	GO:0003207	cardiac chamber formation	1
GO_BP	GO:0003208	cardiac ventricle morphogenesis	6
GO_BP	GO:0003209	cardiac atrium morphogenesis	3
GO_BP	GO:0003210	cardiac atrium formation	1
GO_BP	GO:0003211	cardiac ventricle formation	1
GO_BP	GO:0003213	cardiac right atrium morphogenesis	2
GO_BP	GO:0003214	cardiac left ventricle morphogenesis	9
GO_BP	GO:0003215	cardiac right ventricle morphogenesis	7
GO_BP	GO:0003220	left ventricular cardiac muscle tissue morphogenesis	2
GO_BP	GO:0003221	right ventricular cardiac muscle tissue morphogenesis	1
GO_BP	GO:0003222	ventricular trabecula myocardium morphogenesis	8
GO_BP	GO:0003223	ventricular compact myocardium morphogenesis	6
GO_BP	GO:0003229	ventricular cardiac muscle tissue development	1
GO_BP	GO:0003231	cardiac ventricle development	2
GO_BP	GO:0003241	growth involved in heart morphogenesis	1
GO_BP	GO:0003245	cardiac muscle tissue growth involved in heart morphogenesis	1
GO_BP	GO:0003254	regulation of membrane depolarization	4
GO_BP	GO:0003272	endocardial cushion formation	10
GO_BP	GO:0003273	cell migration involved in endocardial cushion formation	2
GO_BP	GO:0003274	endocardial cushion fusion	3
GO_BP	GO:0003279	cardiac septum development	2
GO_BP	GO:0003281	ventricular septum development	8
GO_BP	GO:0003283	atrial septum development	4
GO_BP	GO:0003289	atrial septum primum morphogenesis	3
GO_BP	GO:0003300	cardiac muscle hypertrophy	2
GO_BP	GO:0003309	type B pancreatic cell differentiation	2
GO_BP	GO:0003310	pancreatic A cell differentiation	2
GO_BP	GO:0003322	pancreatic A cell development	1
GO_BP	GO:0003323	type B pancreatic cell development	5
GO_BP	GO:0003330	regulation of extracellular matrix constituent secretion	1
GO_BP	GO:0003331	positive regulation of extracellular matrix constituent secretion	2
GO_BP	GO:0003332	negative regulation of extracellular matrix constituent secretion	3
GO_BP	GO:0003333	amino acid transmembrane transport	15
GO_BP	GO:0003334	keratinocyte development	1
GO_BP	GO:0003337	mesenchymal to epithelial transition involved in metanephros morphogenesis	1
GO_BP	GO:0003338	metanephros morphogenesis	1
GO_BP	GO:0003340	negative regulation of mesenchymal to epithelial transition involved in metanephros morphogenesis	1
GO_BP	GO:0003341	cilium movement	26
GO_BP	GO:0003344	pericardium morphogenesis	4
GO_BP	GO:0003345	proepicardium cell migration involved in pericardium morphogenesis	1
GO_BP	GO:0003351	epithelial cilium movement involved in extracellular fluid movement	3
GO_BP	GO:0003352	regulation of cilium movement	3
GO_BP	GO:0003356	regulation of cilium beat frequency	5
GO_BP	GO:0003357	noradrenergic neuron differentiation	2
GO_BP	GO:0003358	noradrenergic neuron development	2
GO_BP	GO:0003359	noradrenergic neuron fate commitment	1
GO_BP	GO:0003360	brainstem development	1
GO_BP	GO:0003363	lamellipodium assembly involved in ameboidal cell migration	1
GO_BP	GO:0003365	establishment of cell polarity involved in ameboidal cell migration	3
GO_BP	GO:0003366	cell-matrix adhesion involved in ameboidal cell migration	1
GO_BP	GO:0003376	sphingosine-1-phosphate receptor signaling pathway	9
GO_BP	GO:0003382	epithelial cell morphogenesis	5
GO_BP	GO:0003383	apical constriction	2
GO_BP	GO:0003401	axis elongation	1
GO_BP	GO:0003404	optic vesicle morphogenesis	1
GO_BP	GO:0003406	retinal pigment epithelium development	2
GO_BP	GO:0003407	neural retina development	7
GO_BP	GO:0003408	optic cup formation involved in camera-type eye development	1
GO_BP	GO:0003413	chondrocyte differentiation involved in endochondral bone morphogenesis	1
GO_BP	GO:0003415	chondrocyte hypertrophy	1
GO_BP	GO:0003416	endochondral bone growth	3
GO_BP	GO:0003418	growth plate cartilage chondrocyte differentiation	1
GO_BP	GO:0003419	growth plate cartilage chondrocyte proliferation	1
GO_BP	GO:0003421	growth plate cartilage axis specification	1
GO_BP	GO:0003430	growth plate cartilage chondrocyte growth	2
GO_BP	GO:0003431	growth plate cartilage chondrocyte development	1
GO_BP	GO:0005513	detection of calcium ion	13
GO_BP	GO:0005975	carbohydrate metabolic process	34
GO_BP	GO:0005976	polysaccharide metabolic process	2
GO_BP	GO:0005977	glycogen metabolic process	12
GO_BP	GO:0005978	glycogen biosynthetic process	9
GO_BP	GO:0005979	regulation of glycogen biosynthetic process	8
GO_BP	GO:0005980	glycogen catabolic process	11
GO_BP	GO:0005984	disaccharide metabolic process	1
GO_BP	GO:0005989	lactose biosynthetic process	1
GO_BP	GO:0005997	xylulose metabolic process	2
GO_BP	GO:0005998	xylulose catabolic process	1
GO_BP	GO:0006000	fructose metabolic process	3
GO_BP	GO:0006002	fructose 6-phosphate metabolic process	8
GO_BP	GO:0006003	fructose 2,6-bisphosphate metabolic process	3
GO_BP	GO:0006004	fucose metabolic process	4
GO_BP	GO:0006006	glucose metabolic process	21
GO_BP	GO:0006007	glucose catabolic process	2
GO_BP	GO:0006011	UDP-alpha-D-glucose metabolic process	3
GO_BP	GO:0006012	galactose metabolic process	5
GO_BP	GO:0006013	mannose metabolic process	3
GO_BP	GO:0006014	D-ribose metabolic process	1
GO_BP	GO:0006015	5-phosphoribose 1-diphosphate biosynthetic process	3
GO_BP	GO:0006020	inositol metabolic process	4
GO_BP	GO:0006021	inositol biosynthetic process	1
GO_BP	GO:0006024	glycosaminoglycan biosynthetic process	15
GO_BP	GO:0006027	glycosaminoglycan catabolic process	5
GO_BP	GO:0006029	proteoglycan metabolic process	2
GO_BP	GO:0006032	chitin catabolic process	3
GO_BP	GO:0006043	D-glucosamine catabolic process	2
GO_BP	GO:0006044	N-acetylglucosamine metabolic process	9
GO_BP	GO:0006046	N-acetylglucosamine catabolic process	4
GO_BP	GO:0006047	UDP-N-acetylglucosamine metabolic process	1
GO_BP	GO:0006048	UDP-N-acetylglucosamine biosynthetic process	9
GO_BP	GO:0006051	N-acetylmannosamine metabolic process	1
GO_BP	GO:0006054	N-acetylneuraminate metabolic process	2
GO_BP	GO:0006055	CMP-N-acetylneuraminate biosynthetic process	3
GO_BP	GO:0006060	D-sorbitol metabolic process	1
GO_BP	GO:0006062	D-sorbitol catabolic process	1
GO_BP	GO:0006065	UDP-glucuronate biosynthetic process	1
GO_BP	GO:0006066	alcohol metabolic process	1
GO_BP	GO:0006067	ethanol metabolic process	1
GO_BP	GO:0006068	ethanol catabolic process	3
GO_BP	GO:0006071	glycerol metabolic process	3
GO_BP	GO:0006072	glycerol-3-phosphate metabolic process	2
GO_BP	GO:0006081	aldehyde metabolic process	8
GO_BP	GO:0006084	acetyl-CoA metabolic process	3
GO_BP	GO:0006085	acetyl-CoA biosynthetic process	7
GO_BP	GO:0006086	pyruvate decarboxylation to acetyl-CoA	5
GO_BP	GO:0006089	lactate metabolic process	2
GO_BP	GO:0006090	pyruvate metabolic process	1
GO_BP	GO:0006091	generation of precursor metabolites and energy	32
GO_BP	GO:0006094	gluconeogenesis	18
GO_BP	GO:0006096	glycolytic process	17
GO_BP	GO:0006098	pentose-phosphate shunt	7
GO_BP	GO:0006099	tricarboxylic acid cycle	22
GO_BP	GO:0006101	citrate metabolic process	3
GO_BP	GO:0006102	isocitrate metabolic process	4
GO_BP	GO:0006103	2-oxoglutarate metabolic process	13
GO_BP	GO:0006104	succinyl-CoA metabolic process	5
GO_BP	GO:0006105	succinate metabolic process	2
GO_BP	GO:0006106	fumarate metabolic process	1
GO_BP	GO:0006107	oxaloacetate metabolic process	4
GO_BP	GO:0006108	malate metabolic process	8
GO_BP	GO:0006110	regulation of glycolytic process	9
GO_BP	GO:0006111	regulation of gluconeogenesis	7
GO_BP	GO:0006112	energy reserve metabolic process	6
GO_BP	GO:0006114	glycerol biosynthetic process	2
GO_BP	GO:0006119	oxidative phosphorylation	5
GO_BP	GO:0006120	mitochondrial electron transport, NADH to ubiquinone	21
GO_BP	GO:0006121	mitochondrial electron transport, succinate to ubiquinone	4
GO_BP	GO:0006122	mitochondrial electron transport, ubiquinol to cytochrome c	5
GO_BP	GO:0006123	mitochondrial electron transport, cytochrome c to oxygen	8
GO_BP	GO:0006127	glycerol-3-phosphate shuttle	1
GO_BP	GO:0006139	nucleobase-containing compound metabolic process	19
GO_BP	GO:0006144	purine nucleobase metabolic process	2
GO_BP	GO:0006145	purine nucleobase catabolic process	1
GO_BP	GO:0006147	guanine catabolic process	1
GO_BP	GO:0006148	inosine catabolic process	1
GO_BP	GO:0006149	deoxyinosine catabolic process	1
GO_BP	GO:0006152	purine nucleoside catabolic process	1
GO_BP	GO:0006154	adenosine catabolic process	1
GO_BP	GO:0006163	purine nucleotide metabolic process	2
GO_BP	GO:0006164	purine nucleotide biosynthetic process	8
GO_BP	GO:0006166	purine ribonucleoside salvage	2
GO_BP	GO:0006167	AMP biosynthetic process	4
GO_BP	GO:0006168	adenine salvage	1
GO_BP	GO:0006171	cAMP biosynthetic process	8
GO_BP	GO:0006172	ADP biosynthetic process	2
GO_BP	GO:0006173	dADP biosynthetic process	1
GO_BP	GO:0006177	GMP biosynthetic process	4
GO_BP	GO:0006178	guanine salvage	1
GO_BP	GO:0006182	cGMP biosynthetic process	8
GO_BP	GO:0006183	GTP biosynthetic process	3
GO_BP	GO:0006185	dGDP biosynthetic process	1
GO_BP	GO:0006188	IMP biosynthetic process	2
GO_BP	GO:0006189	'de novo' IMP biosynthetic process	3
GO_BP	GO:0006195	purine nucleotide catabolic process	2
GO_BP	GO:0006196	AMP catabolic process	4
GO_BP	GO:0006198	cAMP catabolic process	1
GO_BP	GO:0006203	dGTP catabolic process	2
GO_BP	GO:0006204	IMP catabolic process	4
GO_BP	GO:0006207	'de novo' pyrimidine nucleobase biosynthetic process	3
GO_BP	GO:0006208	pyrimidine nucleobase catabolic process	1
GO_BP	GO:0006210	thymine catabolic process	2
GO_BP	GO:0006212	uracil catabolic process	1
GO_BP	GO:0006217	deoxycytidine catabolic process	1
GO_BP	GO:0006218	uridine catabolic process	2
GO_BP	GO:0006220	pyrimidine nucleotide metabolic process	4
GO_BP	GO:0006221	pyrimidine nucleotide biosynthetic process	1
GO_BP	GO:0006222	UMP biosynthetic process	1
GO_BP	GO:0006225	UDP biosynthetic process	2
GO_BP	GO:0006226	dUMP biosynthetic process	1
GO_BP	GO:0006227	dUDP biosynthetic process	2
GO_BP	GO:0006229	dUTP biosynthetic process	1
GO_BP	GO:0006231	dTMP biosynthetic process	2
GO_BP	GO:0006233	dTDP biosynthetic process	2
GO_BP	GO:0006235	dTTP biosynthetic process	2
GO_BP	GO:0006241	CTP biosynthetic process	2
GO_BP	GO:0006248	CMP catabolic process	2
GO_BP	GO:0006249	dCMP catabolic process	4
GO_BP	GO:0006253	dCTP catabolic process	1
GO_BP	GO:0006254	CTP catabolic process	1
GO_BP	GO:0006256	UDP catabolic process	2
GO_BP	GO:0006259	DNA metabolic process	6
GO_BP	GO:0006260	DNA replication	47
GO_BP	GO:0006261	DNA-templated DNA replication	24
GO_BP	GO:0006264	mitochondrial DNA replication	10
GO_BP	GO:0006265	DNA topological change	6
GO_BP	GO:0006269	DNA replication, synthesis of primer	5
GO_BP	GO:0006270	DNA replication initiation	19
GO_BP	GO:0006271	DNA strand elongation involved in DNA replication	7
GO_BP	GO:0006272	leading strand elongation	4
GO_BP	GO:0006273	lagging strand elongation	3
GO_BP	GO:0006275	regulation of DNA replication	37
GO_BP	GO:0006281	DNA repair	115
GO_BP	GO:0006282	regulation of DNA repair	7
GO_BP	GO:0006283	transcription-coupled nucleotide-excision repair	10
GO_BP	GO:0006284	base-excision repair	29
GO_BP	GO:0006285	base-excision repair, AP site formation	3
GO_BP	GO:0006287	base-excision repair, gap-filling	12
GO_BP	GO:0006289	nucleotide-excision repair	27
GO_BP	GO:0006294	nucleotide-excision repair, preincision complex assembly	1
GO_BP	GO:0006297	nucleotide-excision repair, DNA gap filling	4
GO_BP	GO:0006298	mismatch repair	19
GO_BP	GO:0006301	DNA damage tolerance	7
GO_BP	GO:0006302	double-strand break repair	58
GO_BP	GO:0006303	double-strand break repair via nonhomologous end joining	33
GO_BP	GO:0006307	DNA alkylation repair	8
GO_BP	GO:0006308	DNA catabolic process	9
GO_BP	GO:0006309	apoptotic DNA fragmentation	8
GO_BP	GO:0006310	DNA recombination	13
GO_BP	GO:0006312	mitotic recombination	6
GO_BP	GO:0006325	chromatin organization	42
GO_BP	GO:0006334	nucleosome assembly	18
GO_BP	GO:0006335	DNA replication-dependent chromatin assembly	5
GO_BP	GO:0006337	nucleosome disassembly	6
GO_BP	GO:0006338	chromatin remodeling	159
GO_BP	GO:0006346	DNA methylation-dependent constitutive heterochromatin formation	13
GO_BP	GO:0006351	DNA-templated transcription	19
GO_BP	GO:0006352	DNA-templated transcription initiation	12
GO_BP	GO:0006353	DNA-templated transcription termination	3
GO_BP	GO:0006354	DNA-templated transcription elongation	6
GO_BP	GO:0006355	regulation of DNA-templated transcription	275
GO_BP	GO:0006356	regulation of transcription by RNA polymerase I	3
GO_BP	GO:0006357	regulation of transcription by RNA polymerase II	730
GO_BP	GO:0006359	regulation of transcription by RNA polymerase III	5
GO_BP	GO:0006360	transcription by RNA polymerase I	9
GO_BP	GO:0006361	transcription initiation at RNA polymerase I promoter	3
GO_BP	GO:0006362	transcription elongation by RNA polymerase I	11
GO_BP	GO:0006363	termination of RNA polymerase I transcription	1
GO_BP	GO:0006364	rRNA processing	63
GO_BP	GO:0006366	transcription by RNA polymerase II	82
GO_BP	GO:0006367	transcription initiation at RNA polymerase II promoter	43
GO_BP	GO:0006368	transcription elongation by RNA polymerase II	39
GO_BP	GO:0006369	termination of RNA polymerase II transcription	7
GO_BP	GO:0006370	7-methylguanosine mRNA capping	4
GO_BP	GO:0006376	mRNA splice site recognition	18
GO_BP	GO:0006382	adenosine to inosine editing	3
GO_BP	GO:0006383	transcription by RNA polymerase III	24
GO_BP	GO:0006384	transcription initiation at RNA polymerase III promoter	21
GO_BP	GO:0006386	termination of RNA polymerase III transcription	14
GO_BP	GO:0006388	tRNA splicing, via endonucleolytic cleavage and ligation	8
GO_BP	GO:0006390	mitochondrial transcription	7
GO_BP	GO:0006391	transcription initiation at mitochondrial promoter	4
GO_BP	GO:0006393	termination of mitochondrial transcription	1
GO_BP	GO:0006396	RNA processing	53
GO_BP	GO:0006397	mRNA processing	55
GO_BP	GO:0006398	mRNA 3'-end processing by stem-loop binding and cleavage	5
GO_BP	GO:0006399	tRNA metabolic process	2
GO_BP	GO:0006400	tRNA modification	20
GO_BP	GO:0006401	RNA catabolic process	27
GO_BP	GO:0006402	mRNA catabolic process	23
GO_BP	GO:0006403	RNA localization	1
GO_BP	GO:0006404	RNA import into nucleus	3
GO_BP	GO:0006405	RNA export from nucleus	11
GO_BP	GO:0006406	mRNA export from nucleus	41
GO_BP	GO:0006408	snRNA export from nucleus	4
GO_BP	GO:0006409	tRNA export from nucleus	3
GO_BP	GO:0006412	translation	57
GO_BP	GO:0006413	translational initiation	28
GO_BP	GO:0006414	translational elongation	7
GO_BP	GO:0006415	translational termination	6
GO_BP	GO:0006417	regulation of translation	21
GO_BP	GO:0006418	tRNA aminoacylation for protein translation	16
GO_BP	GO:0006419	alanyl-tRNA aminoacylation	1
GO_BP	GO:0006420	arginyl-tRNA aminoacylation	1
GO_BP	GO:0006421	asparaginyl-tRNA aminoacylation	2
GO_BP	GO:0006422	aspartyl-tRNA aminoacylation	2
GO_BP	GO:0006423	cysteinyl-tRNA aminoacylation	1
GO_BP	GO:0006424	glutamyl-tRNA aminoacylation	2
GO_BP	GO:0006425	glutaminyl-tRNA aminoacylation	2
GO_BP	GO:0006427	histidyl-tRNA aminoacylation	2
GO_BP	GO:0006428	isoleucyl-tRNA aminoacylation	1
GO_BP	GO:0006429	leucyl-tRNA aminoacylation	2
GO_BP	GO:0006430	lysyl-tRNA aminoacylation	1
GO_BP	GO:0006431	methionyl-tRNA aminoacylation	2
GO_BP	GO:0006432	phenylalanyl-tRNA aminoacylation	3
GO_BP	GO:0006433	prolyl-tRNA aminoacylation	2
GO_BP	GO:0006434	seryl-tRNA aminoacylation	1
GO_BP	GO:0006435	threonyl-tRNA aminoacylation	3
GO_BP	GO:0006436	tryptophanyl-tRNA aminoacylation	1
GO_BP	GO:0006437	tyrosyl-tRNA aminoacylation	1
GO_BP	GO:0006446	regulation of translational initiation	29
GO_BP	GO:0006448	regulation of translational elongation	2
GO_BP	GO:0006449	regulation of translational termination	5
GO_BP	GO:0006450	regulation of translational fidelity	2
GO_BP	GO:0006457	protein folding	105
GO_BP	GO:0006458	'de novo' protein folding	3
GO_BP	GO:0006468	protein phosphorylation	181
GO_BP	GO:0006469	negative regulation of protein kinase activity	16
GO_BP	GO:0006470	protein dephosphorylation	50
GO_BP	GO:0006473	protein acetylation	9
GO_BP	GO:0006474	N-terminal protein amino acid acetylation	3
GO_BP	GO:0006475	internal protein amino acid acetylation	1
GO_BP	GO:0006476	protein deacetylation	8
GO_BP	GO:0006478	peptidyl-tyrosine sulfation	2
GO_BP	GO:0006479	protein methylation	13
GO_BP	GO:0006481	C-terminal protein methylation	1
GO_BP	GO:0006482	protein demethylation	1
GO_BP	GO:0006487	protein N-linked glycosylation	52
GO_BP	GO:0006488	dolichol-linked oligosaccharide biosynthetic process	15
GO_BP	GO:0006489	dolichyl diphosphate biosynthetic process	2
GO_BP	GO:0006491	N-glycan processing	16
GO_BP	GO:0006493	protein O-linked glycosylation	40
GO_BP	GO:0006497	protein lipidation	4
GO_BP	GO:0006499	N-terminal protein myristoylation	3
GO_BP	GO:0006501	C-terminal protein lipidation	1
GO_BP	GO:0006506	GPI anchor biosynthetic process	23
GO_BP	GO:0006508	proteolysis	137
GO_BP	GO:0006509	membrane protein ectodomain proteolysis	15
GO_BP	GO:0006511	ubiquitin-dependent protein catabolic process	162
GO_BP	GO:0006513	protein monoubiquitination	37
GO_BP	GO:0006515	protein quality control for misfolded or incompletely synthesized proteins	18
GO_BP	GO:0006516	glycoprotein catabolic process	11
GO_BP	GO:0006517	protein deglycosylation	2
GO_BP	GO:0006518	peptide metabolic process	6
GO_BP	GO:0006520	amino acid metabolic process	11
GO_BP	GO:0006525	arginine metabolic process	4
GO_BP	GO:0006526	L-arginine biosynthetic process	2
GO_BP	GO:0006527	L-arginine catabolic process	5
GO_BP	GO:0006530	L-asparagine catabolic process	2
GO_BP	GO:0006531	aspartate metabolic process	3
GO_BP	GO:0006532	L-aspartate biosynthetic process	1
GO_BP	GO:0006533	L-aspartate catabolic process	4
GO_BP	GO:0006536	glutamate metabolic process	7
GO_BP	GO:0006538	L-glutamate catabolic process	2
GO_BP	GO:0006540	GABA shunt	4
GO_BP	GO:0006541	L-glutamine metabolic process	4
GO_BP	GO:0006543	L-glutamine catabolic process	3
GO_BP	GO:0006544	glycine metabolic process	1
GO_BP	GO:0006545	glycine biosynthetic process	1
GO_BP	GO:0006546	glycine catabolic process	2
GO_BP	GO:0006548	L-histidine catabolic process	4
GO_BP	GO:0006550	L-isoleucine catabolic process	5
GO_BP	GO:0006552	L-leucine catabolic process	5
GO_BP	GO:0006556	S-adenosylmethionine biosynthetic process	3
GO_BP	GO:0006559	L-phenylalanine catabolic process	2
GO_BP	GO:0006562	L-proline catabolic process	1
GO_BP	GO:0006563	L-serine metabolic process	6
GO_BP	GO:0006564	L-serine biosynthetic process	3
GO_BP	GO:0006565	L-serine catabolic process	3
GO_BP	GO:0006567	L-threonine catabolic process	2
GO_BP	GO:0006569	L-tryptophan catabolic process	2
GO_BP	GO:0006572	L-tyrosine catabolic process	1
GO_BP	GO:0006574	L-valine catabolic process	6
GO_BP	GO:0006576	biogenic amine metabolic process	1
GO_BP	GO:0006580	ethanolamine metabolic process	1
GO_BP	GO:0006581	acetylcholine catabolic process	2
GO_BP	GO:0006584	catecholamine metabolic process	2
GO_BP	GO:0006585	dopamine biosynthetic process from tyrosine	1
GO_BP	GO:0006590	thyroid hormone generation	4
GO_BP	GO:0006592	L-ornithine biosynthetic process	1
GO_BP	GO:0006595	polyamine metabolic process	4
GO_BP	GO:0006596	polyamine biosynthetic process	3
GO_BP	GO:0006597	spermine biosynthetic process	1
GO_BP	GO:0006598	polyamine catabolic process	2
GO_BP	GO:0006600	creatine metabolic process	1
GO_BP	GO:0006601	creatine biosynthetic process	2
GO_BP	GO:0006605	protein targeting	17
GO_BP	GO:0006606	protein import into nucleus	51
GO_BP	GO:0006607	NLS-bearing protein import into nucleus	10
GO_BP	GO:0006610	ribosomal protein import into nucleus	2
GO_BP	GO:0006611	protein export from nucleus	22
GO_BP	GO:0006612	protein targeting to membrane	39
GO_BP	GO:0006613	cotranslational protein targeting to membrane	10
GO_BP	GO:0006614	SRP-dependent cotranslational protein targeting to membrane	5
GO_BP	GO:0006616	SRP-dependent cotranslational protein targeting to membrane, translocation	6
GO_BP	GO:0006617	SRP-dependent cotranslational protein targeting to membrane, signal sequence recognition	1
GO_BP	GO:0006620	post-translational protein targeting to endoplasmic reticulum membrane	8
GO_BP	GO:0006621	protein retention in ER lumen	4
GO_BP	GO:0006622	protein targeting to lysosome	16
GO_BP	GO:0006623	protein targeting to vacuole	7
GO_BP	GO:0006624	vacuolar protein processing	2
GO_BP	GO:0006625	protein targeting to peroxisome	6
GO_BP	GO:0006629	lipid metabolic process	68
GO_BP	GO:0006631	fatty acid metabolic process	29
GO_BP	GO:0006633	fatty acid biosynthetic process	13
GO_BP	GO:0006635	fatty acid beta-oxidation	31
GO_BP	GO:0006636	unsaturated fatty acid biosynthetic process	2
GO_BP	GO:0006637	acyl-CoA metabolic process	9
GO_BP	GO:0006640	monoacylglycerol biosynthetic process	2
GO_BP	GO:0006641	triglyceride metabolic process	10
GO_BP	GO:0006642	triglyceride mobilization	2
GO_BP	GO:0006644	phospholipid metabolic process	22
GO_BP	GO:0006646	phosphatidylethanolamine biosynthetic process	6
GO_BP	GO:0006649	phospholipid transfer to membrane	3
GO_BP	GO:0006650	glycerophospholipid metabolic process	4
GO_BP	GO:0006651	diacylglycerol biosynthetic process	6
GO_BP	GO:0006654	phosphatidic acid biosynthetic process	25
GO_BP	GO:0006655	phosphatidylglycerol biosynthetic process	3
GO_BP	GO:0006656	phosphatidylcholine biosynthetic process	19
GO_BP	GO:0006657	CDP-choline pathway	3
GO_BP	GO:0006658	phosphatidylserine metabolic process	5
GO_BP	GO:0006659	phosphatidylserine biosynthetic process	1
GO_BP	GO:0006660	phosphatidylserine catabolic process	2
GO_BP	GO:0006661	phosphatidylinositol biosynthetic process	44
GO_BP	GO:0006663	platelet activating factor biosynthetic process	2
GO_BP	GO:0006664	glycolipid metabolic process	1
GO_BP	GO:0006665	sphingolipid metabolic process	6
GO_BP	GO:0006667	sphinganine metabolic process	1
GO_BP	GO:0006669	sphinganine-1-phosphate biosynthetic process	1
GO_BP	GO:0006670	sphingosine metabolic process	7
GO_BP	GO:0006672	ceramide metabolic process	12
GO_BP	GO:0006677	glycosylceramide metabolic process	2
GO_BP	GO:0006678	glucosylceramide metabolic process	3
GO_BP	GO:0006679	glucosylceramide biosynthetic process	2
GO_BP	GO:0006680	glucosylceramide catabolic process	1
GO_BP	GO:0006681	galactosylceramide metabolic process	1
GO_BP	GO:0006682	galactosylceramide biosynthetic process	3
GO_BP	GO:0006683	galactosylceramide catabolic process	1
GO_BP	GO:0006684	sphingomyelin metabolic process	4
GO_BP	GO:0006685	sphingomyelin catabolic process	5
GO_BP	GO:0006686	sphingomyelin biosynthetic process	12
GO_BP	GO:0006687	glycosphingolipid metabolic process	4
GO_BP	GO:0006688	glycosphingolipid biosynthetic process	24
GO_BP	GO:0006689	ganglioside catabolic process	5
GO_BP	GO:0006690	icosanoid metabolic process	3
GO_BP	GO:0006691	leukotriene metabolic process	2
GO_BP	GO:0006692	prostanoid metabolic process	1
GO_BP	GO:0006693	prostaglandin metabolic process	7
GO_BP	GO:0006694	steroid biosynthetic process	3
GO_BP	GO:0006695	cholesterol biosynthetic process	20
GO_BP	GO:0006699	bile acid biosynthetic process	17
GO_BP	GO:0006700	C21-steroid hormone biosynthetic process	3
GO_BP	GO:0006701	progesterone biosynthetic process	1
GO_BP	GO:0006702	androgen biosynthetic process	3
GO_BP	GO:0006703	estrogen biosynthetic process	2
GO_BP	GO:0006704	glucocorticoid biosynthetic process	1
GO_BP	GO:0006706	steroid catabolic process	2
GO_BP	GO:0006707	cholesterol catabolic process	2
GO_BP	GO:0006710	androgen catabolic process	2
GO_BP	GO:0006713	glucocorticoid catabolic process	1
GO_BP	GO:0006714	sesquiterpenoid metabolic process	1
GO_BP	GO:0006720	isoprenoid metabolic process	4
GO_BP	GO:0006729	tetrahydrobiopterin biosynthetic process	4
GO_BP	GO:0006730	one-carbon metabolic process	3
GO_BP	GO:0006739	NADP+ metabolic process	7
GO_BP	GO:0006740	NADPH regeneration	2
GO_BP	GO:0006741	NADP+ biosynthetic process	1
GO_BP	GO:0006742	NADP+ catabolic process	2
GO_BP	GO:0006743	ubiquinone metabolic process	2
GO_BP	GO:0006744	ubiquinone biosynthetic process	15
GO_BP	GO:0006747	FAD biosynthetic process	1
GO_BP	GO:0006749	glutathione metabolic process	18
GO_BP	GO:0006750	glutathione biosynthetic process	4
GO_BP	GO:0006751	glutathione catabolic process	5
GO_BP	GO:0006753	nucleoside phosphate metabolic process	2
GO_BP	GO:0006754	ATP biosynthetic process	7
GO_BP	GO:0006760	folic acid-containing compound metabolic process	1
GO_BP	GO:0006766	vitamin metabolic process	1
GO_BP	GO:0006768	biotin metabolic process	2
GO_BP	GO:0006769	nicotinamide metabolic process	1
GO_BP	GO:0006771	riboflavin metabolic process	3
GO_BP	GO:0006772	thiamine metabolic process	2
GO_BP	GO:0006776	vitamin A metabolic process	2
GO_BP	GO:0006777	Mo-molybdopterin cofactor biosynthetic process	6
GO_BP	GO:0006778	porphyrin-containing compound metabolic process	1
GO_BP	GO:0006779	porphyrin-containing compound biosynthetic process	2
GO_BP	GO:0006780	uroporphyrinogen III biosynthetic process	1
GO_BP	GO:0006783	heme biosynthetic process	17
GO_BP	GO:0006784	heme A biosynthetic process	2
GO_BP	GO:0006785	heme B biosynthetic process	7
GO_BP	GO:0006787	porphyrin-containing compound catabolic process	1
GO_BP	GO:0006788	heme oxidation	1
GO_BP	GO:0006790	sulfur compound metabolic process	8
GO_BP	GO:0006796	phosphate-containing compound metabolic process	12
GO_BP	GO:0006801	superoxide metabolic process	11
GO_BP	GO:0006805	xenobiotic metabolic process	34
GO_BP	GO:0006809	nitric oxide biosynthetic process	14
GO_BP	GO:0006811	monoatomic ion transport	8
GO_BP	GO:0006812	monoatomic cation transport	12
GO_BP	GO:0006813	potassium ion transport	50
GO_BP	GO:0006814	sodium ion transport	12
GO_BP	GO:0006816	calcium ion transport	49
GO_BP	GO:0006817	phosphate ion transport	3
GO_BP	GO:0006820	monoatomic anion transport	6
GO_BP	GO:0006821	chloride transport	22
GO_BP	GO:0006824	cobalt ion transport	4
GO_BP	GO:0006825	copper ion transport	7
GO_BP	GO:0006826	iron ion transport	6
GO_BP	GO:0006828	manganese ion transport	6
GO_BP	GO:0006829	zinc ion transport	8
GO_BP	GO:0006833	water transport	6
GO_BP	GO:0006835	dicarboxylic acid transport	2
GO_BP	GO:0006836	neurotransmitter transport	27
GO_BP	GO:0006839	mitochondrial transport	5
GO_BP	GO:0006843	mitochondrial citrate transmembrane transport	1
GO_BP	GO:0006850	pyruvate import into mitochondria	1
GO_BP	GO:0006851	mitochondrial calcium ion transmembrane transport	12
GO_BP	GO:0006853	carnitine shuttle	4
GO_BP	GO:0006855	xenobiotic transmembrane transport	11
GO_BP	GO:0006858	extracellular transport	3
GO_BP	GO:0006862	nucleotide transport	1
GO_BP	GO:0006863	purine nucleobase transport	1
GO_BP	GO:0006865	amino acid transport	29
GO_BP	GO:0006867	asparagine transport	3
GO_BP	GO:0006868	L-glutamine transport	8
GO_BP	GO:0006869	lipid transport	17
GO_BP	GO:0006874	intracellular calcium ion homeostasis	52
GO_BP	GO:0006878	intracellular copper ion homeostasis	8
GO_BP	GO:0006879	intracellular iron ion homeostasis	43
GO_BP	GO:0006882	intracellular zinc ion homeostasis	14
GO_BP	GO:0006883	intracellular sodium ion homeostasis	14
GO_BP	GO:0006884	cell volume homeostasis	13
GO_BP	GO:0006885	regulation of pH	4
GO_BP	GO:0006886	intracellular protein transport	120
GO_BP	GO:0006887	exocytosis	59
GO_BP	GO:0006888	endoplasmic reticulum to Golgi vesicle-mediated transport	82
GO_BP	GO:0006890	retrograde vesicle-mediated transport, Golgi to endoplasmic reticulum	44
GO_BP	GO:0006891	intra-Golgi vesicle-mediated transport	24
GO_BP	GO:0006892	post-Golgi vesicle-mediated transport	14
GO_BP	GO:0006893	Golgi to plasma membrane transport	27
GO_BP	GO:0006895	Golgi to endosome transport	13
GO_BP	GO:0006896	Golgi to vacuole transport	10
GO_BP	GO:0006897	endocytosis	95
GO_BP	GO:0006898	receptor-mediated endocytosis	56
GO_BP	GO:0006900	vesicle budding from membrane	12
GO_BP	GO:0006906	vesicle fusion	24
GO_BP	GO:0006907	pinocytosis	2
GO_BP	GO:0006909	phagocytosis	32
GO_BP	GO:0006910	phagocytosis, recognition	3
GO_BP	GO:0006911	phagocytosis, engulfment	14
GO_BP	GO:0006913	nucleocytoplasmic transport	6
GO_BP	GO:0006914	autophagy	47
GO_BP	GO:0006915	apoptotic process	125
GO_BP	GO:0006921	cellular component disassembly involved in execution phase of apoptosis	1
GO_BP	GO:0006924	activation-induced cell death of T cells	2
GO_BP	GO:0006929	substrate-dependent cell migration	4
GO_BP	GO:0006930	substrate-dependent cell migration, cell extension	6
GO_BP	GO:0006933	negative regulation of cell adhesion involved in substrate-bound cell migration	1
GO_BP	GO:0006935	chemotaxis	26
GO_BP	GO:0006936	muscle contraction	39
GO_BP	GO:0006937	regulation of muscle contraction	6
GO_BP	GO:0006939	smooth muscle contraction	10
GO_BP	GO:0006940	regulation of smooth muscle contraction	6
GO_BP	GO:0006941	striated muscle contraction	11
GO_BP	GO:0006942	regulation of striated muscle contraction	1
GO_BP	GO:0006950	response to stress	2
GO_BP	GO:0006952	defense response	28
GO_BP	GO:0006953	acute-phase response	4
GO_BP	GO:0006954	inflammatory response	108
GO_BP	GO:0006955	immune response	89
GO_BP	GO:0006956	complement activation	5
GO_BP	GO:0006957	complement activation, alternative pathway	1
GO_BP	GO:0006958	complement activation, classical pathway	4
GO_BP	GO:0006959	humoral immune response	14
GO_BP	GO:0006968	cellular defense response	19
GO_BP	GO:0006970	response to osmotic stress	8
GO_BP	GO:0006971	hypotonic response	1
GO_BP	GO:0006972	hyperosmotic response	1
GO_BP	GO:0006974	DNA damage response	231
GO_BP	GO:0006979	response to oxidative stress	75
GO_BP	GO:0006982	response to lipid hydroperoxide	1
GO_BP	GO:0006983	ER overload response	8
GO_BP	GO:0006986	response to unfolded protein	19
GO_BP	GO:0006995	cellular response to nitrogen starvation	7
GO_BP	GO:0006996	organelle organization	2
GO_BP	GO:0006997	nucleus organization	16
GO_BP	GO:0006998	nuclear envelope organization	15
GO_BP	GO:0006999	nuclear pore organization	7
GO_BP	GO:0007000	nucleolus organization	3
GO_BP	GO:0007004	telomere maintenance via telomerase	16
GO_BP	GO:0007005	mitochondrion organization	61
GO_BP	GO:0007006	mitochondrial membrane organization	4
GO_BP	GO:0007007	inner mitochondrial membrane organization	7
GO_BP	GO:0007009	plasma membrane organization	7
GO_BP	GO:0007010	cytoskeleton organization	67
GO_BP	GO:0007015	actin filament organization	88
GO_BP	GO:0007017	microtubule-based process	9
GO_BP	GO:0007018	microtubule-based movement	29
GO_BP	GO:0007019	microtubule depolymerization	9
GO_BP	GO:0007020	microtubule nucleation	20
GO_BP	GO:0007021	tubulin complex assembly	5
GO_BP	GO:0007023	post-chaperonin tubulin folding pathway	4
GO_BP	GO:0007026	negative regulation of microtubule depolymerization	18
GO_BP	GO:0007029	endoplasmic reticulum organization	23
GO_BP	GO:0007030	Golgi organization	83
GO_BP	GO:0007031	peroxisome organization	18
GO_BP	GO:0007032	endosome organization	28
GO_BP	GO:0007033	vacuole organization	3
GO_BP	GO:0007034	vacuolar transport	4
GO_BP	GO:0007035	vacuolar acidification	10
GO_BP	GO:0007039	protein catabolic process in the vacuole	2
GO_BP	GO:0007040	lysosome organization	36
GO_BP	GO:0007041	lysosomal transport	16
GO_BP	GO:0007042	lysosomal lumen acidification	12
GO_BP	GO:0007043	cell-cell junction assembly	29
GO_BP	GO:0007044	cell-substrate junction assembly	2
GO_BP	GO:0007051	spindle organization	9
GO_BP	GO:0007052	mitotic spindle organization	40
GO_BP	GO:0007056	spindle assembly involved in female meiosis	3
GO_BP	GO:0007059	chromosome segregation	37
GO_BP	GO:0007062	sister chromatid cohesion	15
GO_BP	GO:0007064	mitotic sister chromatid cohesion	10
GO_BP	GO:0007076	mitotic chromosome condensation	14
GO_BP	GO:0007077	mitotic nuclear membrane disassembly	8
GO_BP	GO:0007079	mitotic chromosome movement towards spindle pole	2
GO_BP	GO:0007080	mitotic metaphase chromosome alignment	31
GO_BP	GO:0007084	mitotic nuclear membrane reassembly	9
GO_BP	GO:0007088	regulation of mitotic nuclear division	13
GO_BP	GO:0007089	traversing start control point of mitotic cell cycle	2
GO_BP	GO:0007091	metaphase/anaphase transition of mitotic cell cycle	5
GO_BP	GO:0007094	mitotic spindle assembly checkpoint signaling	15
GO_BP	GO:0007095	mitotic G2 DNA damage checkpoint signaling	23
GO_BP	GO:0007096	regulation of exit from mitosis	5
GO_BP	GO:0007097	nuclear migration	13
GO_BP	GO:0007098	centrosome cycle	33
GO_BP	GO:0007099	centriole replication	17
GO_BP	GO:0007100	mitotic centrosome separation	3
GO_BP	GO:0007113	endomitotic cell cycle	2
GO_BP	GO:0007127	meiosis I	1
GO_BP	GO:0007129	homologous chromosome pairing at meiosis	5
GO_BP	GO:0007130	synaptonemal complex assembly	1
GO_BP	GO:0007131	reciprocal meiotic recombination	10
GO_BP	GO:0007140	male meiotic nuclear division	6
GO_BP	GO:0007141	male meiosis I	8
GO_BP	GO:0007144	female meiosis I	1
GO_BP	GO:0007154	cell communication	5
GO_BP	GO:0007155	cell adhesion	156
GO_BP	GO:0007156	homophilic cell-cell adhesion	50
GO_BP	GO:0007157	heterophilic cell-cell adhesion	28
GO_BP	GO:0007158	neuron cell-cell adhesion	13
GO_BP	GO:0007159	leukocyte cell-cell adhesion	17
GO_BP	GO:0007160	cell-matrix adhesion	52
GO_BP	GO:0007161	calcium-independent cell-matrix adhesion	2
GO_BP	GO:0007162	negative regulation of cell adhesion	27
GO_BP	GO:0007163	establishment or maintenance of cell polarity	30
GO_BP	GO:0007165	signal transduction	534
GO_BP	GO:0007166	cell surface receptor signaling pathway	88
GO_BP	GO:0007167	enzyme-linked receptor protein signaling pathway	9
GO_BP	GO:0007168	receptor guanylyl cyclase signaling pathway	7
GO_BP	GO:0007169	cell surface receptor protein tyrosine kinase signaling pathway	61
GO_BP	GO:0007171	activation of transmembrane receptor protein tyrosine kinase activity	2
GO_BP	GO:0007172	signal complex assembly	2
GO_BP	GO:0007173	epidermal growth factor receptor signaling pathway	44
GO_BP	GO:0007174	epidermal growth factor catabolic process	1
GO_BP	GO:0007175	negative regulation of epidermal growth factor-activated receptor activity	7
GO_BP	GO:0007178	cell surface receptor protein serine/threonine kinase signaling pathway	12
GO_BP	GO:0007179	transforming growth factor beta receptor signaling pathway	53
GO_BP	GO:0007181	transforming growth factor beta receptor complex assembly	2
GO_BP	GO:0007185	cell surface receptor protein tyrosine phosphatase signaling pathway	5
GO_BP	GO:0007186	G protein-coupled receptor signaling pathway	213
GO_BP	GO:0007187	G protein-coupled receptor signaling pathway, coupled to cyclic nucleotide second messenger	34
GO_BP	GO:0007188	adenylate cyclase-modulating G protein-coupled receptor signaling pathway	34
GO_BP	GO:0007189	adenylate cyclase-activating G protein-coupled receptor signaling pathway	84
GO_BP	GO:0007190	activation of adenylate cyclase activity	8
GO_BP	GO:0007191	adenylate cyclase-activating dopamine receptor signaling pathway	6
GO_BP	GO:0007192	adenylate cyclase-activating serotonin receptor signaling pathway	4
GO_BP	GO:0007193	adenylate cyclase-inhibiting G protein-coupled receptor signaling pathway	43
GO_BP	GO:0007194	negative regulation of adenylate cyclase activity	8
GO_BP	GO:0007195	adenylate cyclase-inhibiting dopamine receptor signaling pathway	4
GO_BP	GO:0007196	adenylate cyclase-inhibiting G protein-coupled glutamate receptor signaling pathway	3
GO_BP	GO:0007197	adenylate cyclase-inhibiting G protein-coupled acetylcholine receptor signaling pathway	7
GO_BP	GO:0007198	adenylate cyclase-inhibiting serotonin receptor signaling pathway	8
GO_BP	GO:0007199	G protein-coupled receptor signaling pathway coupled to cGMP nucleotide second messenger	2
GO_BP	GO:0007200	phospholipase C-activating G protein-coupled receptor signaling pathway	68
GO_BP	GO:0007204	positive regulation of cytosolic calcium ion concentration	53
GO_BP	GO:0007206	phospholipase C-activating G protein-coupled glutamate receptor signaling pathway	3
GO_BP	GO:0007207	phospholipase C-activating G protein-coupled acetylcholine receptor signaling pathway	3
GO_BP	GO:0007208	phospholipase C-activating serotonin receptor signaling pathway	3
GO_BP	GO:0007209	phospholipase C-activating tachykinin receptor signaling pathway	4
GO_BP	GO:0007210	serotonin receptor signaling pathway	4
GO_BP	GO:0007212	G protein-coupled dopamine receptor signaling pathway	5
GO_BP	GO:0007213	G protein-coupled acetylcholine receptor signaling pathway	13
GO_BP	GO:0007214	gamma-aminobutyric acid signaling pathway	15
GO_BP	GO:0007215	glutamate receptor signaling pathway	13
GO_BP	GO:0007216	G protein-coupled glutamate receptor signaling pathway	12
GO_BP	GO:0007217	tachykinin receptor signaling pathway	6
GO_BP	GO:0007218	neuropeptide signaling pathway	43
GO_BP	GO:0007219	Notch signaling pathway	30
GO_BP	GO:0007220	Notch receptor processing	7
GO_BP	GO:0007221	positive regulation of transcription of Notch receptor target	4
GO_BP	GO:0007223	Wnt signaling pathway, calcium modulating pathway	3
GO_BP	GO:0007224	smoothened signaling pathway	30
GO_BP	GO:0007229	integrin-mediated signaling pathway	52
GO_BP	GO:0007231	osmosensory signaling pathway	5
GO_BP	GO:0007249	canonical NF-kappaB signal transduction	31
GO_BP	GO:0007250	activation of NF-kappaB-inducing kinase activity	3
GO_BP	GO:0007252	I-kappaB phosphorylation	2
GO_BP	GO:0007254	JNK cascade	27
GO_BP	GO:0007258	JUN phosphorylation	1
GO_BP	GO:0007259	cell surface receptor signaling pathway via JAK-STAT	29
GO_BP	GO:0007260	tyrosine phosphorylation of STAT protein	3
GO_BP	GO:0007264	small GTPase-mediated signal transduction	53
GO_BP	GO:0007265	Ras protein signal transduction	54
GO_BP	GO:0007266	Rho protein signal transduction	43
GO_BP	GO:0007267	cell-cell signaling	102
GO_BP	GO:0007268	chemical synaptic transmission	131
GO_BP	GO:0007269	neurotransmitter secretion	17
GO_BP	GO:0007270	neuron-neuron synaptic transmission	3
GO_BP	GO:0007271	synaptic transmission, cholinergic	10
GO_BP	GO:0007274	neuromuscular synaptic transmission	12
GO_BP	GO:0007275	multicellular organism development	1
GO_BP	GO:0007276	gamete generation	4
GO_BP	GO:0007281	germ cell development	5
GO_BP	GO:0007283	spermatogenesis	94
GO_BP	GO:0007284	spermatogonial cell division	1
GO_BP	GO:0007286	spermatid development	33
GO_BP	GO:0007288	sperm axoneme assembly	17
GO_BP	GO:0007289	spermatid nucleus differentiation	3
GO_BP	GO:0007292	female gamete generation	6
GO_BP	GO:0007320	insemination	1
GO_BP	GO:0007323	peptide pheromone maturation	1
GO_BP	GO:0007338	single fertilization	15
GO_BP	GO:0007339	binding of sperm to zona pellucida	5
GO_BP	GO:0007340	acrosome reaction	6
GO_BP	GO:0007342	fusion of sperm to egg plasma membrane involved in single fertilization	5
GO_BP	GO:0007343	egg activation	1
GO_BP	GO:0007346	regulation of mitotic cell cycle	35
GO_BP	GO:0007352	zygotic specification of dorsal/ventral axis	3
GO_BP	GO:0007356	thorax and anterior abdomen determination	2
GO_BP	GO:0007368	determination of left/right symmetry	22
GO_BP	GO:0007369	gastrulation	3
GO_BP	GO:0007371	ventral midline determination	1
GO_BP	GO:0007379	segment specification	3
GO_BP	GO:0007387	anterior compartment pattern formation	1
GO_BP	GO:0007388	posterior compartment specification	1
GO_BP	GO:0007389	pattern specification process	15
GO_BP	GO:0007398	ectoderm development	4
GO_BP	GO:0007399	nervous system development	211
GO_BP	GO:0007405	neuroblast proliferation	5
GO_BP	GO:0007406	negative regulation of neuroblast proliferation	2
GO_BP	GO:0007409	axonogenesis	53
GO_BP	GO:0007411	axon guidance	120
GO_BP	GO:0007412	axon target recognition	2
GO_BP	GO:0007413	axonal fasciculation	11
GO_BP	GO:0007416	synapse assembly	40
GO_BP	GO:0007417	central nervous system development	96
GO_BP	GO:0007418	ventral midline development	2
GO_BP	GO:0007420	brain development	119
GO_BP	GO:0007422	peripheral nervous system development	14
GO_BP	GO:0007423	sensory organ development	13
GO_BP	GO:0007431	salivary gland development	2
GO_BP	GO:0007435	salivary gland morphogenesis	3
GO_BP	GO:0007442	hindgut morphogenesis	1
GO_BP	GO:0007492	endoderm development	1
GO_BP	GO:0007494	midgut development	1
GO_BP	GO:0007497	posterior midgut development	1
GO_BP	GO:0007498	mesoderm development	12
GO_BP	GO:0007500	mesodermal cell fate determination	1
GO_BP	GO:0007501	mesodermal cell fate specification	1
GO_BP	GO:0007507	heart development	93
GO_BP	GO:0007512	adult heart development	2
GO_BP	GO:0007517	muscle organ development	31
GO_BP	GO:0007518	myoblast fate determination	1
GO_BP	GO:0007519	skeletal muscle tissue development	16
GO_BP	GO:0007520	myoblast fusion	12
GO_BP	GO:0007521	muscle cell fate determination	2
GO_BP	GO:0007522	visceral muscle development	1
GO_BP	GO:0007525	somatic muscle development	2
GO_BP	GO:0007528	neuromuscular junction development	14
GO_BP	GO:0007529	establishment of synaptic specificity at neuromuscular junction	2
GO_BP	GO:0007530	sex determination	2
GO_BP	GO:0007548	sex differentiation	5
GO_BP	GO:0007549	sex-chromosome dosage compensation	1
GO_BP	GO:0007565	female pregnancy	14
GO_BP	GO:0007566	embryo implantation	9
GO_BP	GO:0007567	parturition	4
GO_BP	GO:0007584	response to nutrient	6
GO_BP	GO:0007585	respiratory gaseous exchange by respiratory system	6
GO_BP	GO:0007586	digestion	5
GO_BP	GO:0007589	body fluid secretion	2
GO_BP	GO:0007595	lactation	8
GO_BP	GO:0007596	blood coagulation	28
GO_BP	GO:0007597	blood coagulation, intrinsic pathway	2
GO_BP	GO:0007599	hemostasis	3
GO_BP	GO:0007600	sensory perception	6
GO_BP	GO:0007601	visual perception	59
GO_BP	GO:0007602	phototransduction	9
GO_BP	GO:0007603	phototransduction, visible light	2
GO_BP	GO:0007605	sensory perception of sound	60
GO_BP	GO:0007606	sensory perception of chemical stimulus	3
GO_BP	GO:0007608	sensory perception of smell	10
GO_BP	GO:0007611	learning or memory	23
GO_BP	GO:0007612	learning	33
GO_BP	GO:0007613	memory	33
GO_BP	GO:0007614	short-term memory	3
GO_BP	GO:0007616	long-term memory	18
GO_BP	GO:0007617	mating behavior	3
GO_BP	GO:0007618	mating	1
GO_BP	GO:0007623	circadian rhythm	32
GO_BP	GO:0007624	ultradian rhythm	1
GO_BP	GO:0007626	locomotory behavior	16
GO_BP	GO:0007628	adult walking behavior	2
GO_BP	GO:0007631	feeding behavior	9
GO_BP	GO:0007632	visual behavior	1
GO_BP	GO:0007635	chemosensory behavior	1
GO_BP	GO:0008015	blood circulation	13
GO_BP	GO:0008016	regulation of heart contraction	14
GO_BP	GO:0008033	tRNA processing	12
GO_BP	GO:0008037	cell recognition	3
GO_BP	GO:0008038	neuron recognition	2
GO_BP	GO:0008045	motor neuron axon guidance	11
GO_BP	GO:0008053	mitochondrial fusion	16
GO_BP	GO:0008057	eye pigment granule organization	1
GO_BP	GO:0008063	Toll signaling pathway	5
GO_BP	GO:0008064	regulation of actin polymerization or depolymerization	5
GO_BP	GO:0008065	establishment of blood-nerve barrier	1
GO_BP	GO:0008088	axo-dendritic transport	2
GO_BP	GO:0008089	anterograde axonal transport	24
GO_BP	GO:0008090	retrograde axonal transport	7
GO_BP	GO:0008104	intracellular protein localization	81
GO_BP	GO:0008152	metabolic process	1
GO_BP	GO:0008154	actin polymerization or depolymerization	12
GO_BP	GO:0008156	negative regulation of DNA replication	8
GO_BP	GO:0008202	steroid metabolic process	7
GO_BP	GO:0008203	cholesterol metabolic process	19
GO_BP	GO:0008206	bile acid metabolic process	5
GO_BP	GO:0008207	C21-steroid hormone metabolic process	1
GO_BP	GO:0008209	androgen metabolic process	5
GO_BP	GO:0008210	estrogen metabolic process	4
GO_BP	GO:0008216	spermidine metabolic process	1
GO_BP	GO:0008217	regulation of blood pressure	26
GO_BP	GO:0008219	cell death	5
GO_BP	GO:0008228	opsonization	2
GO_BP	GO:0008277	regulation of G protein-coupled receptor signaling pathway	32
GO_BP	GO:0008283	cell population proliferation	55
GO_BP	GO:0008284	positive regulation of cell population proliferation	238
GO_BP	GO:0008285	negative regulation of cell population proliferation	212
GO_BP	GO:0008286	insulin receptor signaling pathway	46
GO_BP	GO:0008292	acetylcholine biosynthetic process	2
GO_BP	GO:0008295	spermidine biosynthetic process	1
GO_BP	GO:0008298	intracellular mRNA localization	3
GO_BP	GO:0008299	isoprenoid biosynthetic process	7
GO_BP	GO:0008306	associative learning	12
GO_BP	GO:0008333	endosome to lysosome transport	37
GO_BP	GO:0008334	histone mRNA metabolic process	4
GO_BP	GO:0008340	determination of adult lifespan	6
GO_BP	GO:0008343	adult feeding behavior	3
GO_BP	GO:0008344	adult locomotory behavior	7
GO_BP	GO:0008347	glial cell migration	3
GO_BP	GO:0008354	primordial germ cell migration	1
GO_BP	GO:0008355	olfactory learning	1
GO_BP	GO:0008356	asymmetric cell division	1
GO_BP	GO:0008360	regulation of cell shape	69
GO_BP	GO:0008361	regulation of cell size	11
GO_BP	GO:0008366	axon ensheathment	4
GO_BP	GO:0008380	RNA splicing	68
GO_BP	GO:0008406	gonad development	4
GO_BP	GO:0008535	respiratory chain complex IV assembly	5
GO_BP	GO:0008542	visual learning	12
GO_BP	GO:0008543	fibroblast growth factor receptor signaling pathway	22
GO_BP	GO:0008544	epidermis development	26
GO_BP	GO:0008582	regulation of synaptic assembly at neuromuscular junction	5
GO_BP	GO:0008584	male gonad development	21
GO_BP	GO:0008585	female gonad development	3
GO_BP	GO:0008589	regulation of smoothened signaling pathway	13
GO_BP	GO:0008593	regulation of Notch signaling pathway	14
GO_BP	GO:0008594	photoreceptor cell morphogenesis	4
GO_BP	GO:0008595	anterior/posterior axis specification, embryo	3
GO_BP	GO:0008608	attachment of spindle microtubules to kinetochore	7
GO_BP	GO:0008610	lipid biosynthetic process	13
GO_BP	GO:0008611	ether lipid biosynthetic process	7
GO_BP	GO:0008612	peptidyl-hypusine biosynthetic process	1
GO_BP	GO:0008617	guanosine metabolic process	1
GO_BP	GO:0008625	extrinsic apoptotic signaling pathway via death domain receptors	17
GO_BP	GO:0008626	granzyme-mediated apoptotic signaling pathway	1
GO_BP	GO:0008627	intrinsic apoptotic signaling pathway in response to osmotic stress	1
GO_BP	GO:0008628	hormone-mediated apoptotic signaling pathway	2
GO_BP	GO:0008630	intrinsic apoptotic signaling pathway in response to DNA damage	29
GO_BP	GO:0008631	intrinsic apoptotic signaling pathway in response to oxidative stress	10
GO_BP	GO:0008637	apoptotic mitochondrial changes	8
GO_BP	GO:0008643	carbohydrate transport	1
GO_BP	GO:0008645	hexose transmembrane transport	5
GO_BP	GO:0008654	phospholipid biosynthetic process	7
GO_BP	GO:0009048	dosage compensation by inactivation of X chromosome	8
GO_BP	GO:0009051	pentose-phosphate shunt, oxidative branch	3
GO_BP	GO:0009052	pentose-phosphate shunt, non-oxidative branch	4
GO_BP	GO:0009056	catabolic process	1
GO_BP	GO:0009058	biosynthetic process	1
GO_BP	GO:0009060	aerobic respiration	16
GO_BP	GO:0009062	fatty acid catabolic process	11
GO_BP	GO:0009063	amino acid catabolic process	2
GO_BP	GO:0009082	branched-chain amino acid biosynthetic process	2
GO_BP	GO:0009083	branched-chain amino acid catabolic process	12
GO_BP	GO:0009100	glycoprotein metabolic process	7
GO_BP	GO:0009101	glycoprotein biosynthetic process	36
GO_BP	GO:0009107	lipoate biosynthetic process	1
GO_BP	GO:0009113	purine nucleobase biosynthetic process	2
GO_BP	GO:0009114	hypoxanthine catabolic process	1
GO_BP	GO:0009115	xanthine catabolic process	1
GO_BP	GO:0009116	nucleoside metabolic process	2
GO_BP	GO:0009117	nucleotide metabolic process	2
GO_BP	GO:0009132	nucleoside diphosphate metabolic process	1
GO_BP	GO:0009134	nucleoside diphosphate catabolic process	3
GO_BP	GO:0009142	nucleoside triphosphate biosynthetic process	4
GO_BP	GO:0009143	nucleoside triphosphate catabolic process	4
GO_BP	GO:0009146	purine nucleoside triphosphate catabolic process	1
GO_BP	GO:0009154	purine ribonucleotide catabolic process	2
GO_BP	GO:0009156	ribonucleoside monophosphate biosynthetic process	1
GO_BP	GO:0009159	deoxyribonucleoside monophosphate catabolic process	1
GO_BP	GO:0009165	nucleotide biosynthetic process	1
GO_BP	GO:0009168	purine ribonucleoside monophosphate biosynthetic process	2
GO_BP	GO:0009185	ribonucleoside diphosphate metabolic process	3
GO_BP	GO:0009191	ribonucleoside diphosphate catabolic process	2
GO_BP	GO:0009203	ribonucleoside triphosphate catabolic process	2
GO_BP	GO:0009220	pyrimidine ribonucleotide biosynthetic process	3
GO_BP	GO:0009223	pyrimidine deoxyribonucleotide catabolic process	2
GO_BP	GO:0009225	nucleotide-sugar metabolic process	1
GO_BP	GO:0009229	thiamine diphosphate biosynthetic process	1
GO_BP	GO:0009234	menaquinone biosynthetic process	1
GO_BP	GO:0009235	cobalamin metabolic process	9
GO_BP	GO:0009240	isopentenyl diphosphate biosynthetic process	1
GO_BP	GO:0009247	glycolipid biosynthetic process	7
GO_BP	GO:0009249	protein lipoylation	3
GO_BP	GO:0009257	10-formyltetrahydrofolate biosynthetic process	2
GO_BP	GO:0009258	10-formyltetrahydrofolate catabolic process	3
GO_BP	GO:0009263	deoxyribonucleotide biosynthetic process	3
GO_BP	GO:0009264	deoxyribonucleotide catabolic process	1
GO_BP	GO:0009265	2'-deoxyribonucleotide biosynthetic process	3
GO_BP	GO:0009266	response to temperature stimulus	3
GO_BP	GO:0009267	cellular response to starvation	54
GO_BP	GO:0009268	response to pH	1
GO_BP	GO:0009298	GDP-mannose biosynthetic process	6
GO_BP	GO:0009299	mRNA transcription	4
GO_BP	GO:0009301	snRNA transcription	4
GO_BP	GO:0009303	rRNA transcription	7
GO_BP	GO:0009304	tRNA transcription	2
GO_BP	GO:0009306	protein secretion	24
GO_BP	GO:0009308	amine metabolic process	3
GO_BP	GO:0009311	oligosaccharide metabolic process	15
GO_BP	GO:0009312	oligosaccharide biosynthetic process	15
GO_BP	GO:0009313	oligosaccharide catabolic process	5
GO_BP	GO:0009314	response to radiation	8
GO_BP	GO:0009386	translational attenuation	1
GO_BP	GO:0009395	phospholipid catabolic process	5
GO_BP	GO:0009398	FMN biosynthetic process	1
GO_BP	GO:0009404	toxin metabolic process	5
GO_BP	GO:0009407	toxin catabolic process	1
GO_BP	GO:0009408	response to heat	19
GO_BP	GO:0009409	response to cold	9
GO_BP	GO:0009410	response to xenobiotic stimulus	35
GO_BP	GO:0009411	response to UV	27
GO_BP	GO:0009416	response to light stimulus	6
GO_BP	GO:0009435	NAD+ biosynthetic process	3
GO_BP	GO:0009437	carnitine metabolic process	4
GO_BP	GO:0009438	methylglyoxal metabolic process	1
GO_BP	GO:0009440	cyanate catabolic process	2
GO_BP	GO:0009441	glycolate metabolic process	1
GO_BP	GO:0009443	pyridoxal 5'-phosphate salvage	1
GO_BP	GO:0009446	putrescine biosynthetic process	4
GO_BP	GO:0009447	putrescine catabolic process	1
GO_BP	GO:0009449	GABA biosynthetic process	2
GO_BP	GO:0009450	GABA catabolic process	2
GO_BP	GO:0009451	RNA modification	1
GO_BP	GO:0009566	fertilization	5
GO_BP	GO:0009582	detection of abiotic stimulus	3
GO_BP	GO:0009595	detection of biotic stimulus	2
GO_BP	GO:0009597	detection of virus	3
GO_BP	GO:0009611	response to wounding	29
GO_BP	GO:0009612	response to mechanical stimulus	8
GO_BP	GO:0009615	response to virus	53
GO_BP	GO:0009617	response to bacterium	6
GO_BP	GO:0009620	response to fungus	1
GO_BP	GO:0009631	cold acclimation	1
GO_BP	GO:0009636	response to toxic substance	16
GO_BP	GO:0009637	response to blue light	1
GO_BP	GO:0009644	response to high light intensity	1
GO_BP	GO:0009648	photoperiodism	1
GO_BP	GO:0009649	entrainment of circadian clock	2
GO_BP	GO:0009650	UV protection	7
GO_BP	GO:0009653	anatomical structure morphogenesis	60
GO_BP	GO:0009725	response to hormone	22
GO_BP	GO:0009743	response to carbohydrate	1
GO_BP	GO:0009749	response to glucose	17
GO_BP	GO:0009750	response to fructose	1
GO_BP	GO:0009755	hormone-mediated signaling pathway	14
GO_BP	GO:0009786	regulation of asymmetric cell division	1
GO_BP	GO:0009787	regulation of abscisic acid-activated signaling pathway	1
GO_BP	GO:0009789	positive regulation of abscisic acid-activated signaling pathway	1
GO_BP	GO:0009791	post-embryonic development	5
GO_BP	GO:0009792	embryo development ending in birth or egg hatching	6
GO_BP	GO:0009826	unidimensional cell growth	1
GO_BP	GO:0009880	embryonic pattern specification	10
GO_BP	GO:0009887	animal organ morphogenesis	39
GO_BP	GO:0009888	tissue development	2
GO_BP	GO:0009895	negative regulation of catabolic process	1
GO_BP	GO:0009912	auditory receptor cell fate commitment	1
GO_BP	GO:0009913	epidermal cell differentiation	4
GO_BP	GO:0009914	hormone transport	2
GO_BP	GO:0009946	proximal/distal axis specification	1
GO_BP	GO:0009948	anterior/posterior axis specification	3
GO_BP	GO:0009949	polarity specification of anterior/posterior axis	1
GO_BP	GO:0009950	dorsal/ventral axis specification	2
GO_BP	GO:0009952	anterior/posterior pattern specification	13
GO_BP	GO:0009953	dorsal/ventral pattern formation	14
GO_BP	GO:0009954	proximal/distal pattern formation	2
GO_BP	GO:0009966	regulation of signal transduction	33
GO_BP	GO:0009967	positive regulation of signal transduction	3
GO_BP	GO:0009968	negative regulation of signal transduction	8
GO_BP	GO:0009988	cell-cell recognition	1
GO_BP	GO:0009992	intracellular water homeostasis	4
GO_BP	GO:0010001	glial cell differentiation	5
GO_BP	GO:0010002	cardioblast differentiation	1
GO_BP	GO:0010025	wax biosynthetic process	2
GO_BP	GO:0010032	meiotic chromosome condensation	3
GO_BP	GO:0010038	response to metal ion	3
GO_BP	GO:0010039	response to iron ion	6
GO_BP	GO:0010040	response to iron(II) ion	2
GO_BP	GO:0010042	response to manganese ion	1
GO_BP	GO:0010043	response to zinc ion	8
GO_BP	GO:0010070	zygote asymmetric cell division	1
GO_BP	GO:0010138	pyrimidine ribonucleotide salvage	1
GO_BP	GO:0010165	response to X-ray	5
GO_BP	GO:0010172	embryonic body morphogenesis	4
GO_BP	GO:0010186	positive regulation of cellular defense response	1
GO_BP	GO:0010212	response to ionizing radiation	25
GO_BP	GO:0010224	response to UV-B	2
GO_BP	GO:0010225	response to UV-C	6
GO_BP	GO:0010226	response to lithium ion	1
GO_BP	GO:0010248	establishment or maintenance of transmembrane electrochemical gradient	3
GO_BP	GO:0010255	glucose mediated signaling pathway	5
GO_BP	GO:0010256	endomembrane system organization	2
GO_BP	GO:0010265	SCF complex assembly	2
GO_BP	GO:0010269	response to selenium ion	1
GO_BP	GO:0010273	detoxification of copper ion	2
GO_BP	GO:0010288	response to lead ion	4
GO_BP	GO:0010310	regulation of hydrogen peroxide metabolic process	2
GO_BP	GO:0010312	detoxification of zinc ion	2
GO_BP	GO:0010324	membrane invagination	5
GO_BP	GO:0010332	response to gamma radiation	6
GO_BP	GO:0010351	lithium ion transport	1
GO_BP	GO:0010360	negative regulation of anion channel activity	1
GO_BP	GO:0010389	regulation of G2/M transition of mitotic cell cycle	4
GO_BP	GO:0010430	fatty acid omega-oxidation	2
GO_BP	GO:0010447	response to acidic pH	4
GO_BP	GO:0010453	regulation of cell fate commitment	1
GO_BP	GO:0010457	centriole-centriole cohesion	11
GO_BP	GO:0010458	exit from mitosis	8
GO_BP	GO:0010459	negative regulation of heart rate	6
GO_BP	GO:0010460	positive regulation of heart rate	8
GO_BP	GO:0010463	mesenchymal cell proliferation	1
GO_BP	GO:0010466	negative regulation of peptidase activity	1
GO_BP	GO:0010467	gene expression	7
GO_BP	GO:0010468	regulation of gene expression	81
GO_BP	GO:0010469	regulation of signaling receptor activity	3
GO_BP	GO:0010470	regulation of gastrulation	2
GO_BP	GO:0010482	regulation of epidermal cell division	2
GO_BP	GO:0010498	proteasomal protein catabolic process	26
GO_BP	GO:0010499	proteasomal ubiquitin-independent protein catabolic process	6
GO_BP	GO:0010506	regulation of autophagy	47
GO_BP	GO:0010507	negative regulation of autophagy	34
GO_BP	GO:0010508	positive regulation of autophagy	60
GO_BP	GO:0010510	regulation of pyruvate decarboxylation to acetyl-CoA	6
GO_BP	GO:0010512	negative regulation of phosphatidylinositol biosynthetic process	2
GO_BP	GO:0010513	positive regulation of phosphatidylinositol biosynthetic process	2
GO_BP	GO:0010518	positive regulation of phospholipase activity	4
GO_BP	GO:0010522	regulation of calcium ion transport into cytosol	1
GO_BP	GO:0010523	negative regulation of calcium ion transport into cytosol	3
GO_BP	GO:0010524	positive regulation of calcium ion transport into cytosol	6
GO_BP	GO:0010526	transposable element silencing	5
GO_BP	GO:0010543	regulation of platelet activation	3
GO_BP	GO:0010544	negative regulation of platelet activation	6
GO_BP	GO:0010557	positive regulation of macromolecule biosynthetic process	1
GO_BP	GO:0010559	regulation of glycoprotein biosynthetic process	2
GO_BP	GO:0010560	positive regulation of glycoprotein biosynthetic process	5
GO_BP	GO:0010561	negative regulation of glycoprotein biosynthetic process	3
GO_BP	GO:0010564	regulation of cell cycle process	11
GO_BP	GO:0010565	regulation of ketone metabolic process	4
GO_BP	GO:0010566	regulation of ketone biosynthetic process	1
GO_BP	GO:0010569	regulation of double-strand break repair via homologous recombination	14
GO_BP	GO:0010571	positive regulation of nuclear cell cycle DNA replication	5
GO_BP	GO:0010572	positive regulation of platelet activation	7
GO_BP	GO:0010573	vascular endothelial growth factor production	3
GO_BP	GO:0010574	regulation of vascular endothelial growth factor production	1
GO_BP	GO:0010575	positive regulation of vascular endothelial growth factor production	19
GO_BP	GO:0010585	L-glutamine secretion	1
GO_BP	GO:0010586	miRNA metabolic process	7
GO_BP	GO:0010587	miRNA catabolic process	6
GO_BP	GO:0010591	regulation of lamellipodium assembly	8
GO_BP	GO:0010592	positive regulation of lamellipodium assembly	19
GO_BP	GO:0010593	negative regulation of lamellipodium assembly	3
GO_BP	GO:0010594	regulation of endothelial cell migration	6
GO_BP	GO:0010595	positive regulation of endothelial cell migration	53
GO_BP	GO:0010596	negative regulation of endothelial cell migration	16
GO_BP	GO:0010606	positive regulation of cytoplasmic mRNA processing body assembly	4
GO_BP	GO:0010607	negative regulation of cytoplasmic mRNA processing body assembly	1
GO_BP	GO:0010608	post-transcriptional regulation of gene expression	17
GO_BP	GO:0010609	mRNA localization resulting in post-transcriptional regulation of gene expression	1
GO_BP	GO:0010611	regulation of cardiac muscle hypertrophy	1
GO_BP	GO:0010613	positive regulation of cardiac muscle hypertrophy	15
GO_BP	GO:0010614	negative regulation of cardiac muscle hypertrophy	6
GO_BP	GO:0010626	negative regulation of Schwann cell proliferation	4
GO_BP	GO:0010628	positive regulation of gene expression	205
GO_BP	GO:0010629	negative regulation of gene expression	131
GO_BP	GO:0010631	epithelial cell migration	5
GO_BP	GO:0010632	regulation of epithelial cell migration	5
GO_BP	GO:0010633	negative regulation of epithelial cell migration	10
GO_BP	GO:0010634	positive regulation of epithelial cell migration	23
GO_BP	GO:0010636	positive regulation of mitochondrial fusion	5
GO_BP	GO:0010637	negative regulation of mitochondrial fusion	9
GO_BP	GO:0010641	positive regulation of platelet-derived growth factor receptor signaling pathway	2
GO_BP	GO:0010642	negative regulation of platelet-derived growth factor receptor signaling pathway	7
GO_BP	GO:0010644	cell communication by electrical coupling	3
GO_BP	GO:0010649	regulation of cell communication by electrical coupling	4
GO_BP	GO:0010650	positive regulation of cell communication by electrical coupling	1
GO_BP	GO:0010656	negative regulation of muscle cell apoptotic process	4
GO_BP	GO:0010657	muscle cell apoptotic process	1
GO_BP	GO:0010664	negative regulation of striated muscle cell apoptotic process	2
GO_BP	GO:0010666	positive regulation of cardiac muscle cell apoptotic process	4
GO_BP	GO:0010667	negative regulation of cardiac muscle cell apoptotic process	4
GO_BP	GO:0010668	ectodermal cell differentiation	2
GO_BP	GO:0010669	epithelial structure maintenance	7
GO_BP	GO:0010700	negative regulation of norepinephrine secretion	3
GO_BP	GO:0010701	positive regulation of norepinephrine secretion	2
GO_BP	GO:0010710	regulation of collagen catabolic process	1
GO_BP	GO:0010712	regulation of collagen metabolic process	1
GO_BP	GO:0010715	regulation of extracellular matrix disassembly	2
GO_BP	GO:0010716	negative regulation of extracellular matrix disassembly	5
GO_BP	GO:0010717	regulation of epithelial to mesenchymal transition	7
GO_BP	GO:0010718	positive regulation of epithelial to mesenchymal transition	36
GO_BP	GO:0010719	negative regulation of epithelial to mesenchymal transition	29
GO_BP	GO:0010724	regulation of definitive erythrocyte differentiation	1
GO_BP	GO:0010727	negative regulation of hydrogen peroxide metabolic process	1
GO_BP	GO:0010729	positive regulation of hydrogen peroxide biosynthetic process	1
GO_BP	GO:0010730	negative regulation of hydrogen peroxide biosynthetic process	1
GO_BP	GO:0010734	negative regulation of protein glutathionylation	1
GO_BP	GO:0010742	macrophage derived foam cell differentiation	2
GO_BP	GO:0010744	positive regulation of macrophage derived foam cell differentiation	11
GO_BP	GO:0010745	negative regulation of macrophage derived foam cell differentiation	7
GO_BP	GO:0010747	positive regulation of long-chain fatty acid import across plasma membrane	2
GO_BP	GO:0010748	negative regulation of long-chain fatty acid import across plasma membrane	4
GO_BP	GO:0010754	negative regulation of receptor guanylyl cyclase signaling pathway	4
GO_BP	GO:0010755	regulation of plasminogen activation	1
GO_BP	GO:0010756	positive regulation of plasminogen activation	4
GO_BP	GO:0010757	negative regulation of plasminogen activation	4
GO_BP	GO:0010758	regulation of macrophage chemotaxis	2
GO_BP	GO:0010759	positive regulation of macrophage chemotaxis	11
GO_BP	GO:0010760	negative regulation of macrophage chemotaxis	1
GO_BP	GO:0010761	fibroblast migration	4
GO_BP	GO:0010762	regulation of fibroblast migration	7
GO_BP	GO:0010763	positive regulation of fibroblast migration	8
GO_BP	GO:0010764	negative regulation of fibroblast migration	6
GO_BP	GO:0010765	positive regulation of sodium ion transport	11
GO_BP	GO:0010766	negative regulation of sodium ion transport	3
GO_BP	GO:0010774	meiotic strand invasion involved in reciprocal meiotic recombination	1
GO_BP	GO:0010792	DNA double-strand break processing involved in repair via single-strand annealing	4
GO_BP	GO:0010793	regulation of mRNA export from nucleus	6
GO_BP	GO:0010795	regulation of ubiquinone biosynthetic process	2
GO_BP	GO:0010800	positive regulation of peptidyl-threonine phosphorylation	5
GO_BP	GO:0010801	negative regulation of peptidyl-threonine phosphorylation	3
GO_BP	GO:0010803	regulation of tumor necrosis factor-mediated signaling pathway	17
GO_BP	GO:0010804	negative regulation of tumor necrosis factor-mediated signaling pathway	11
GO_BP	GO:0010807	regulation of synaptic vesicle priming	5
GO_BP	GO:0010808	positive regulation of synaptic vesicle priming	1
GO_BP	GO:0010810	regulation of cell-substrate adhesion	5
GO_BP	GO:0010811	positive regulation of cell-substrate adhesion	12
GO_BP	GO:0010812	negative regulation of cell-substrate adhesion	8
GO_BP	GO:0010813	neuropeptide catabolic process	2
GO_BP	GO:0010814	substance P catabolic process	3
GO_BP	GO:0010815	bradykinin catabolic process	6
GO_BP	GO:0010816	calcitonin catabolic process	1
GO_BP	GO:0010817	regulation of hormone levels	2
GO_BP	GO:0010818	T cell chemotaxis	5
GO_BP	GO:0010820	positive regulation of T cell chemotaxis	7
GO_BP	GO:0010821	regulation of mitochondrion organization	16
GO_BP	GO:0010824	regulation of centrosome duplication	14
GO_BP	GO:0010825	positive regulation of centrosome duplication	2
GO_BP	GO:0010826	negative regulation of centrosome duplication	2
GO_BP	GO:0010827	regulation of D-glucose transmembrane transport	1
GO_BP	GO:0010828	positive regulation of D-glucose transmembrane transport	7
GO_BP	GO:0010829	negative regulation of D-glucose transmembrane transport	3
GO_BP	GO:0010830	regulation of myotube differentiation	4
GO_BP	GO:0010831	positive regulation of myotube differentiation	6
GO_BP	GO:0010832	negative regulation of myotube differentiation	7
GO_BP	GO:0010833	telomere maintenance via telomere lengthening	6
GO_BP	GO:0010835	regulation of protein ADP-ribosylation	3
GO_BP	GO:0010836	negative regulation of protein ADP-ribosylation	2
GO_BP	GO:0010837	regulation of keratinocyte proliferation	4
GO_BP	GO:0010838	positive regulation of keratinocyte proliferation	7
GO_BP	GO:0010839	negative regulation of keratinocyte proliferation	4
GO_BP	GO:0010840	regulation of circadian sleep/wake cycle, wakefulness	1
GO_BP	GO:0010841	positive regulation of circadian sleep/wake cycle, wakefulness	1
GO_BP	GO:0010842	retina layer formation	6
GO_BP	GO:0010845	positive regulation of reciprocal meiotic recombination	1
GO_BP	GO:0010866	regulation of triglyceride biosynthetic process	1
GO_BP	GO:0010867	positive regulation of triglyceride biosynthetic process	11
GO_BP	GO:0010868	negative regulation of triglyceride biosynthetic process	4
GO_BP	GO:0010874	regulation of cholesterol efflux	6
GO_BP	GO:0010875	positive regulation of cholesterol efflux	16
GO_BP	GO:0010876	lipid localization	1
GO_BP	GO:0010877	lipid transport involved in lipid storage	1
GO_BP	GO:0010878	cholesterol storage	1
GO_BP	GO:0010879	cholesterol transport involved in cholesterol storage	1
GO_BP	GO:0010880	regulation of release of sequestered calcium ion into cytosol by sarcoplasmic reticulum	16
GO_BP	GO:0010881	regulation of cardiac muscle contraction by regulation of the release of sequestered calcium ion	13
GO_BP	GO:0010882	regulation of cardiac muscle contraction by calcium ion signaling	11
GO_BP	GO:0010883	regulation of lipid storage	6
GO_BP	GO:0010884	positive regulation of lipid storage	7
GO_BP	GO:0010886	positive regulation of cholesterol storage	4
GO_BP	GO:0010887	negative regulation of cholesterol storage	8
GO_BP	GO:0010888	negative regulation of lipid storage	4
GO_BP	GO:0010890	positive regulation of triglyceride storage	2
GO_BP	GO:0010891	negative regulation of triglyceride storage	1
GO_BP	GO:0010894	negative regulation of steroid biosynthetic process	3
GO_BP	GO:0010897	negative regulation of triglyceride catabolic process	3
GO_BP	GO:0010898	positive regulation of triglyceride catabolic process	2
GO_BP	GO:0010899	regulation of phosphatidylcholine catabolic process	2
GO_BP	GO:0010900	negative regulation of phosphatidylcholine catabolic process	1
GO_BP	GO:0010903	negative regulation of very-low-density lipoprotein particle remodeling	2
GO_BP	GO:0010906	regulation of glucose metabolic process	14
GO_BP	GO:0010907	positive regulation of glucose metabolic process	6
GO_BP	GO:0010908	regulation of heparan sulfate proteoglycan biosynthetic process	1
GO_BP	GO:0010909	positive regulation of heparan sulfate proteoglycan biosynthetic process	3
GO_BP	GO:0010916	negative regulation of very-low-density lipoprotein particle clearance	2
GO_BP	GO:0010917	negative regulation of mitochondrial membrane potential	5
GO_BP	GO:0010918	positive regulation of mitochondrial membrane potential	3
GO_BP	GO:0010920	negative regulation of inositol phosphate biosynthetic process	1
GO_BP	GO:0010921	regulation of phosphatase activity	2
GO_BP	GO:0010922	positive regulation of phosphatase activity	2
GO_BP	GO:0010923	negative regulation of phosphatase activity	4
GO_BP	GO:0010933	positive regulation of macrophage tolerance induction	1
GO_BP	GO:0010936	negative regulation of macrophage cytokine production	5
GO_BP	GO:0010948	negative regulation of cell cycle process	1
GO_BP	GO:0010950	positive regulation of endopeptidase activity	3
GO_BP	GO:0010951	negative regulation of endopeptidase activity	3
GO_BP	GO:0010952	positive regulation of peptidase activity	1
GO_BP	GO:0010954	positive regulation of protein processing	4
GO_BP	GO:0010955	negative regulation of protein processing	5
GO_BP	GO:0010957	negative regulation of vitamin D biosynthetic process	1
GO_BP	GO:0010960	magnesium ion homeostasis	7
GO_BP	GO:0010961	intracellular magnesium ion homeostasis	3
GO_BP	GO:0010965	regulation of mitotic sister chromatid separation	1
GO_BP	GO:0010968	regulation of microtubule nucleation	2
GO_BP	GO:0010970	transport along microtubule	2
GO_BP	GO:0010971	positive regulation of G2/M transition of mitotic cell cycle	14
GO_BP	GO:0010972	negative regulation of G2/M transition of mitotic cell cycle	7
GO_BP	GO:0010975	regulation of neuron projection development	23
GO_BP	GO:0010976	positive regulation of neuron projection development	67
GO_BP	GO:0010977	negative regulation of neuron projection development	37
GO_BP	GO:0010983	positive regulation of high-density lipoprotein particle clearance	3
GO_BP	GO:0010988	regulation of low-density lipoprotein particle clearance	1
GO_BP	GO:0010989	negative regulation of low-density lipoprotein particle clearance	4
GO_BP	GO:0010992	ubiquitin recycling	3
GO_BP	GO:0010994	free ubiquitin chain polymerization	3
GO_BP	GO:0010996	response to auditory stimulus	4
GO_BP	GO:0010998	regulation of translational initiation by eIF2 alpha phosphorylation	1
GO_BP	GO:0012501	programmed cell death	6
GO_BP	GO:0012502	induction of programmed cell death	1
GO_BP	GO:0014002	astrocyte development	2
GO_BP	GO:0014003	oligodendrocyte development	9
GO_BP	GO:0014004	microglia differentiation	1
GO_BP	GO:0014005	microglia development	3
GO_BP	GO:0014008	positive regulation of microglia differentiation	1
GO_BP	GO:0014009	glial cell proliferation	2
GO_BP	GO:0014010	Schwann cell proliferation	1
GO_BP	GO:0014012	peripheral nervous system axon regeneration	1
GO_BP	GO:0014013	regulation of gliogenesis	1
GO_BP	GO:0014015	positive regulation of gliogenesis	1
GO_BP	GO:0014016	neuroblast differentiation	2
GO_BP	GO:0014028	notochord formation	1
GO_BP	GO:0014029	neural crest formation	7
GO_BP	GO:0014031	mesenchymal cell development	4
GO_BP	GO:0014032	neural crest cell development	11
GO_BP	GO:0014033	neural crest cell differentiation	2
GO_BP	GO:0014036	neural crest cell fate specification	1
GO_BP	GO:0014037	Schwann cell differentiation	4
GO_BP	GO:0014040	positive regulation of Schwann cell differentiation	2
GO_BP	GO:0014041	regulation of neuron maturation	1
GO_BP	GO:0014042	positive regulation of neuron maturation	1
GO_BP	GO:0014043	negative regulation of neuron maturation	1
GO_BP	GO:0014044	Schwann cell development	1
GO_BP	GO:0014047	glutamate secretion	5
GO_BP	GO:0014050	negative regulation of glutamate secretion	1
GO_BP	GO:0014056	regulation of acetylcholine secretion, neurotransmission	1
GO_BP	GO:0014057	positive regulation of acetylcholine secretion, neurotransmission	1
GO_BP	GO:0014059	regulation of dopamine secretion	8
GO_BP	GO:0014062	regulation of serotonin secretion	1
GO_BP	GO:0014063	negative regulation of serotonin secretion	1
GO_BP	GO:0014074	response to purine-containing compound	6
GO_BP	GO:0014706	striated muscle tissue development	1
GO_BP	GO:0014719	skeletal muscle satellite cell activation	2
GO_BP	GO:0014722	regulation of skeletal muscle contraction by calcium ion signaling	1
GO_BP	GO:0014728	regulation of the force of skeletal muscle contraction	2
GO_BP	GO:0014732	skeletal muscle atrophy	2
GO_BP	GO:0014733	regulation of skeletal muscle adaptation	2
GO_BP	GO:0014734	skeletal muscle hypertrophy	1
GO_BP	GO:0014737	positive regulation of muscle atrophy	1
GO_BP	GO:0014740	negative regulation of muscle hyperplasia	1
GO_BP	GO:0014806	smooth muscle hyperplasia	2
GO_BP	GO:0014807	regulation of somitogenesis	1
GO_BP	GO:0014808	release of sequestered calcium ion into cytosol by sarcoplasmic reticulum	7
GO_BP	GO:0014809	regulation of skeletal muscle contraction by regulation of release of sequestered calcium ion	3
GO_BP	GO:0014810	positive regulation of skeletal muscle contraction by regulation of release of sequestered calcium ion	1
GO_BP	GO:0014812	muscle cell migration	1
GO_BP	GO:0014816	skeletal muscle satellite cell differentiation	1
GO_BP	GO:0014819	regulation of skeletal muscle contraction	3
GO_BP	GO:0014820	tonic smooth muscle contraction	1
GO_BP	GO:0014823	response to activity	2
GO_BP	GO:0014824	artery smooth muscle contraction	2
GO_BP	GO:0014826	vein smooth muscle contraction	3
GO_BP	GO:0014827	intestine smooth muscle contraction	1
GO_BP	GO:0014829	vascular associated smooth muscle contraction	3
GO_BP	GO:0014832	urinary bladder smooth muscle contraction	1
GO_BP	GO:0014834	skeletal muscle satellite cell maintenance involved in skeletal muscle regeneration	1
GO_BP	GO:0014839	myoblast migration involved in skeletal muscle regeneration	1
GO_BP	GO:0014841	skeletal muscle satellite cell proliferation	1
GO_BP	GO:0014842	regulation of skeletal muscle satellite cell proliferation	3
GO_BP	GO:0014843	growth factor dependent regulation of skeletal muscle satellite cell proliferation	1
GO_BP	GO:0014846	esophagus smooth muscle contraction	2
GO_BP	GO:0014850	response to muscle activity	3
GO_BP	GO:0014861	regulation of skeletal muscle contraction via regulation of action potential	1
GO_BP	GO:0014866	skeletal myofibril assembly	1
GO_BP	GO:0014873	response to muscle activity involved in regulation of muscle adaptation	1
GO_BP	GO:0014883	transition between fast and slow fiber	1
GO_BP	GO:0014889	muscle atrophy	1
GO_BP	GO:0014891	striated muscle atrophy	1
GO_BP	GO:0014894	response to denervation involved in regulation of muscle adaptation	4
GO_BP	GO:0014895	smooth muscle hypertrophy	1
GO_BP	GO:0014896	muscle hypertrophy	1
GO_BP	GO:0014898	cardiac muscle hypertrophy in response to stress	3
GO_BP	GO:0014902	myotube differentiation	3
GO_BP	GO:0014904	myotube cell development	1
GO_BP	GO:0014905	myoblast fusion involved in skeletal muscle regeneration	3
GO_BP	GO:0014909	smooth muscle cell migration	4
GO_BP	GO:0014910	regulation of smooth muscle cell migration	4
GO_BP	GO:0014911	positive regulation of smooth muscle cell migration	6
GO_BP	GO:0014912	negative regulation of smooth muscle cell migration	8
GO_BP	GO:0014916	regulation of lung blood pressure	1
GO_BP	GO:0015012	heparan sulfate proteoglycan biosynthetic process	22
GO_BP	GO:0015031	protein transport	33
GO_BP	GO:0015670	carbon dioxide transport	1
GO_BP	GO:0015671	oxygen transport	2
GO_BP	GO:0015675	nickel cation transport	2
GO_BP	GO:0015676	vanadium ion transport	1
GO_BP	GO:0015677	copper ion import	6
GO_BP	GO:0015679	plasma membrane copper ion transport	1
GO_BP	GO:0015692	lead ion transport	1
GO_BP	GO:0015693	magnesium ion transport	11
GO_BP	GO:0015697	quaternary ammonium group transport	2
GO_BP	GO:0015698	inorganic anion transport	3
GO_BP	GO:0015701	bicarbonate transport	15
GO_BP	GO:0015705	iodide transport	4
GO_BP	GO:0015707	nitrite transport	1
GO_BP	GO:0015709	thiosulfate transport	1
GO_BP	GO:0015718	monocarboxylic acid transport	8
GO_BP	GO:0015721	bile acid and bile salt transport	13
GO_BP	GO:0015724	formate transport	1
GO_BP	GO:0015727	lactate transport	1
GO_BP	GO:0015729	oxaloacetate transport	2
GO_BP	GO:0015732	prostaglandin transport	5
GO_BP	GO:0015734	taurine transmembrane transport	4
GO_BP	GO:0015739	sialic acid transport	1
GO_BP	GO:0015740	C4-dicarboxylate transport	1
GO_BP	GO:0015741	fumarate transport	1
GO_BP	GO:0015742	alpha-ketoglutarate transport	2
GO_BP	GO:0015744	succinate transport	1
GO_BP	GO:0015746	citrate transport	3
GO_BP	GO:0015747	urate transport	2
GO_BP	GO:0015750	pentose transmembrane transport	1
GO_BP	GO:0015755	fructose transmembrane transport	2
GO_BP	GO:0015756	fucose transmembrane transport	1
GO_BP	GO:0015757	galactose transmembrane transport	2
GO_BP	GO:0015760	glucose-6-phosphate transport	2
GO_BP	GO:0015770	sucrose transport	2
GO_BP	GO:0015780	nucleotide-sugar transmembrane transport	1
GO_BP	GO:0015782	CMP-N-acetylneuraminate transmembrane transport	1
GO_BP	GO:0015786	UDP-glucose transmembrane transport	1
GO_BP	GO:0015790	UDP-xylose transmembrane transport	1
GO_BP	GO:0015791	polyol transmembrane transport	1
GO_BP	GO:0015793	glycerol transmembrane transport	3
GO_BP	GO:0015797	mannitol transmembrane transport	1
GO_BP	GO:0015798	myo-inositol transport	2
GO_BP	GO:0015801	aromatic amino acid transport	1
GO_BP	GO:0015803	branched-chain amino acid transport	1
GO_BP	GO:0015804	neutral amino acid transport	11
GO_BP	GO:0015807	L-amino acid transport	2
GO_BP	GO:0015808	L-alanine transport	5
GO_BP	GO:0015810	aspartate transmembrane transport	8
GO_BP	GO:0015811	L-cystine transport	3
GO_BP	GO:0015812	gamma-aminobutyric acid transport	2
GO_BP	GO:0015813	L-glutamate transmembrane transport	12
GO_BP	GO:0015816	glycine transport	6
GO_BP	GO:0015817	histidine transport	2
GO_BP	GO:0015818	isoleucine transport	2
GO_BP	GO:0015819	lysine transport	2
GO_BP	GO:0015820	L-leucine transport	8
GO_BP	GO:0015821	methionine transport	2
GO_BP	GO:0015822	ornithine transport	3
GO_BP	GO:0015823	phenylalanine transport	3
GO_BP	GO:0015824	proline transport	8
GO_BP	GO:0015825	L-serine transport	4
GO_BP	GO:0015826	threonine transport	1
GO_BP	GO:0015827	tryptophan transport	5
GO_BP	GO:0015828	tyrosine transport	3
GO_BP	GO:0015829	valine transport	3
GO_BP	GO:0015833	peptide transport	2
GO_BP	GO:0015835	peptidoglycan transport	3
GO_BP	GO:0015837	amine transport	5
GO_BP	GO:0015840	urea transport	1
GO_BP	GO:0015842	aminergic neurotransmitter loading into synaptic vesicle	1
GO_BP	GO:0015847	putrescine transport	1
GO_BP	GO:0015848	spermidine transport	2
GO_BP	GO:0015851	nucleobase transport	3
GO_BP	GO:0015853	adenine transport	3
GO_BP	GO:0015854	guanine transport	1
GO_BP	GO:0015855	pyrimidine nucleobase transport	1
GO_BP	GO:0015858	nucleoside transport	3
GO_BP	GO:0015860	purine nucleoside transmembrane transport	2
GO_BP	GO:0015861	cytidine transport	3
GO_BP	GO:0015862	uridine transmembrane transport	3
GO_BP	GO:0015865	purine nucleotide transport	1
GO_BP	GO:0015866	ADP transport	4
GO_BP	GO:0015867	ATP transport	5
GO_BP	GO:0015871	choline transport	12
GO_BP	GO:0015878	biotin transport	2
GO_BP	GO:0015879	carnitine transport	1
GO_BP	GO:0015880	coenzyme A transport	1
GO_BP	GO:0015881	creatine transmembrane transport	3
GO_BP	GO:0015882	L-ascorbic acid transmembrane transport	1
GO_BP	GO:0015884	folic acid transport	2
GO_BP	GO:0015886	heme transport	2
GO_BP	GO:0015887	pantothenate transmembrane transport	1
GO_BP	GO:0015888	thiamine transport	3
GO_BP	GO:0015889	cobalamin transport	6
GO_BP	GO:0015891	siderophore transport	1
GO_BP	GO:0015908	fatty acid transport	13
GO_BP	GO:0015909	long-chain fatty acid transport	7
GO_BP	GO:0015910	long-chain fatty acid import into peroxisome	4
GO_BP	GO:0015911	long-chain fatty acid import across plasma membrane	3
GO_BP	GO:0015912	short-chain fatty acid transport	1
GO_BP	GO:0015914	phospholipid transport	22
GO_BP	GO:0015917	aminophospholipid transport	3
GO_BP	GO:0015918	sterol transport	3
GO_BP	GO:0015920	lipopolysaccharide transport	2
GO_BP	GO:0015936	coenzyme A metabolic process	3
GO_BP	GO:0015937	coenzyme A biosynthetic process	9
GO_BP	GO:0015938	coenzyme A catabolic process	2
GO_BP	GO:0015939	pantothenate metabolic process	4
GO_BP	GO:0015942	formate metabolic process	1
GO_BP	GO:0015949	nucleobase-containing small molecule interconversion	6
GO_BP	GO:0015961	diadenosine polyphosphate catabolic process	1
GO_BP	GO:0015964	diadenosine triphosphate catabolic process	1
GO_BP	GO:0015966	diadenosine tetraphosphate biosynthetic process	2
GO_BP	GO:0015980	energy derivation by oxidation of organic compounds	1
GO_BP	GO:0015986	proton motive force-driven ATP synthesis	10
GO_BP	GO:0015990	electron transport coupled proton transport	3
GO_BP	GO:0016024	CDP-diacylglycerol biosynthetic process	2
GO_BP	GO:0016031	tRNA import into mitochondrion	1
GO_BP	GO:0016032	viral process	5
GO_BP	GO:0016036	cellular response to phosphate starvation	1
GO_BP	GO:0016042	lipid catabolic process	8
GO_BP	GO:0016045	detection of bacterium	3
GO_BP	GO:0016050	vesicle organization	12
GO_BP	GO:0016051	carbohydrate biosynthetic process	1
GO_BP	GO:0016052	carbohydrate catabolic process	2
GO_BP	GO:0016055	Wnt signaling pathway	20
GO_BP	GO:0016064	immunoglobulin mediated immune response	4
GO_BP	GO:0016070	RNA metabolic process	3
GO_BP	GO:0016071	mRNA metabolic process	6
GO_BP	GO:0016072	rRNA metabolic process	2
GO_BP	GO:0016073	snRNA metabolic process	1
GO_BP	GO:0016075	rRNA catabolic process	9
GO_BP	GO:0016076	snRNA catabolic process	3
GO_BP	GO:0016078	tRNA decay	3
GO_BP	GO:0016079	synaptic vesicle exocytosis	14
GO_BP	GO:0016082	synaptic vesicle priming	13
GO_BP	GO:0016094	polyprenol biosynthetic process	1
GO_BP	GO:0016116	carotenoid metabolic process	1
GO_BP	GO:0016119	carotene metabolic process	1
GO_BP	GO:0016121	carotene catabolic process	1
GO_BP	GO:0016124	xanthophyll catabolic process	1
GO_BP	GO:0016125	sterol metabolic process	8
GO_BP	GO:0016126	sterol biosynthetic process	4
GO_BP	GO:0016139	glycoside catabolic process	5
GO_BP	GO:0016180	snRNA processing	15
GO_BP	GO:0016182	synaptic vesicle budding from endosome	1
GO_BP	GO:0016185	synaptic vesicle budding from presynaptic endocytic zone membrane	3
GO_BP	GO:0016188	synaptic vesicle maturation	6
GO_BP	GO:0016189	synaptic vesicle to endosome fusion	1
GO_BP	GO:0016191	synaptic vesicle uncoating	3
GO_BP	GO:0016192	vesicle-mediated transport	113
GO_BP	GO:0016197	endosomal transport	51
GO_BP	GO:0016198	axon choice point recognition	1
GO_BP	GO:0016199	axon midline choice point recognition	3
GO_BP	GO:0016202	regulation of striated muscle tissue development	1
GO_BP	GO:0016203	muscle attachment	1
GO_BP	GO:0016226	iron-sulfur cluster assembly	17
GO_BP	GO:0016233	telomere capping	8
GO_BP	GO:0016236	macroautophagy	54
GO_BP	GO:0016237	microautophagy	1
GO_BP	GO:0016239	positive regulation of macroautophagy	24
GO_BP	GO:0016240	autophagosome membrane docking	7
GO_BP	GO:0016241	regulation of macroautophagy	28
GO_BP	GO:0016242	negative regulation of macroautophagy	9
GO_BP	GO:0016243	regulation of autophagosome size	2
GO_BP	GO:0016255	attachment of GPI anchor to protein	6
GO_BP	GO:0016256	N-glycan processing to lysosome	1
GO_BP	GO:0016260	L-selenocysteine biosynthetic process	2
GO_BP	GO:0016264	gap junction assembly	5
GO_BP	GO:0016266	protein O-linked glycosylation via N-acetylgalactosamine	27
GO_BP	GO:0016310	phosphorylation	9
GO_BP	GO:0016311	dephosphorylation	16
GO_BP	GO:0016320	endoplasmic reticulum membrane fusion	5
GO_BP	GO:0016322	neuron remodeling	9
GO_BP	GO:0016331	morphogenesis of embryonic epithelium	2
GO_BP	GO:0016332	establishment or maintenance of polarity of embryonic epithelium	2
GO_BP	GO:0016338	calcium-independent cell-cell adhesion	7
GO_BP	GO:0016339	calcium-dependent cell-cell adhesion	21
GO_BP	GO:0016358	dendrite development	14
GO_BP	GO:0016441	post-transcriptional gene silencing	4
GO_BP	GO:0016445	somatic diversification of immunoglobulins	1
GO_BP	GO:0016446	somatic hypermutation of immunoglobulin genes	8
GO_BP	GO:0016447	somatic recombination of immunoglobulin gene segments	3
GO_BP	GO:0016476	regulation of embryonic cell shape	2
GO_BP	GO:0016477	cell migration	180
GO_BP	GO:0016479	negative regulation of transcription by RNA polymerase I	5
GO_BP	GO:0016480	negative regulation of transcription by RNA polymerase III	3
GO_BP	GO:0016485	protein processing	59
GO_BP	GO:0016486	peptide hormone processing	11
GO_BP	GO:0016525	negative regulation of angiogenesis	57
GO_BP	GO:0016540	protein autoprocessing	9
GO_BP	GO:0016553	base conversion or substitution editing	2
GO_BP	GO:0016554	cytidine to uridine editing	2
GO_BP	GO:0016556	mRNA modification	9
GO_BP	GO:0016557	peroxisome membrane biogenesis	2
GO_BP	GO:0016558	protein import into peroxisome matrix	10
GO_BP	GO:0016559	peroxisome fission	10
GO_BP	GO:0016560	protein import into peroxisome matrix, docking	3
GO_BP	GO:0016561	protein import into peroxisome matrix, translocation	4
GO_BP	GO:0016562	protein import into peroxisome matrix, receptor recycling	6
GO_BP	GO:0016567	protein ubiquitination	191
GO_BP	GO:0016579	protein deubiquitination	52
GO_BP	GO:0016601	Rac protein signal transduction	16
GO_BP	GO:0016925	protein sumoylation	30
GO_BP	GO:0016926	protein desumoylation	7
GO_BP	GO:0016973	poly(A)+ mRNA export from nucleus	17
GO_BP	GO:0017004	cytochrome complex assembly	2
GO_BP	GO:0017015	regulation of transforming growth factor beta receptor signaling pathway	14
GO_BP	GO:0017038	protein import	4
GO_BP	GO:0017055	negative regulation of RNA polymerase II transcription preinitiation complex assembly	1
GO_BP	GO:0017121	plasma membrane phospholipid scrambling	6
GO_BP	GO:0017145	stem cell division	4
GO_BP	GO:0017148	negative regulation of translation	47
GO_BP	GO:0017156	calcium-ion regulated exocytosis	7
GO_BP	GO:0017157	regulation of exocytosis	17
GO_BP	GO:0017158	regulation of calcium ion-dependent exocytosis	14
GO_BP	GO:0017183	protein histidyl modification to diphthamide	6
GO_BP	GO:0017185	peptidyl-lysine hydroxylation	6
GO_BP	GO:0017187	peptidyl-glutamic acid carboxylation	3
GO_BP	GO:0017190	N-terminal peptidyl-aspartic acid acetylation	2
GO_BP	GO:0017192	N-terminal peptidyl-glutamine acetylation	1
GO_BP	GO:0017196	N-terminal peptidyl-methionine acetylation	1
GO_BP	GO:0018002	N-terminal peptidyl-glutamic acid acetylation	2
GO_BP	GO:0018008	N-terminal peptidyl-glycine N-myristoylation	2
GO_BP	GO:0018013	N-terminal peptidyl-glycine methylation	1
GO_BP	GO:0018016	N-terminal peptidyl-proline dimethylation	1
GO_BP	GO:0018023	peptidyl-lysine trimethylation	6
GO_BP	GO:0018026	peptidyl-lysine monomethylation	6
GO_BP	GO:0018027	peptidyl-lysine dimethylation	3
GO_BP	GO:0018057	peptidyl-lysine oxidation	3
GO_BP	GO:0018063	cytochrome c-heme linkage	1
GO_BP	GO:0018094	protein polyglycylation	1
GO_BP	GO:0018095	protein polyglutamylation	7
GO_BP	GO:0018105	peptidyl-serine phosphorylation	29
GO_BP	GO:0018107	peptidyl-threonine phosphorylation	16
GO_BP	GO:0018108	peptidyl-tyrosine phosphorylation	29
GO_BP	GO:0018117	protein adenylylation	2
GO_BP	GO:0018119	peptidyl-cysteine S-nitrosylation	2
GO_BP	GO:0018125	peptidyl-cysteine methylation	1
GO_BP	GO:0018126	protein hydroxylation	6
GO_BP	GO:0018146	keratan sulfate proteoglycan biosynthetic process	12
GO_BP	GO:0018149	peptide cross-linking	5
GO_BP	GO:0018158	protein oxidation	2
GO_BP	GO:0018200	peptidyl-glutamic acid modification	1
GO_BP	GO:0018206	peptidyl-methionine modification	1
GO_BP	GO:0018230	peptidyl-L-cysteine S-palmitoylation	11
GO_BP	GO:0018272	protein-pyridoxal-5-phosphate linkage via peptidyl-N6-pyridoxal phosphate-L-lysine	1
GO_BP	GO:0018277	protein deamination	1
GO_BP	GO:0018293	protein-FAD linkage	1
GO_BP	GO:0018342	protein prenylation	2
GO_BP	GO:0018343	protein farnesylation	2
GO_BP	GO:0018344	protein geranylgeranylation	5
GO_BP	GO:0018345	protein palmitoylation	8
GO_BP	GO:0018377	protein myristoylation	2
GO_BP	GO:0018393	internal peptidyl-lysine acetylation	4
GO_BP	GO:0018394	peptidyl-lysine acetylation	2
GO_BP	GO:0018395	peptidyl-lysine hydroxylation to 5-hydroxy-L-lysine	1
GO_BP	GO:0018401	peptidyl-proline hydroxylation to 4-hydroxy-L-proline	2
GO_BP	GO:0018872	arsonoacetate metabolic process	1
GO_BP	GO:0018916	nitrobenzene metabolic process	2
GO_BP	GO:0018937	nitroglycerin metabolic process	1
GO_BP	GO:0018964	propylene metabolic process	1
GO_BP	GO:0019046	release from viral latency	2
GO_BP	GO:0019058	viral life cycle	2
GO_BP	GO:0019062	virion attachment to host cell	1
GO_BP	GO:0019064	fusion of virus membrane with host plasma membrane	2
GO_BP	GO:0019065	receptor-mediated endocytosis of virus by host cell	5
GO_BP	GO:0019068	virion assembly	8
GO_BP	GO:0019074	viral RNA genome packaging	2
GO_BP	GO:0019075	virus maturation	2
GO_BP	GO:0019076	viral release from host cell	14
GO_BP	GO:0019079	viral genome replication	6
GO_BP	GO:0019081	viral translation	1
GO_BP	GO:0019082	viral protein processing	28
GO_BP	GO:0019083	viral transcription	1
GO_BP	GO:0019085	early viral transcription	2
GO_BP	GO:0019086	late viral transcription	4
GO_BP	GO:0019100	male germ-line sex determination	1
GO_BP	GO:0019216	regulation of lipid metabolic process	24
GO_BP	GO:0019217	regulation of fatty acid metabolic process	4
GO_BP	GO:0019218	regulation of steroid metabolic process	3
GO_BP	GO:0019221	cytokine-mediated signaling pathway	57
GO_BP	GO:0019226	transmission of nerve impulse	10
GO_BP	GO:0019227	neuronal action potential propagation	2
GO_BP	GO:0019228	neuronal action potential	13
GO_BP	GO:0019229	regulation of vasoconstriction	3
GO_BP	GO:0019230	proprioception	1
GO_BP	GO:0019233	sensory perception of pain	20
GO_BP	GO:0019240	L-citrulline biosynthetic process	1
GO_BP	GO:0019241	L-citrulline catabolic process	1
GO_BP	GO:0019242	methylglyoxal biosynthetic process	1
GO_BP	GO:0019249	lactate biosynthetic process	2
GO_BP	GO:0019254	carnitine metabolic process, CoA-linked	3
GO_BP	GO:0019262	N-acetylneuraminate catabolic process	6
GO_BP	GO:0019276	UDP-N-acetylgalactosamine metabolic process	2
GO_BP	GO:0019287	isopentenyl diphosphate biosynthetic process, mevalonate pathway	3
GO_BP	GO:0019290	siderophore biosynthetic process	1
GO_BP	GO:0019303	D-ribose catabolic process	1
GO_BP	GO:0019319	hexose biosynthetic process	1
GO_BP	GO:0019321	pentose metabolic process	1
GO_BP	GO:0019344	L-cysteine biosynthetic process	2
GO_BP	GO:0019346	transsulfuration	1
GO_BP	GO:0019367	fatty acid elongation, saturated fatty acid	7
GO_BP	GO:0019369	arachidonate metabolic process	16
GO_BP	GO:0019370	leukotriene biosynthetic process	5
GO_BP	GO:0019371	cyclooxygenase pathway	3
GO_BP	GO:0019372	lipoxygenase pathway	8
GO_BP	GO:0019373	epoxygenase P450 pathway	2
GO_BP	GO:0019377	glycolipid catabolic process	2
GO_BP	GO:0019388	galactose catabolic process	3
GO_BP	GO:0019395	fatty acid oxidation	3
GO_BP	GO:0019417	sulfur oxidation	4
GO_BP	GO:0019418	sulfide oxidation	3
GO_BP	GO:0019430	removal of superoxide radicals	12
GO_BP	GO:0019432	triglyceride biosynthetic process	11
GO_BP	GO:0019433	triglyceride catabolic process	8
GO_BP	GO:0019448	L-cysteine catabolic process	3
GO_BP	GO:0019464	glycine decarboxylation via glycine cleavage system	2
GO_BP	GO:0019470	trans-4-hydroxy-L-proline catabolic process	2
GO_BP	GO:0019477	L-lysine catabolic process	8
GO_BP	GO:0019478	D-amino acid catabolic process	2
GO_BP	GO:0019511	peptidyl-proline hydroxylation	2
GO_BP	GO:0019530	taurine metabolic process	4
GO_BP	GO:0019532	oxalate transport	6
GO_BP	GO:0019538	protein metabolic process	3
GO_BP	GO:0019563	glycerol catabolic process	2
GO_BP	GO:0019585	glucuronate metabolic process	1
GO_BP	GO:0019607	phenylethylamine catabolic process	2
GO_BP	GO:0019626	short-chain fatty acid catabolic process	1
GO_BP	GO:0019673	GDP-mannose metabolic process	2
GO_BP	GO:0019674	NAD+ metabolic process	6
GO_BP	GO:0019677	NAD+ catabolic process	3
GO_BP	GO:0019693	ribose phosphate metabolic process	2
GO_BP	GO:0019695	choline metabolic process	2
GO_BP	GO:0019722	calcium-mediated signaling	38
GO_BP	GO:0019724	B cell mediated immunity	1
GO_BP	GO:0019725	cellular homeostasis	5
GO_BP	GO:0019730	antimicrobial humoral response	1
GO_BP	GO:0019731	antibacterial humoral response	12
GO_BP	GO:0019732	antifungal humoral response	7
GO_BP	GO:0019747	regulation of isoprenoid metabolic process	1
GO_BP	GO:0019827	stem cell population maintenance	19
GO_BP	GO:0019835	cytolysis	1
GO_BP	GO:0019852	L-ascorbic acid metabolic process	3
GO_BP	GO:0019856	pyrimidine nucleobase biosynthetic process	3
GO_BP	GO:0019858	cytosine metabolic process	1
GO_BP	GO:0019882	antigen processing and presentation	15
GO_BP	GO:0019884	antigen processing and presentation of exogenous antigen	1
GO_BP	GO:0019885	antigen processing and presentation of endogenous peptide antigen via MHC class I	2
GO_BP	GO:0019886	antigen processing and presentation of exogenous peptide antigen via MHC class II	7
GO_BP	GO:0019896	axonal transport of mitochondrion	11
GO_BP	GO:0019915	lipid storage	8
GO_BP	GO:0019918	peptidyl-arginine methylation, to symmetrical-dimethyl arginine	1
GO_BP	GO:0019941	modification-dependent protein catabolic process	6
GO_BP	GO:0019953	sexual reproduction	3
GO_BP	GO:0019985	translesion synthesis	15
GO_BP	GO:0021502	neural fold elevation formation	2
GO_BP	GO:0021508	floor plate formation	1
GO_BP	GO:0021510	spinal cord development	9
GO_BP	GO:0021511	spinal cord patterning	1
GO_BP	GO:0021513	spinal cord dorsal/ventral patterning	3
GO_BP	GO:0021516	dorsal spinal cord development	3
GO_BP	GO:0021517	ventral spinal cord development	4
GO_BP	GO:0021520	spinal cord motor neuron cell fate specification	1
GO_BP	GO:0021522	spinal cord motor neuron differentiation	3
GO_BP	GO:0021527	spinal cord association neuron differentiation	1
GO_BP	GO:0021528	commissural neuron differentiation in spinal cord	1
GO_BP	GO:0021529	spinal cord oligodendrocyte cell differentiation	2
GO_BP	GO:0021532	neural tube patterning	3
GO_BP	GO:0021533	cell differentiation in hindbrain	1
GO_BP	GO:0021535	cell migration in hindbrain	1
GO_BP	GO:0021536	diencephalon development	1
GO_BP	GO:0021537	telencephalon development	5
GO_BP	GO:0021540	corpus callosum morphogenesis	3
GO_BP	GO:0021541	ammon gyrus development	1
GO_BP	GO:0021542	dentate gyrus development	6
GO_BP	GO:0021545	cranial nerve development	2
GO_BP	GO:0021549	cerebellum development	9
GO_BP	GO:0021551	central nervous system morphogenesis	1
GO_BP	GO:0021553	olfactory nerve development	1
GO_BP	GO:0021554	optic nerve development	1
GO_BP	GO:0021555	midbrain-hindbrain boundary morphogenesis	1
GO_BP	GO:0021556	central nervous system formation	1
GO_BP	GO:0021557	oculomotor nerve development	1
GO_BP	GO:0021559	trigeminal nerve development	2
GO_BP	GO:0021562	vestibulocochlear nerve development	1
GO_BP	GO:0021591	ventricular system development	1
GO_BP	GO:0021592	fourth ventricle development	1
GO_BP	GO:0021599	abducens nerve formation	1
GO_BP	GO:0021612	facial nerve structural organization	7
GO_BP	GO:0021626	central nervous system maturation	2
GO_BP	GO:0021630	olfactory nerve maturation	2
GO_BP	GO:0021631	optic nerve morphogenesis	1
GO_BP	GO:0021637	trigeminal nerve structural organization	6
GO_BP	GO:0021644	vagus nerve morphogenesis	1
GO_BP	GO:0021650	vestibulocochlear nerve formation	1
GO_BP	GO:0021659	rhombomere 3 structural organization	1
GO_BP	GO:0021665	rhombomere 5 structural organization	1
GO_BP	GO:0021670	lateral ventricle development	6
GO_BP	GO:0021675	nerve development	8
GO_BP	GO:0021678	third ventricle development	3
GO_BP	GO:0021680	cerebellar Purkinje cell layer development	1
GO_BP	GO:0021681	cerebellar granular layer development	2
GO_BP	GO:0021686	cerebellar granular layer maturation	1
GO_BP	GO:0021687	cerebellar molecular layer morphogenesis	1
GO_BP	GO:0021692	cerebellar Purkinje cell layer morphogenesis	1
GO_BP	GO:0021695	cerebellar cortex development	2
GO_BP	GO:0021696	cerebellar cortex morphogenesis	2
GO_BP	GO:0021702	cerebellar Purkinje cell differentiation	4
GO_BP	GO:0021707	cerebellar granule cell differentiation	6
GO_BP	GO:0021740	principal sensory nucleus of trigeminal nerve development	1
GO_BP	GO:0021756	striatum development	3
GO_BP	GO:0021757	caudate nucleus development	1
GO_BP	GO:0021758	putamen development	1
GO_BP	GO:0021759	globus pallidus development	1
GO_BP	GO:0021762	substantia nigra development	32
GO_BP	GO:0021764	amygdala development	1
GO_BP	GO:0021766	hippocampus development	13
GO_BP	GO:0021767	mammillary body development	1
GO_BP	GO:0021769	orbitofrontal cortex development	1
GO_BP	GO:0021771	lateral geniculate nucleus development	1
GO_BP	GO:0021772	olfactory bulb development	5
GO_BP	GO:0021773	striatal medium spiny neuron differentiation	3
GO_BP	GO:0021782	glial cell development	1
GO_BP	GO:0021785	branchiomotor neuron axon guidance	6
GO_BP	GO:0021794	thalamus development	1
GO_BP	GO:0021795	cerebral cortex cell migration	4
GO_BP	GO:0021798	forebrain dorsal/ventral pattern formation	1
GO_BP	GO:0021799	cerebral cortex radially oriented cell migration	1
GO_BP	GO:0021800	cerebral cortex tangential migration	2
GO_BP	GO:0021801	cerebral cortex radial glia-guided migration	3
GO_BP	GO:0021812	neuronal-glial interaction involved in cerebral cortex radial glia guided migration	1
GO_BP	GO:0021814	cell motility involved in cerebral cortex radial glia guided migration	1
GO_BP	GO:0021816	extension of a leading process involved in cell motility in cerebral cortex radial glia guided migration	1
GO_BP	GO:0021819	layer formation in cerebral cortex	6
GO_BP	GO:0021828	gonadotrophin-releasing hormone neuronal migration to the hypothalamus	2
GO_BP	GO:0021830	interneuron migration from the subpallium to the cortex	1
GO_BP	GO:0021836	chemorepulsion involved in postnatal olfactory bulb interneuron migration	2
GO_BP	GO:0021846	cell proliferation in forebrain	2
GO_BP	GO:0021847	ventricular zone neuroblast division	1
GO_BP	GO:0021849	neuroblast division in subventricular zone	3
GO_BP	GO:0021852	pyramidal neuron migration to cerebral cortex	1
GO_BP	GO:0021853	cerebral cortex GABAergic interneuron migration	3
GO_BP	GO:0021854	hypothalamus development	2
GO_BP	GO:0021855	hypothalamus cell migration	1
GO_BP	GO:0021860	pyramidal neuron development	4
GO_BP	GO:0021861	forebrain radial glial cell differentiation	3
GO_BP	GO:0021871	forebrain regionalization	2
GO_BP	GO:0021884	forebrain neuron development	2
GO_BP	GO:0021885	forebrain cell migration	1
GO_BP	GO:0021889	olfactory bulb interneuron differentiation	2
GO_BP	GO:0021891	olfactory bulb interneuron development	2
GO_BP	GO:0021892	cerebral cortex GABAergic interneuron differentiation	1
GO_BP	GO:0021895	cerebral cortex neuron differentiation	4
GO_BP	GO:0021897	forebrain astrocyte development	1
GO_BP	GO:0021902	commitment of neuronal cell to specific neuron type in forebrain	1
GO_BP	GO:0021903	rostrocaudal neural tube patterning	1
GO_BP	GO:0021915	neural tube development	8
GO_BP	GO:0021930	cerebellar granule cell precursor proliferation	3
GO_BP	GO:0021933	radial glia guided migration of cerebellar granule cell	1
GO_BP	GO:0021935	cerebellar granule cell precursor tangential migration	1
GO_BP	GO:0021942	radial glia guided migration of Purkinje cell	1
GO_BP	GO:0021943	formation of radial glial scaffolds	1
GO_BP	GO:0021944	neuronal-glial interaction involved in hindbrain glial-mediated radial cell migration	1
GO_BP	GO:0021952	central nervous system projection neuron axonogenesis	5
GO_BP	GO:0021953	central nervous system neuron differentiation	5
GO_BP	GO:0021954	central nervous system neuron development	8
GO_BP	GO:0021955	central nervous system neuron axonogenesis	4
GO_BP	GO:0021957	corticospinal tract morphogenesis	1
GO_BP	GO:0021960	anterior commissure morphogenesis	2
GO_BP	GO:0021965	spinal cord ventral commissure morphogenesis	1
GO_BP	GO:0021966	corticospinal neuron axon guidance	1
GO_BP	GO:0021972	corticospinal neuron axon guidance through spinal cord	1
GO_BP	GO:0021978	telencephalon regionalization	2
GO_BP	GO:0021983	pituitary gland development	5
GO_BP	GO:0021984	adenohypophysis development	1
GO_BP	GO:0021987	cerebral cortex development	22
GO_BP	GO:0021989	olfactory cortex development	1
GO_BP	GO:0021993	initiation of neural tube closure	1
GO_BP	GO:0021997	neural plate axis specification	1
GO_BP	GO:0021999	neural plate anterior/posterior regionalization	3
GO_BP	GO:0022008	neurogenesis	39
GO_BP	GO:0022009	central nervous system vasculogenesis	3
GO_BP	GO:0022010	central nervous system myelination	8
GO_BP	GO:0022011	myelination in peripheral nervous system	7
GO_BP	GO:0022027	interkinetic nuclear migration	4
GO_BP	GO:0022028	tangential migration from the subventricular zone to the olfactory bulb	1
GO_BP	GO:0022029	telencephalon cell migration	1
GO_BP	GO:0022038	corpus callosum development	5
GO_BP	GO:0022400	regulation of opsin-mediated signaling pathway	6
GO_BP	GO:0022401	negative adaptation of signaling pathway	1
GO_BP	GO:0022405	hair cycle process	1
GO_BP	GO:0022406	membrane docking	1
GO_BP	GO:0022407	regulation of cell-cell adhesion	9
GO_BP	GO:0022408	negative regulation of cell-cell adhesion	6
GO_BP	GO:0022409	positive regulation of cell-cell adhesion	6
GO_BP	GO:0022414	reproductive process	1
GO_BP	GO:0022604	regulation of cell morphogenesis	4
GO_BP	GO:0022612	gland morphogenesis	3
GO_BP	GO:0022614	membrane to membrane docking	5
GO_BP	GO:0022615	protein to membrane docking	4
GO_BP	GO:0022617	extracellular matrix disassembly	18
GO_BP	GO:0022618	protein-RNA complex assembly	1
GO_BP	GO:0022900	electron transport chain	6
GO_BP	GO:0022904	respiratory electron transport chain	10
GO_BP	GO:0023019	signal transduction involved in regulation of gene expression	3
GO_BP	GO:0023021	termination of signal transduction	2
GO_BP	GO:0023035	CD40 signaling pathway	6
GO_BP	GO:0023041	neuronal signal transduction	6
GO_BP	GO:0023051	regulation of signaling	1
GO_BP	GO:0023052	signaling	4
GO_BP	GO:0023057	negative regulation of signaling	2
GO_BP	GO:0023061	signal release	2
GO_BP	GO:0030001	metal ion transport	9
GO_BP	GO:0030003	intracellular monoatomic cation homeostasis	9
GO_BP	GO:0030007	intracellular potassium ion homeostasis	13
GO_BP	GO:0030010	establishment of cell polarity	19
GO_BP	GO:0030011	maintenance of cell polarity	5
GO_BP	GO:0030026	intracellular manganese ion homeostasis	5
GO_BP	GO:0030029	actin filament-based process	1
GO_BP	GO:0030030	cell projection organization	5
GO_BP	GO:0030031	cell projection assembly	12
GO_BP	GO:0030032	lamellipodium assembly	23
GO_BP	GO:0030033	microvillus assembly	2
GO_BP	GO:0030035	microspike assembly	2
GO_BP	GO:0030036	actin cytoskeleton organization	159
GO_BP	GO:0030041	actin filament polymerization	20
GO_BP	GO:0030042	actin filament depolymerization	10
GO_BP	GO:0030043	actin filament fragmentation	3
GO_BP	GO:0030046	parallel actin filament bundle assembly	1
GO_BP	GO:0030047	actin modification	1
GO_BP	GO:0030048	actin filament-based movement	9
GO_BP	GO:0030049	muscle filament sliding	6
GO_BP	GO:0030050	vesicle transport along actin filament	3
GO_BP	GO:0030070	insulin processing	5
GO_BP	GO:0030071	regulation of mitotic metaphase/anaphase transition	7
GO_BP	GO:0030072	peptide hormone secretion	3
GO_BP	GO:0030073	insulin secretion	7
GO_BP	GO:0030091	protein repair	4
GO_BP	GO:0030097	hemopoiesis	27
GO_BP	GO:0030098	lymphocyte differentiation	3
GO_BP	GO:0030099	myeloid cell differentiation	11
GO_BP	GO:0030100	regulation of endocytosis	24
GO_BP	GO:0030101	natural killer cell activation	6
GO_BP	GO:0030103	vasopressin secretion	2
GO_BP	GO:0030111	regulation of Wnt signaling pathway	9
GO_BP	GO:0030148	sphingolipid biosynthetic process	36
GO_BP	GO:0030149	sphingolipid catabolic process	14
GO_BP	GO:0030150	protein import into mitochondrial matrix	21
GO_BP	GO:0030154	cell differentiation	125
GO_BP	GO:0030155	regulation of cell adhesion	24
GO_BP	GO:0030157	pancreatic juice secretion	2
GO_BP	GO:0030162	regulation of proteolysis	6
GO_BP	GO:0030163	protein catabolic process	36
GO_BP	GO:0030166	proteoglycan biosynthetic process	14
GO_BP	GO:0030167	proteoglycan catabolic process	1
GO_BP	GO:0030168	platelet activation	29
GO_BP	GO:0030174	regulation of DNA-templated DNA replication initiation	6
GO_BP	GO:0030177	positive regulation of Wnt signaling pathway	26
GO_BP	GO:0030178	negative regulation of Wnt signaling pathway	29
GO_BP	GO:0030182	neuron differentiation	95
GO_BP	GO:0030183	B cell differentiation	23
GO_BP	GO:0030185	nitric oxide transport	2
GO_BP	GO:0030193	regulation of blood coagulation	4
GO_BP	GO:0030194	positive regulation of blood coagulation	5
GO_BP	GO:0030195	negative regulation of blood coagulation	7
GO_BP	GO:0030198	extracellular matrix organization	65
GO_BP	GO:0030199	collagen fibril organization	37
GO_BP	GO:0030200	heparan sulfate proteoglycan catabolic process	8
GO_BP	GO:0030201	heparan sulfate proteoglycan metabolic process	2
GO_BP	GO:0030202	heparin proteoglycan metabolic process	1
GO_BP	GO:0030203	glycosaminoglycan metabolic process	3
GO_BP	GO:0030207	chondroitin sulfate proteoglycan catabolic process	4
GO_BP	GO:0030209	dermatan sulfate proteoglycan catabolic process	1
GO_BP	GO:0030210	heparin proteoglycan biosynthetic process	3
GO_BP	GO:0030211	heparin proteoglycan catabolic process	1
GO_BP	GO:0030212	hyaluronan metabolic process	2
GO_BP	GO:0030213	hyaluronan biosynthetic process	3
GO_BP	GO:0030214	hyaluronan catabolic process	8
GO_BP	GO:0030216	keratinocyte differentiation	19
GO_BP	GO:0030217	T cell differentiation	14
GO_BP	GO:0030218	erythrocyte differentiation	26
GO_BP	GO:0030219	megakaryocyte differentiation	6
GO_BP	GO:0030220	platelet formation	11
GO_BP	GO:0030221	basophil differentiation	1
GO_BP	GO:0030222	eosinophil differentiation	2
GO_BP	GO:0030223	neutrophil differentiation	3
GO_BP	GO:0030224	monocyte differentiation	9
GO_BP	GO:0030225	macrophage differentiation	15
GO_BP	GO:0030237	female sex determination	1
GO_BP	GO:0030238	male sex determination	1
GO_BP	GO:0030239	myofibril assembly	8
GO_BP	GO:0030240	skeletal muscle thin filament assembly	3
GO_BP	GO:0030241	skeletal muscle myosin thick filament assembly	1
GO_BP	GO:0030252	growth hormone secretion	3
GO_BP	GO:0030258	lipid modification	4
GO_BP	GO:0030261	chromosome condensation	5
GO_BP	GO:0030262	apoptotic nuclear changes	4
GO_BP	GO:0030263	apoptotic chromosome condensation	3
GO_BP	GO:0030264	nuclear fragmentation involved in apoptotic nuclear change	1
GO_BP	GO:0030277	maintenance of gastrointestinal epithelium	5
GO_BP	GO:0030278	regulation of ossification	3
GO_BP	GO:0030279	negative regulation of ossification	19
GO_BP	GO:0030282	bone mineralization	14
GO_BP	GO:0030299	intestinal cholesterol absorption	4
GO_BP	GO:0030301	cholesterol transport	14
GO_BP	GO:0030307	positive regulation of cell growth	50
GO_BP	GO:0030308	negative regulation of cell growth	68
GO_BP	GO:0030311	poly-N-acetyllactosamine biosynthetic process	3
GO_BP	GO:0030316	osteoclast differentiation	17
GO_BP	GO:0030317	flagellated sperm motility	54
GO_BP	GO:0030318	melanocyte differentiation	8
GO_BP	GO:0030321	transepithelial chloride transport	5
GO_BP	GO:0030323	respiratory tube development	1
GO_BP	GO:0030324	lung development	18
GO_BP	GO:0030325	adrenal gland development	6
GO_BP	GO:0030326	embryonic limb morphogenesis	7
GO_BP	GO:0030327	prenylated protein catabolic process	2
GO_BP	GO:0030328	prenylcysteine catabolic process	1
GO_BP	GO:0030330	DNA damage response, signal transduction by p53 class mediator	31
GO_BP	GO:0030334	regulation of cell migration	55
GO_BP	GO:0030335	positive regulation of cell migration	164
GO_BP	GO:0030336	negative regulation of cell migration	85
GO_BP	GO:0030388	fructose 1,6-bisphosphate metabolic process	4
GO_BP	GO:0030389	fructosamine metabolic process	1
GO_BP	GO:0030397	membrane disassembly	1
GO_BP	GO:0030422	siRNA processing	5
GO_BP	GO:0030431	sleep	3
GO_BP	GO:0030432	peristalsis	2
GO_BP	GO:0030449	regulation of complement activation	3
GO_BP	GO:0030451	regulation of complement activation, alternative pathway	1
GO_BP	GO:0030473	nuclear migration along microtubule	1
GO_BP	GO:0030488	tRNA methylation	22
GO_BP	GO:0030490	maturation of SSU-rRNA	16
GO_BP	GO:0030497	fatty acid elongation	6
GO_BP	GO:0030500	regulation of bone mineralization	12
GO_BP	GO:0030501	positive regulation of bone mineralization	31
GO_BP	GO:0030502	negative regulation of bone mineralization	5
GO_BP	GO:0030505	inorganic diphosphate transport	1
GO_BP	GO:0030509	BMP signaling pathway	36
GO_BP	GO:0030510	regulation of BMP signaling pathway	9
GO_BP	GO:0030511	positive regulation of transforming growth factor beta receptor signaling pathway	23
GO_BP	GO:0030512	negative regulation of transforming growth factor beta receptor signaling pathway	48
GO_BP	GO:0030513	positive regulation of BMP signaling pathway	21
GO_BP	GO:0030514	negative regulation of BMP signaling pathway	31
GO_BP	GO:0030516	regulation of axon extension	7
GO_BP	GO:0030517	negative regulation of axon extension	14
GO_BP	GO:0030518	nuclear receptor-mediated steroid hormone signaling pathway	8
GO_BP	GO:0030520	estrogen receptor signaling pathway	12
GO_BP	GO:0030521	androgen receptor signaling pathway	11
GO_BP	GO:0030522	intracellular receptor signaling pathway	9
GO_BP	GO:0030534	adult behavior	10
GO_BP	GO:0030539	male genitalia development	2
GO_BP	GO:0030540	female genitalia development	1
GO_BP	GO:0030574	collagen catabolic process	12
GO_BP	GO:0030576	Cajal body organization	4
GO_BP	GO:0030578	PML body organization	5
GO_BP	GO:0030592	DNA ADP-ribosylation	2
GO_BP	GO:0030593	neutrophil chemotaxis	16
GO_BP	GO:0030595	leukocyte chemotaxis	7
GO_BP	GO:0030643	intracellular phosphate ion homeostasis	2
GO_BP	GO:0030644	intracellular chloride ion homeostasis	2
GO_BP	GO:0030705	cytoskeleton-dependent intracellular transport	12
GO_BP	GO:0030719	P granule organization	5
GO_BP	GO:0030728	ovulation	1
GO_BP	GO:0030832	regulation of actin filament length	2
GO_BP	GO:0030833	regulation of actin filament polymerization	17
GO_BP	GO:0030834	regulation of actin filament depolymerization	2
GO_BP	GO:0030835	negative regulation of actin filament depolymerization	3
GO_BP	GO:0030836	positive regulation of actin filament depolymerization	4
GO_BP	GO:0030837	negative regulation of actin filament polymerization	14
GO_BP	GO:0030838	positive regulation of actin filament polymerization	28
GO_BP	GO:0030844	positive regulation of intermediate filament depolymerization	1
GO_BP	GO:0030845	phospholipase C-inhibiting G protein-coupled receptor signaling pathway	2
GO_BP	GO:0030850	prostate gland development	2
GO_BP	GO:0030851	granulocyte differentiation	3
GO_BP	GO:0030853	negative regulation of granulocyte differentiation	4
GO_BP	GO:0030854	positive regulation of granulocyte differentiation	4
GO_BP	GO:0030855	epithelial cell differentiation	27
GO_BP	GO:0030856	regulation of epithelial cell differentiation	1
GO_BP	GO:0030857	negative regulation of epithelial cell differentiation	2
GO_BP	GO:0030858	positive regulation of epithelial cell differentiation	2
GO_BP	GO:0030859	polarized epithelial cell differentiation	2
GO_BP	GO:0030860	regulation of polarized epithelial cell differentiation	1
GO_BP	GO:0030865	cortical cytoskeleton organization	9
GO_BP	GO:0030866	cortical actin cytoskeleton organization	18
GO_BP	GO:0030878	thyroid gland development	2
GO_BP	GO:0030879	mammary gland development	6
GO_BP	GO:0030886	negative regulation of myeloid dendritic cell activation	1
GO_BP	GO:0030888	regulation of B cell proliferation	1
GO_BP	GO:0030889	negative regulation of B cell proliferation	4
GO_BP	GO:0030890	positive regulation of B cell proliferation	19
GO_BP	GO:0030900	forebrain development	12
GO_BP	GO:0030901	midbrain development	7
GO_BP	GO:0030902	hindbrain development	6
GO_BP	GO:0030903	notochord development	1
GO_BP	GO:0030910	olfactory placode formation	2
GO_BP	GO:0030913	paranodal junction assembly	3
GO_BP	GO:0030916	otic vesicle formation	3
GO_BP	GO:0030947	regulation of vascular endothelial growth factor receptor signaling pathway	3
GO_BP	GO:0030948	negative regulation of vascular endothelial growth factor receptor signaling pathway	9
GO_BP	GO:0030949	positive regulation of vascular endothelial growth factor receptor signaling pathway	8
GO_BP	GO:0030950	establishment or maintenance of actin cytoskeleton polarity	3
GO_BP	GO:0030951	establishment or maintenance of microtubule cytoskeleton polarity	3
GO_BP	GO:0030953	astral microtubule organization	12
GO_BP	GO:0030961	peptidyl-arginine hydroxylation	1
GO_BP	GO:0030968	endoplasmic reticulum unfolded protein response	40
GO_BP	GO:0030970	retrograde protein transport, ER to cytosol	18
GO_BP	GO:0030974	thiamine pyrophosphate transmembrane transport	1
GO_BP	GO:0030997	regulation of centriole-centriole cohesion	2
GO_BP	GO:0031000	response to caffeine	2
GO_BP	GO:0031016	pancreas development	7
GO_BP	GO:0031018	endocrine pancreas development	6
GO_BP	GO:0031022	nuclear migration along microfilament	2
GO_BP	GO:0031023	microtubule organizing center organization	7
GO_BP	GO:0031032	actomyosin structure organization	22
GO_BP	GO:0031047	regulatory ncRNA-mediated gene silencing	4
GO_BP	GO:0031048	regulatory ncRNA-mediated heterochromatin formation	8
GO_BP	GO:0031053	primary miRNA processing	11
GO_BP	GO:0031054	pre-miRNA processing	13
GO_BP	GO:0031069	hair follicle morphogenesis	4
GO_BP	GO:0031076	embryonic camera-type eye development	1
GO_BP	GO:0031077	post-embryonic camera-type eye development	1
GO_BP	GO:0031086	nuclear-transcribed mRNA catabolic process, deadenylation-independent decay	2
GO_BP	GO:0031087	deadenylation-independent decapping of nuclear-transcribed mRNA	4
GO_BP	GO:0031098	stress-activated protein kinase signaling cascade	6
GO_BP	GO:0031103	axon regeneration	6
GO_BP	GO:0031104	dendrite regeneration	1
GO_BP	GO:0031106	septin ring organization	2
GO_BP	GO:0031110	regulation of microtubule polymerization or depolymerization	10
GO_BP	GO:0031111	negative regulation of microtubule polymerization or depolymerization	2
GO_BP	GO:0031113	regulation of microtubule polymerization	12
GO_BP	GO:0031114	regulation of microtubule depolymerization	4
GO_BP	GO:0031115	negative regulation of microtubule polymerization	10
GO_BP	GO:0031116	positive regulation of microtubule polymerization	17
GO_BP	GO:0031117	positive regulation of microtubule depolymerization	3
GO_BP	GO:0031118	rRNA pseudouridine synthesis	3
GO_BP	GO:0031119	tRNA pseudouridine synthesis	7
GO_BP	GO:0031120	snRNA pseudouridine synthesis	2
GO_BP	GO:0031122	cytoplasmic microtubule organization	31
GO_BP	GO:0031123	RNA 3'-end processing	6
GO_BP	GO:0031124	mRNA 3'-end processing	23
GO_BP	GO:0031125	rRNA 3'-end processing	2
GO_BP	GO:0031129	inductive cell-cell signaling	1
GO_BP	GO:0031134	sister chromatid biorientation	2
GO_BP	GO:0031144	proteasome localization	2
GO_BP	GO:0031145	anaphase-promoting complex-dependent catabolic process	17
GO_BP	GO:0031146	SCF-dependent proteasomal ubiquitin-dependent protein catabolic process	37
GO_BP	GO:0031161	phosphatidylinositol catabolic process	2
GO_BP	GO:0031167	rRNA methylation	10
GO_BP	GO:0031173	otolith mineralization completed early in development	1
GO_BP	GO:0031175	neuron projection development	93
GO_BP	GO:0031204	post-translational protein targeting to membrane, translocation	7
GO_BP	GO:0031214	biomineral tissue development	3
GO_BP	GO:0031223	auditory behavior	1
GO_BP	GO:0031247	actin rod assembly	2
GO_BP	GO:0031274	positive regulation of pseudopodium assembly	6
GO_BP	GO:0031281	positive regulation of cyclase activity	3
GO_BP	GO:0031290	retinal ganglion cell axon guidance	7
GO_BP	GO:0031293	membrane protein intracellular domain proteolysis	10
GO_BP	GO:0031295	T cell costimulation	16
GO_BP	GO:0031296	B cell costimulation	1
GO_BP	GO:0031297	replication fork processing	32
GO_BP	GO:0031333	negative regulation of protein-containing complex assembly	22
GO_BP	GO:0031334	positive regulation of protein-containing complex assembly	38
GO_BP	GO:0031339	negative regulation of vesicle fusion	1
GO_BP	GO:0031340	positive regulation of vesicle fusion	5
GO_BP	GO:0031343	positive regulation of cell killing	1
GO_BP	GO:0031344	regulation of cell projection organization	5
GO_BP	GO:0031345	negative regulation of cell projection organization	1
GO_BP	GO:0031393	negative regulation of prostaglandin biosynthetic process	2
GO_BP	GO:0031394	positive regulation of prostaglandin biosynthetic process	4
GO_BP	GO:0031396	regulation of protein ubiquitination	8
GO_BP	GO:0031397	negative regulation of protein ubiquitination	35
GO_BP	GO:0031398	positive regulation of protein ubiquitination	50
GO_BP	GO:0031399	regulation of protein modification process	1
GO_BP	GO:0031401	positive regulation of protein modification process	1
GO_BP	GO:0031424	keratinization	3
GO_BP	GO:0031440	regulation of mRNA 3'-end processing	8
GO_BP	GO:0031442	positive regulation of mRNA 3'-end processing	3
GO_BP	GO:0031443	fast-twitch skeletal muscle fiber contraction	1
GO_BP	GO:0031444	slow-twitch skeletal muscle fiber contraction	1
GO_BP	GO:0031445	regulation of heterochromatin formation	1
GO_BP	GO:0031448	positive regulation of fast-twitch skeletal muscle fiber contraction	1
GO_BP	GO:0031449	regulation of slow-twitch skeletal muscle fiber contraction	1
GO_BP	GO:0031452	negative regulation of heterochromatin formation	1
GO_BP	GO:0031453	positive regulation of heterochromatin formation	2
GO_BP	GO:0031460	glycine betaine transport	2
GO_BP	GO:0031468	nuclear membrane reassembly	14
GO_BP	GO:0031503	protein-containing complex localization	7
GO_BP	GO:0031507	heterochromatin formation	38
GO_BP	GO:0031508	pericentric heterochromatin formation	6
GO_BP	GO:0031509	subtelomeric heterochromatin formation	7
GO_BP	GO:0031529	ruffle organization	9
GO_BP	GO:0031547	brain-derived neurotrophic factor receptor signaling pathway	3
GO_BP	GO:0031550	positive regulation of brain-derived neurotrophic factor receptor signaling pathway	1
GO_BP	GO:0031571	mitotic G1 DNA damage checkpoint signaling	13
GO_BP	GO:0031573	mitotic intra-S DNA damage checkpoint signaling	12
GO_BP	GO:0031579	membrane raft organization	3
GO_BP	GO:0031580	membrane raft distribution	2
GO_BP	GO:0031581	hemidesmosome assembly	4
GO_BP	GO:0031583	phospholipase D-activating G protein-coupled receptor signaling pathway	1
GO_BP	GO:0031589	cell-substrate adhesion	14
GO_BP	GO:0031591	wybutosine biosynthetic process	3
GO_BP	GO:0031619	homologous chromosome orientation in meiotic metaphase I	1
GO_BP	GO:0031620	regulation of fever generation	1
GO_BP	GO:0031622	positive regulation of fever generation	2
GO_BP	GO:0031623	receptor internalization	39
GO_BP	GO:0031627	telomeric loop formation	2
GO_BP	GO:0031629	synaptic vesicle fusion to presynaptic active zone membrane	6
GO_BP	GO:0031630	regulation of synaptic vesicle fusion to presynaptic active zone membrane	5
GO_BP	GO:0031635	adenylate cyclase-inhibiting opioid receptor signaling pathway	1
GO_BP	GO:0031638	zymogen activation	7
GO_BP	GO:0031639	plasminogen activation	3
GO_BP	GO:0031640	killing of cells of another organism	11
GO_BP	GO:0031641	regulation of myelination	8
GO_BP	GO:0031642	negative regulation of myelination	4
GO_BP	GO:0031643	positive regulation of myelination	13
GO_BP	GO:0031644	regulation of nervous system process	3
GO_BP	GO:0031647	regulation of protein stability	76
GO_BP	GO:0031648	protein destabilization	27
GO_BP	GO:0031663	lipopolysaccharide-mediated signaling pathway	14
GO_BP	GO:0031664	regulation of lipopolysaccharide-mediated signaling pathway	2
GO_BP	GO:0031665	negative regulation of lipopolysaccharide-mediated signaling pathway	4
GO_BP	GO:0031666	positive regulation of lipopolysaccharide-mediated signaling pathway	6
GO_BP	GO:0031667	response to nutrient levels	4
GO_BP	GO:0031669	cellular response to nutrient levels	28
GO_BP	GO:0031670	cellular response to nutrient	7
GO_BP	GO:0031848	protection from non-homologous end joining at telomere	5
GO_BP	GO:0031860	telomeric 3' overhang formation	4
GO_BP	GO:0031914	negative regulation of synaptic plasticity	2
GO_BP	GO:0031915	positive regulation of synaptic plasticity	6
GO_BP	GO:0031923	pyridoxine transport	3
GO_BP	GO:0031929	TOR signaling	13
GO_BP	GO:0031930	mitochondria-nucleus signaling pathway	1
GO_BP	GO:0031943	regulation of glucocorticoid metabolic process	1
GO_BP	GO:0031948	positive regulation of glucocorticoid biosynthetic process	1
GO_BP	GO:0031952	regulation of protein autophosphorylation	2
GO_BP	GO:0031953	negative regulation of protein autophosphorylation	2
GO_BP	GO:0031954	positive regulation of protein autophosphorylation	4
GO_BP	GO:0031990	mRNA export from nucleus in response to heat stress	1
GO_BP	GO:0031998	regulation of fatty acid beta-oxidation	3
GO_BP	GO:0031999	negative regulation of fatty acid beta-oxidation	3
GO_BP	GO:0032000	positive regulation of fatty acid beta-oxidation	8
GO_BP	GO:0032006	regulation of TOR signaling	13
GO_BP	GO:0032007	negative regulation of TOR signaling	25
GO_BP	GO:0032008	positive regulation of TOR signaling	24
GO_BP	GO:0032012	regulation of ARF protein signal transduction	3
GO_BP	GO:0032014	positive regulation of ARF protein signal transduction	2
GO_BP	GO:0032020	ISG15-protein conjugation	5
GO_BP	GO:0032024	positive regulation of insulin secretion	23
GO_BP	GO:0032025	response to cobalt ion	1
GO_BP	GO:0032026	response to magnesium ion	2
GO_BP	GO:0032042	mitochondrial DNA metabolic process	1
GO_BP	GO:0032043	mitochondrial DNA catabolic process	1
GO_BP	GO:0032048	cardiolipin metabolic process	1
GO_BP	GO:0032049	cardiolipin biosynthetic process	3
GO_BP	GO:0032053	ciliary basal body organization	4
GO_BP	GO:0032055	negative regulation of translation in response to stress	1
GO_BP	GO:0032056	positive regulation of translation in response to stress	2
GO_BP	GO:0032057	negative regulation of translational initiation in response to stress	4
GO_BP	GO:0032060	bleb assembly	7
GO_BP	GO:0032071	regulation of endodeoxyribonuclease activity	1
GO_BP	GO:0032079	positive regulation of endodeoxyribonuclease activity	1
GO_BP	GO:0032091	negative regulation of protein binding	13
GO_BP	GO:0032092	positive regulation of protein binding	9
GO_BP	GO:0032094	response to food	1
GO_BP	GO:0032095	regulation of response to food	1
GO_BP	GO:0032098	regulation of appetite	4
GO_BP	GO:0032099	negative regulation of appetite	7
GO_BP	GO:0032100	positive regulation of appetite	3
GO_BP	GO:0032147	activation of protein kinase activity	8
GO_BP	GO:0032148	activation of protein kinase B activity	6
GO_BP	GO:0032185	septin cytoskeleton organization	2
GO_BP	GO:0032200	telomere organization	1
GO_BP	GO:0032201	telomere maintenance via semi-conservative replication	6
GO_BP	GO:0032202	telomere assembly	1
GO_BP	GO:0032203	telomere formation via telomerase	1
GO_BP	GO:0032204	regulation of telomere maintenance	11
GO_BP	GO:0032205	negative regulation of telomere maintenance	4
GO_BP	GO:0032206	positive regulation of telomere maintenance	22
GO_BP	GO:0032208	negative regulation of telomere maintenance via recombination	1
GO_BP	GO:0032210	regulation of telomere maintenance via telomerase	4
GO_BP	GO:0032211	negative regulation of telomere maintenance via telomerase	14
GO_BP	GO:0032212	positive regulation of telomere maintenance via telomerase	18
GO_BP	GO:0032218	riboflavin transport	2
GO_BP	GO:0032223	negative regulation of synaptic transmission, cholinergic	2
GO_BP	GO:0032224	positive regulation of synaptic transmission, cholinergic	2
GO_BP	GO:0032225	regulation of synaptic transmission, dopaminergic	2
GO_BP	GO:0032227	negative regulation of synaptic transmission, dopaminergic	1
GO_BP	GO:0032228	regulation of synaptic transmission, GABAergic	10
GO_BP	GO:0032229	negative regulation of synaptic transmission, GABAergic	1
GO_BP	GO:0032230	positive regulation of synaptic transmission, GABAergic	6
GO_BP	GO:0032232	negative regulation of actin filament bundle assembly	5
GO_BP	GO:0032233	positive regulation of actin filament bundle assembly	9
GO_BP	GO:0032237	activation of store-operated calcium channel activity	5
GO_BP	GO:0032238	adenosine transport	4
GO_BP	GO:0032259	methylation	7
GO_BP	GO:0032261	purine nucleotide salvage	1
GO_BP	GO:0032263	GMP salvage	2
GO_BP	GO:0032264	IMP salvage	1
GO_BP	GO:0032273	positive regulation of protein polymerization	4
GO_BP	GO:0032274	gonadotropin secretion	1
GO_BP	GO:0032275	luteinizing hormone secretion	1
GO_BP	GO:0032277	negative regulation of gonadotropin secretion	1
GO_BP	GO:0032278	positive regulation of gonadotropin secretion	1
GO_BP	GO:0032286	central nervous system myelin maintenance	2
GO_BP	GO:0032287	peripheral nervous system myelin maintenance	1
GO_BP	GO:0032288	myelin assembly	5
GO_BP	GO:0032289	central nervous system myelin formation	2
GO_BP	GO:0032290	peripheral nervous system myelin formation	2
GO_BP	GO:0032307	negative regulation of prostaglandin secretion	1
GO_BP	GO:0032310	prostaglandin secretion	2
GO_BP	GO:0032324	molybdopterin cofactor biosynthetic process	2
GO_BP	GO:0032328	alanine transport	5
GO_BP	GO:0032329	serine transport	1
GO_BP	GO:0032330	regulation of chondrocyte differentiation	4
GO_BP	GO:0032331	negative regulation of chondrocyte differentiation	7
GO_BP	GO:0032332	positive regulation of chondrocyte differentiation	8
GO_BP	GO:0032342	aldosterone biosynthetic process	1
GO_BP	GO:0032347	regulation of aldosterone biosynthetic process	1
GO_BP	GO:0032348	negative regulation of aldosterone biosynthetic process	4
GO_BP	GO:0032349	positive regulation of aldosterone biosynthetic process	2
GO_BP	GO:0032350	regulation of hormone metabolic process	1
GO_BP	GO:0032354	response to follicle-stimulating hormone	1
GO_BP	GO:0032355	response to estradiol	9
GO_BP	GO:0032361	pyridoxal 5'-phosphate catabolic process	1
GO_BP	GO:0032364	intracellular oxygen homeostasis	7
GO_BP	GO:0032365	intracellular lipid transport	3
GO_BP	GO:0032366	intracellular sterol transport	4
GO_BP	GO:0032367	intracellular cholesterol transport	15
GO_BP	GO:0032368	regulation of lipid transport	2
GO_BP	GO:0032369	negative regulation of lipid transport	4
GO_BP	GO:0032370	positive regulation of lipid transport	2
GO_BP	GO:0032374	regulation of cholesterol transport	3
GO_BP	GO:0032375	negative regulation of cholesterol transport	3
GO_BP	GO:0032376	positive regulation of cholesterol transport	4
GO_BP	GO:0032377	regulation of intracellular lipid transport	1
GO_BP	GO:0032383	regulation of intracellular cholesterol transport	4
GO_BP	GO:0032384	negative regulation of intracellular cholesterol transport	1
GO_BP	GO:0032385	positive regulation of intracellular cholesterol transport	1
GO_BP	GO:0032387	negative regulation of intracellular transport	1
GO_BP	GO:0032388	positive regulation of intracellular transport	4
GO_BP	GO:0032392	DNA geometric change	5
GO_BP	GO:0032400	melanosome localization	5
GO_BP	GO:0032401	establishment of melanosome localization	1
GO_BP	GO:0032402	melanosome transport	12
GO_BP	GO:0032410	negative regulation of transporter activity	1
GO_BP	GO:0032411	positive regulation of transporter activity	1
GO_BP	GO:0032414	positive regulation of ion transmembrane transporter activity	1
GO_BP	GO:0032417	positive regulation of sodium:proton antiporter activity	1
GO_BP	GO:0032418	lysosome localization	25
GO_BP	GO:0032423	regulation of mismatch repair	1
GO_BP	GO:0032425	positive regulation of mismatch repair	2
GO_BP	GO:0032434	regulation of proteasomal ubiquitin-dependent protein catabolic process	10
GO_BP	GO:0032435	negative regulation of proteasomal ubiquitin-dependent protein catabolic process	28
GO_BP	GO:0032436	positive regulation of proteasomal ubiquitin-dependent protein catabolic process	57
GO_BP	GO:0032438	melanosome organization	10
GO_BP	GO:0032446	protein modification by small protein conjugation	2
GO_BP	GO:0032447	protein urmylation	2
GO_BP	GO:0032456	endocytic recycling	58
GO_BP	GO:0032458	slow endocytic recycling	2
GO_BP	GO:0032460	negative regulation of protein oligomerization	1
GO_BP	GO:0032461	positive regulation of protein oligomerization	3
GO_BP	GO:0032463	negative regulation of protein homooligomerization	1
GO_BP	GO:0032464	positive regulation of protein homooligomerization	1
GO_BP	GO:0032465	regulation of cytokinesis	32
GO_BP	GO:0032466	negative regulation of cytokinesis	2
GO_BP	GO:0032467	positive regulation of cytokinesis	16
GO_BP	GO:0032468	Golgi calcium ion homeostasis	2
GO_BP	GO:0032469	endoplasmic reticulum calcium ion homeostasis	15
GO_BP	GO:0032470	positive regulation of endoplasmic reticulum calcium ion concentration	2
GO_BP	GO:0032471	negative regulation of endoplasmic reticulum calcium ion concentration	4
GO_BP	GO:0032472	Golgi calcium ion transport	2
GO_BP	GO:0032474	otolith morphogenesis	1
GO_BP	GO:0032479	regulation of type I interferon production	6
GO_BP	GO:0032480	negative regulation of type I interferon production	25
GO_BP	GO:0032481	positive regulation of type I interferon production	21
GO_BP	GO:0032482	Rab protein signal transduction	2
GO_BP	GO:0032483	regulation of Rab protein signal transduction	7
GO_BP	GO:0032484	Ral protein signal transduction	4
GO_BP	GO:0032485	regulation of Ral protein signal transduction	2
GO_BP	GO:0032486	Rap protein signal transduction	14
GO_BP	GO:0032487	regulation of Rap protein signal transduction	1
GO_BP	GO:0032488	Cdc42 protein signal transduction	3
GO_BP	GO:0032489	regulation of Cdc42 protein signal transduction	8
GO_BP	GO:0032490	detection of molecule of bacterial origin	2
GO_BP	GO:0032494	response to peptidoglycan	2
GO_BP	GO:0032495	response to muramyl dipeptide	3
GO_BP	GO:0032496	response to lipopolysaccharide	33
GO_BP	GO:0032497	detection of lipopolysaccharide	3
GO_BP	GO:0032502	developmental process	8
GO_BP	GO:0032506	cytokinetic process	3
GO_BP	GO:0032507	maintenance of protein location in cell	2
GO_BP	GO:0032509	endosome transport via multivesicular body sorting pathway	11
GO_BP	GO:0032510	endosome to lysosome transport via multivesicular body sorting pathway	6
GO_BP	GO:0032511	late endosome to vacuole transport via multivesicular body sorting pathway	8
GO_BP	GO:0032525	somite rostral/caudal axis specification	1
GO_BP	GO:0032526	response to retinoic acid	13
GO_BP	GO:0032528	microvillus organization	1
GO_BP	GO:0032534	regulation of microvillus assembly	2
GO_BP	GO:0032543	mitochondrial translation	33
GO_BP	GO:0032570	response to progesterone	10
GO_BP	GO:0032581	ER-dependent peroxisome organization	1
GO_BP	GO:0032596	protein transport into membrane raft	1
GO_BP	GO:0032648	regulation of interferon-beta production	3
GO_BP	GO:0032649	regulation of type II interferon production	3
GO_BP	GO:0032651	regulation of interleukin-1 beta production	2
GO_BP	GO:0032652	regulation of interleukin-1 production	1
GO_BP	GO:0032653	regulation of interleukin-10 production	1
GO_BP	GO:0032655	regulation of interleukin-12 production	3
GO_BP	GO:0032675	regulation of interleukin-6 production	4
GO_BP	GO:0032680	regulation of tumor necrosis factor production	5
GO_BP	GO:0032682	negative regulation of chemokine production	1
GO_BP	GO:0032683	negative regulation of connective tissue growth factor production	1
GO_BP	GO:0032685	negative regulation of granulocyte macrophage colony-stimulating factor production	1
GO_BP	GO:0032686	negative regulation of hepatocyte growth factor production	1
GO_BP	GO:0032687	negative regulation of interferon-alpha production	3
GO_BP	GO:0032688	negative regulation of interferon-beta production	9
GO_BP	GO:0032689	negative regulation of type II interferon production	14
GO_BP	GO:0032690	negative regulation of interleukin-1 alpha production	1
GO_BP	GO:0032691	negative regulation of interleukin-1 beta production	10
GO_BP	GO:0032692	negative regulation of interleukin-1 production	1
GO_BP	GO:0032693	negative regulation of interleukin-10 production	7
GO_BP	GO:0032695	negative regulation of interleukin-12 production	6
GO_BP	GO:0032696	negative regulation of interleukin-13 production	2
GO_BP	GO:0032700	negative regulation of interleukin-17 production	5
GO_BP	GO:0032701	negative regulation of interleukin-18 production	1
GO_BP	GO:0032703	negative regulation of interleukin-2 production	11
GO_BP	GO:0032707	negative regulation of interleukin-23 production	2
GO_BP	GO:0032712	negative regulation of interleukin-3 production	1
GO_BP	GO:0032713	negative regulation of interleukin-4 production	3
GO_BP	GO:0032714	negative regulation of interleukin-5 production	2
GO_BP	GO:0032715	negative regulation of interleukin-6 production	17
GO_BP	GO:0032717	negative regulation of interleukin-8 production	10
GO_BP	GO:0032720	negative regulation of tumor necrosis factor production	25
GO_BP	GO:0032722	positive regulation of chemokine production	20
GO_BP	GO:0032723	positive regulation of connective tissue growth factor production	1
GO_BP	GO:0032725	positive regulation of granulocyte macrophage colony-stimulating factor production	6
GO_BP	GO:0032727	positive regulation of interferon-alpha production	16
GO_BP	GO:0032728	positive regulation of interferon-beta production	28
GO_BP	GO:0032729	positive regulation of type II interferon production	23
GO_BP	GO:0032730	positive regulation of interleukin-1 alpha production	4
GO_BP	GO:0032731	positive regulation of interleukin-1 beta production	27
GO_BP	GO:0032732	positive regulation of interleukin-1 production	2
GO_BP	GO:0032733	positive regulation of interleukin-10 production	12
GO_BP	GO:0032735	positive regulation of interleukin-12 production	16
GO_BP	GO:0032736	positive regulation of interleukin-13 production	5
GO_BP	GO:0032738	positive regulation of interleukin-15 production	1
GO_BP	GO:0032740	positive regulation of interleukin-17 production	12
GO_BP	GO:0032741	positive regulation of interleukin-18 production	4
GO_BP	GO:0032743	positive regulation of interleukin-2 production	14
GO_BP	GO:0032745	positive regulation of interleukin-21 production	1
GO_BP	GO:0032747	positive regulation of interleukin-23 production	3
GO_BP	GO:0032753	positive regulation of interleukin-4 production	10
GO_BP	GO:0032754	positive regulation of interleukin-5 production	4
GO_BP	GO:0032755	positive regulation of interleukin-6 production	45
GO_BP	GO:0032757	positive regulation of interleukin-8 production	35
GO_BP	GO:0032760	positive regulation of tumor necrosis factor production	45
GO_BP	GO:0032765	positive regulation of mast cell cytokine production	2
GO_BP	GO:0032780	negative regulation of ATP-dependent activity	5
GO_BP	GO:0032781	positive regulation of ATP-dependent activity	11
GO_BP	GO:0032782	bile acid secretion	2
GO_BP	GO:0032784	regulation of DNA-templated transcription elongation	5
GO_BP	GO:0032785	negative regulation of DNA-templated transcription, elongation	6
GO_BP	GO:0032786	positive regulation of DNA-templated transcription, elongation	12
GO_BP	GO:0032788	saturated monocarboxylic acid metabolic process	1
GO_BP	GO:0032789	unsaturated monocarboxylic acid metabolic process	1
GO_BP	GO:0032790	ribosome disassembly	18
GO_BP	GO:0032801	receptor catabolic process	11
GO_BP	GO:0032804	negative regulation of low-density lipoprotein particle receptor catabolic process	3
GO_BP	GO:0032805	positive regulation of low-density lipoprotein particle receptor catabolic process	2
GO_BP	GO:0032808	lacrimal gland development	3
GO_BP	GO:0032812	positive regulation of epinephrine secretion	1
GO_BP	GO:0032815	negative regulation of natural killer cell activation	1
GO_BP	GO:0032816	positive regulation of natural killer cell activation	1
GO_BP	GO:0032819	positive regulation of natural killer cell proliferation	1
GO_BP	GO:0032825	positive regulation of natural killer cell differentiation	3
GO_BP	GO:0032831	positive regulation of CD4-positive, CD25-positive, alpha-beta regulatory T cell differentiation	1
GO_BP	GO:0032835	glomerulus development	4
GO_BP	GO:0032836	glomerular basement membrane development	4
GO_BP	GO:0032868	response to insulin	12
GO_BP	GO:0032869	cellular response to insulin stimulus	51
GO_BP	GO:0032870	cellular response to hormone stimulus	23
GO_BP	GO:0032872	regulation of stress-activated MAPK cascade	5
GO_BP	GO:0032873	negative regulation of stress-activated MAPK cascade	5
GO_BP	GO:0032874	positive regulation of stress-activated MAPK cascade	14
GO_BP	GO:0032876	negative regulation of DNA endoreduplication	1
GO_BP	GO:0032878	regulation of establishment or maintenance of cell polarity	3
GO_BP	GO:0032880	regulation of protein localization	51
GO_BP	GO:0032886	regulation of microtubule-based process	8
GO_BP	GO:0032897	negative regulation of viral transcription	4
GO_BP	GO:0032901	positive regulation of neurotrophin production	1
GO_BP	GO:0032902	nerve growth factor production	2
GO_BP	GO:0032905	transforming growth factor beta1 production	2
GO_BP	GO:0032909	regulation of transforming growth factor beta2 production	4
GO_BP	GO:0032911	negative regulation of transforming growth factor beta1 production	4
GO_BP	GO:0032914	positive regulation of transforming growth factor beta1 production	2
GO_BP	GO:0032915	positive regulation of transforming growth factor beta2 production	1
GO_BP	GO:0032922	circadian regulation of gene expression	62
GO_BP	GO:0032924	activin receptor signaling pathway	12
GO_BP	GO:0032926	negative regulation of activin receptor signaling pathway	10
GO_BP	GO:0032927	positive regulation of activin receptor signaling pathway	3
GO_BP	GO:0032928	regulation of superoxide anion generation	1
GO_BP	GO:0032930	positive regulation of superoxide anion generation	9
GO_BP	GO:0032933	SREBP signaling pathway	8
GO_BP	GO:0032938	negative regulation of translation in response to oxidative stress	1
GO_BP	GO:0032940	secretion by cell	6
GO_BP	GO:0032946	positive regulation of mononuclear cell proliferation	1
GO_BP	GO:0032956	regulation of actin cytoskeleton organization	79
GO_BP	GO:0032957	inositol trisphosphate metabolic process	2
GO_BP	GO:0032958	inositol phosphate biosynthetic process	10
GO_BP	GO:0032959	inositol trisphosphate biosynthetic process	1
GO_BP	GO:0032962	positive regulation of inositol trisphosphate biosynthetic process	2
GO_BP	GO:0032963	collagen metabolic process	6
GO_BP	GO:0032964	collagen biosynthetic process	12
GO_BP	GO:0032966	negative regulation of collagen biosynthetic process	3
GO_BP	GO:0032967	positive regulation of collagen biosynthetic process	13
GO_BP	GO:0032968	positive regulation of transcription elongation by RNA polymerase II	22
GO_BP	GO:0032970	regulation of actin filament-based process	2
GO_BP	GO:0032972	regulation of muscle filament sliding speed	1
GO_BP	GO:0032973	amino acid export across plasma membrane	1
GO_BP	GO:0032976	release of matrix enzymes from mitochondria	1
GO_BP	GO:0032979	protein insertion into mitochondrial inner membrane from matrix	5
GO_BP	GO:0032980	keratinocyte activation	1
GO_BP	GO:0032981	mitochondrial respiratory chain complex I assembly	36
GO_BP	GO:0032984	protein-containing complex disassembly	1
GO_BP	GO:0032986	protein-DNA complex disassembly	2
GO_BP	GO:0033002	muscle cell proliferation	1
GO_BP	GO:0033003	regulation of mast cell activation	1
GO_BP	GO:0033004	negative regulation of mast cell activation	1
GO_BP	GO:0033005	positive regulation of mast cell activation	1
GO_BP	GO:0033007	negative regulation of mast cell activation involved in immune response	2
GO_BP	GO:0033008	positive regulation of mast cell activation involved in immune response	1
GO_BP	GO:0033023	mast cell homeostasis	1
GO_BP	GO:0033025	regulation of mast cell apoptotic process	1
GO_BP	GO:0033031	positive regulation of neutrophil apoptotic process	2
GO_BP	GO:0033033	negative regulation of myeloid cell apoptotic process	1
GO_BP	GO:0033043	regulation of organelle organization	2
GO_BP	GO:0033044	regulation of chromosome organization	14
GO_BP	GO:0033058	directional locomotion	1
GO_BP	GO:0033059	cellular pigmentation	1
GO_BP	GO:0033077	T cell differentiation in thymus	9
GO_BP	GO:0033081	regulation of T cell differentiation in thymus	2
GO_BP	GO:0033085	negative regulation of T cell differentiation in thymus	3
GO_BP	GO:0033088	negative regulation of immature T cell proliferation in thymus	2
GO_BP	GO:0033089	positive regulation of T cell differentiation in thymus	2
GO_BP	GO:0033092	positive regulation of immature T cell proliferation in thymus	1
GO_BP	GO:0033108	mitochondrial respiratory chain complex assembly	4
GO_BP	GO:0033119	negative regulation of RNA splicing	7
GO_BP	GO:0033120	positive regulation of RNA splicing	13
GO_BP	GO:0033132	negative regulation of glucokinase activity	2
GO_BP	GO:0033135	regulation of peptidyl-serine phosphorylation	1
GO_BP	GO:0033137	negative regulation of peptidyl-serine phosphorylation	4
GO_BP	GO:0033138	positive regulation of peptidyl-serine phosphorylation	14
GO_BP	GO:0033140	negative regulation of peptidyl-serine phosphorylation of STAT protein	1
GO_BP	GO:0033141	positive regulation of peptidyl-serine phosphorylation of STAT protein	1
GO_BP	GO:0033144	negative regulation of intracellular steroid hormone receptor signaling pathway	1
GO_BP	GO:0033146	regulation of intracellular estrogen receptor signaling pathway	7
GO_BP	GO:0033147	negative regulation of intracellular estrogen receptor signaling pathway	10
GO_BP	GO:0033148	positive regulation of intracellular estrogen receptor signaling pathway	7
GO_BP	GO:0033151	V(D)J recombination	3
GO_BP	GO:0033152	immunoglobulin V(D)J recombination	6
GO_BP	GO:0033153	T cell receptor V(D)J recombination	1
GO_BP	GO:0033157	regulation of intracellular protein transport	5
GO_BP	GO:0033173	calcineurin-NFAT signaling cascade	9
GO_BP	GO:0033194	response to hydroperoxide	3
GO_BP	GO:0033198	response to ATP	8
GO_BP	GO:0033209	tumor necrosis factor-mediated signaling pathway	32
GO_BP	GO:0033210	leptin-mediated signaling pathway	4
GO_BP	GO:0033211	adiponectin-activated signaling pathway	4
GO_BP	GO:0033212	iron import into cell	2
GO_BP	GO:0033227	dsRNA transport	1
GO_BP	GO:0033233	regulation of protein sumoylation	1
GO_BP	GO:0033234	negative regulation of protein sumoylation	4
GO_BP	GO:0033235	positive regulation of protein sumoylation	10
GO_BP	GO:0033260	nuclear DNA replication	1
GO_BP	GO:0033262	regulation of nuclear cell cycle DNA replication	1
GO_BP	GO:0033275	actin-myosin filament sliding	1
GO_BP	GO:0033280	response to vitamin D	3
GO_BP	GO:0033292	T-tubule organization	2
GO_BP	GO:0033299	secretion of lysosomal enzymes	1
GO_BP	GO:0033306	phytol metabolic process	2
GO_BP	GO:0033314	mitotic DNA replication checkpoint signaling	5
GO_BP	GO:0033320	UDP-D-xylose biosynthetic process	1
GO_BP	GO:0033326	cerebrospinal fluid secretion	1
GO_BP	GO:0033344	cholesterol efflux	15
GO_BP	GO:0033353	L-methionine cycle	7
GO_BP	GO:0033364	mast cell secretory granule organization	1
GO_BP	GO:0033365	protein localization to organelle	3
GO_BP	GO:0033366	protein localization to secretory granule	1
GO_BP	GO:0033383	geranyl diphosphate metabolic process	1
GO_BP	GO:0033484	intracellular nitric oxide homeostasis	1
GO_BP	GO:0033499	beta-D-galactose catabolic process via UDP-galactose, Leloir pathway	5
GO_BP	GO:0033500	carbohydrate homeostasis	2
GO_BP	GO:0033504	floor plate development	3
GO_BP	GO:0033539	fatty acid beta-oxidation using acyl-CoA dehydrogenase	10
GO_BP	GO:0033540	fatty acid beta-oxidation using acyl-CoA oxidase	9
GO_BP	GO:0033554	cellular response to stress	11
GO_BP	GO:0033555	multicellular organismal response to stress	2
GO_BP	GO:0033559	unsaturated fatty acid metabolic process	1
GO_BP	GO:0033564	anterior/posterior axon guidance	2
GO_BP	GO:0033566	gamma-tubulin complex localization	2
GO_BP	GO:0033567	DNA replication, Okazaki fragment processing	1
GO_BP	GO:0033572	transferrin transport	10
GO_BP	GO:0033574	response to testosterone	1
GO_BP	GO:0033598	mammary gland epithelial cell proliferation	2
GO_BP	GO:0033599	regulation of mammary gland epithelial cell proliferation	1
GO_BP	GO:0033600	negative regulation of mammary gland epithelial cell proliferation	3
GO_BP	GO:0033601	positive regulation of mammary gland epithelial cell proliferation	3
GO_BP	GO:0033602	negative regulation of dopamine secretion	1
GO_BP	GO:0033603	positive regulation of dopamine secretion	1
GO_BP	GO:0033604	negative regulation of catecholamine secretion	1
GO_BP	GO:0033605	positive regulation of catecholamine secretion	3
GO_BP	GO:0033615	mitochondrial proton-transporting ATP synthase complex assembly	7
GO_BP	GO:0033617	mitochondrial respiratory chain complex IV assembly	20
GO_BP	GO:0033619	membrane protein proteolysis	10
GO_BP	GO:0033622	integrin activation	8
GO_BP	GO:0033623	regulation of integrin activation	2
GO_BP	GO:0033624	negative regulation of integrin activation	2
GO_BP	GO:0033625	positive regulation of integrin activation	6
GO_BP	GO:0033626	positive regulation of integrin activation by cell surface receptor linked signal transduction	1
GO_BP	GO:0033627	cell adhesion mediated by integrin	17
GO_BP	GO:0033628	regulation of cell adhesion mediated by integrin	5
GO_BP	GO:0033629	negative regulation of cell adhesion mediated by integrin	9
GO_BP	GO:0033630	positive regulation of cell adhesion mediated by integrin	9
GO_BP	GO:0033631	cell-cell adhesion mediated by integrin	10
GO_BP	GO:0033632	regulation of cell-cell adhesion mediated by integrin	3
GO_BP	GO:0033633	negative regulation of cell-cell adhesion mediated by integrin	1
GO_BP	GO:0033634	positive regulation of cell-cell adhesion mediated by integrin	3
GO_BP	GO:0033673	negative regulation of kinase activity	4
GO_BP	GO:0033674	positive regulation of kinase activity	4
GO_BP	GO:0033687	osteoblast proliferation	1
GO_BP	GO:0033688	regulation of osteoblast proliferation	3
GO_BP	GO:0033689	negative regulation of osteoblast proliferation	7
GO_BP	GO:0033690	positive regulation of osteoblast proliferation	4
GO_BP	GO:0033693	neurofilament bundle assembly	2
GO_BP	GO:0033696	heterochromatin boundary formation	2
GO_BP	GO:0033700	phospholipid efflux	7
GO_BP	GO:0033762	response to glucagon	2
GO_BP	GO:0033864	positive regulation of NAD(P)H oxidase activity	1
GO_BP	GO:0033962	P-body assembly	12
GO_BP	GO:0033993	response to lipid	3
GO_BP	GO:0034058	endosomal vesicle fusion	8
GO_BP	GO:0034063	cytoplasmic stress granule assembly	23
GO_BP	GO:0034067	protein localization to Golgi apparatus	18
GO_BP	GO:0034080	CENP-A containing chromatin assembly	3
GO_BP	GO:0034085	establishment of sister chromatid cohesion	1
GO_BP	GO:0034087	establishment of mitotic sister chromatid cohesion	2
GO_BP	GO:0034088	maintenance of mitotic sister chromatid cohesion	3
GO_BP	GO:0034097	response to cytokine	21
GO_BP	GO:0034101	erythrocyte homeostasis	2
GO_BP	GO:0034103	regulation of tissue remodeling	3
GO_BP	GO:0034109	homotypic cell-cell adhesion	2
GO_BP	GO:0034111	negative regulation of homotypic cell-cell adhesion	1
GO_BP	GO:0034112	positive regulation of homotypic cell-cell adhesion	4
GO_BP	GO:0034113	heterotypic cell-cell adhesion	13
GO_BP	GO:0034115	negative regulation of heterotypic cell-cell adhesion	5
GO_BP	GO:0034116	positive regulation of heterotypic cell-cell adhesion	4
GO_BP	GO:0034121	regulation of toll-like receptor signaling pathway	5
GO_BP	GO:0034122	negative regulation of toll-like receptor signaling pathway	9
GO_BP	GO:0034123	positive regulation of toll-like receptor signaling pathway	2
GO_BP	GO:0034124	regulation of MyD88-dependent toll-like receptor signaling pathway	1
GO_BP	GO:0034125	negative regulation of MyD88-dependent toll-like receptor signaling pathway	4
GO_BP	GO:0034126	positive regulation of MyD88-dependent toll-like receptor signaling pathway	1
GO_BP	GO:0034134	toll-like receptor 2 signaling pathway	5
GO_BP	GO:0034136	negative regulation of toll-like receptor 2 signaling pathway	2
GO_BP	GO:0034137	positive regulation of toll-like receptor 2 signaling pathway	3
GO_BP	GO:0034138	toll-like receptor 3 signaling pathway	10
GO_BP	GO:0034140	negative regulation of toll-like receptor 3 signaling pathway	2
GO_BP	GO:0034141	positive regulation of toll-like receptor 3 signaling pathway	3
GO_BP	GO:0034142	toll-like receptor 4 signaling pathway	19
GO_BP	GO:0034143	regulation of toll-like receptor 4 signaling pathway	3
GO_BP	GO:0034144	negative regulation of toll-like receptor 4 signaling pathway	7
GO_BP	GO:0034145	positive regulation of toll-like receptor 4 signaling pathway	10
GO_BP	GO:0034146	toll-like receptor 5 signaling pathway	1
GO_BP	GO:0034151	regulation of toll-like receptor 6 signaling pathway	1
GO_BP	GO:0034154	toll-like receptor 7 signaling pathway	3
GO_BP	GO:0034157	positive regulation of toll-like receptor 7 signaling pathway	2
GO_BP	GO:0034158	toll-like receptor 8 signaling pathway	1
GO_BP	GO:0034161	positive regulation of toll-like receptor 8 signaling pathway	1
GO_BP	GO:0034162	toll-like receptor 9 signaling pathway	10
GO_BP	GO:0034164	negative regulation of toll-like receptor 9 signaling pathway	5
GO_BP	GO:0034165	positive regulation of toll-like receptor 9 signaling pathway	8
GO_BP	GO:0034184	positive regulation of maintenance of mitotic sister chromatid cohesion	5
GO_BP	GO:0034197	triglyceride transport	2
GO_BP	GO:0034198	cellular response to amino acid starvation	39
GO_BP	GO:0034199	activation of protein kinase A activity	5
GO_BP	GO:0034203	glycolipid translocation	1
GO_BP	GO:0034205	amyloid-beta formation	7
GO_BP	GO:0034213	quinolinate catabolic process	1
GO_BP	GO:0034214	protein hexamerization	12
GO_BP	GO:0034220	monoatomic ion transmembrane transport	52
GO_BP	GO:0034227	tRNA thio-modification	2
GO_BP	GO:0034229	ethanolamine transport	2
GO_BP	GO:0034230	enkephalin processing	1
GO_BP	GO:0034231	islet amyloid polypeptide processing	1
GO_BP	GO:0034238	macrophage fusion	1
GO_BP	GO:0034241	positive regulation of macrophage fusion	2
GO_BP	GO:0034242	negative regulation of syncytium formation by plasma membrane fusion	1
GO_BP	GO:0034243	regulation of transcription elongation by RNA polymerase II	20
GO_BP	GO:0034244	negative regulation of transcription elongation by RNA polymerase II	13
GO_BP	GO:0034260	negative regulation of GTPase activity	11
GO_BP	GO:0034314	Arp2/3 complex-mediated actin nucleation	13
GO_BP	GO:0034315	regulation of Arp2/3 complex-mediated actin nucleation	6
GO_BP	GO:0034316	negative regulation of Arp2/3 complex-mediated actin nucleation	4
GO_BP	GO:0034329	cell junction assembly	6
GO_BP	GO:0034331	cell junction maintenance	1
GO_BP	GO:0034332	adherens junction organization	19
GO_BP	GO:0034333	adherens junction assembly	9
GO_BP	GO:0034334	adherens junction maintenance	4
GO_BP	GO:0034337	RNA folding	1
GO_BP	GO:0034340	response to type I interferon	6
GO_BP	GO:0034341	response to type II interferon	11
GO_BP	GO:0034342	response to type III interferon	1
GO_BP	GO:0034344	regulation of type III interferon production	2
GO_BP	GO:0034351	negative regulation of glial cell apoptotic process	5
GO_BP	GO:0034354	'de novo' NAD+ biosynthetic process from L-tryptophan	3
GO_BP	GO:0034355	NAD+ biosynthetic process via the salvage pathway	3
GO_BP	GO:0034369	plasma lipoprotein particle remodeling	4
GO_BP	GO:0034370	triglyceride-rich lipoprotein particle remodeling	1
GO_BP	GO:0034371	chylomicron remodeling	1
GO_BP	GO:0034372	very-low-density lipoprotein particle remodeling	3
GO_BP	GO:0034374	low-density lipoprotein particle remodeling	5
GO_BP	GO:0034375	high-density lipoprotein particle remodeling	11
GO_BP	GO:0034377	plasma lipoprotein particle assembly	1
GO_BP	GO:0034378	chylomicron assembly	2
GO_BP	GO:0034379	very-low-density lipoprotein particle assembly	6
GO_BP	GO:0034380	high-density lipoprotein particle assembly	6
GO_BP	GO:0034381	plasma lipoprotein particle clearance	3
GO_BP	GO:0034382	chylomicron remnant clearance	2
GO_BP	GO:0034383	low-density lipoprotein particle clearance	10
GO_BP	GO:0034384	high-density lipoprotein particle clearance	3
GO_BP	GO:0034389	lipid droplet organization	11
GO_BP	GO:0034391	regulation of smooth muscle cell apoptotic process	1
GO_BP	GO:0034392	negative regulation of smooth muscle cell apoptotic process	7
GO_BP	GO:0034393	positive regulation of smooth muscle cell apoptotic process	3
GO_BP	GO:0034394	protein localization to cell surface	20
GO_BP	GO:0034398	telomere tethering at nuclear periphery	1
GO_BP	GO:0034405	response to fluid shear stress	5
GO_BP	GO:0034421	post-translational protein acetylation	1
GO_BP	GO:0034436	glycoprotein transport	2
GO_BP	GO:0034440	lipid oxidation	4
GO_BP	GO:0034441	plasma lipoprotein particle oxidation	1
GO_BP	GO:0034446	substrate adhesion-dependent cell spreading	35
GO_BP	GO:0034447	very-low-density lipoprotein particle clearance	4
GO_BP	GO:0034453	microtubule anchoring	8
GO_BP	GO:0034454	microtubule anchoring at centrosome	9
GO_BP	GO:0034462	small-subunit processome assembly	2
GO_BP	GO:0034465	response to carbon monoxide	1
GO_BP	GO:0034472	snRNA 3'-end processing	12
GO_BP	GO:0034473	U1 snRNA 3'-end processing	3
GO_BP	GO:0034474	U2 snRNA 3'-end processing	1
GO_BP	GO:0034475	U4 snRNA 3'-end processing	7
GO_BP	GO:0034476	U5 snRNA 3'-end processing	3
GO_BP	GO:0034477	U6 snRNA 3'-end processing	2
GO_BP	GO:0034478	phosphatidylglycerol catabolic process	1
GO_BP	GO:0034486	vacuolar transmembrane transport	1
GO_BP	GO:0034497	protein localization to phagophore assembly site	14
GO_BP	GO:0034498	early endosome to Golgi transport	11
GO_BP	GO:0034499	late endosome to Golgi transport	5
GO_BP	GO:0034501	protein localization to kinetochore	5
GO_BP	GO:0034502	protein localization to chromosome	3
GO_BP	GO:0034504	protein localization to nucleus	22
GO_BP	GO:0034505	tooth mineralization	1
GO_BP	GO:0034514	mitochondrial unfolded protein response	2
GO_BP	GO:0034517	ribophagy	1
GO_BP	GO:0034551	mitochondrial respiratory chain complex III assembly	11
GO_BP	GO:0034553	mitochondrial respiratory chain complex II assembly	4
GO_BP	GO:0034587	piRNA processing	6
GO_BP	GO:0034589	hydroxyproline transport	1
GO_BP	GO:0034599	cellular response to oxidative stress	73
GO_BP	GO:0034605	cellular response to heat	22
GO_BP	GO:0034612	response to tumor necrosis factor	16
GO_BP	GO:0034614	cellular response to reactive oxygen species	26
GO_BP	GO:0034616	response to laminar fluid shear stress	3
GO_BP	GO:0034620	cellular response to unfolded protein	13
GO_BP	GO:0034625	fatty acid elongation, monounsaturated fatty acid	6
GO_BP	GO:0034626	fatty acid elongation, polyunsaturated fatty acid	6
GO_BP	GO:0034633	retinol transport	1
GO_BP	GO:0034635	glutathione transport	2
GO_BP	GO:0034638	phosphatidylcholine catabolic process	7
GO_BP	GO:0034644	cellular response to UV	36
GO_BP	GO:0034651	cortisol biosynthetic process	1
GO_BP	GO:0034653	retinoic acid catabolic process	1
GO_BP	GO:0034656	nucleobase-containing small molecule catabolic process	1
GO_BP	GO:0034695	response to prostaglandin E	3
GO_BP	GO:0034699	response to luteinizing hormone	1
GO_BP	GO:0034727	piecemeal microautophagy of the nucleus	17
GO_BP	GO:0034728	nucleosome organization	6
GO_BP	GO:0034755	iron ion transmembrane transport	7
GO_BP	GO:0034756	regulation of iron ion transport	1
GO_BP	GO:0034762	regulation of transmembrane transport	1
GO_BP	GO:0034763	negative regulation of transmembrane transport	3
GO_BP	GO:0034765	regulation of monoatomic ion transmembrane transport	1
GO_BP	GO:0034767	positive regulation of monoatomic ion transmembrane transport	2
GO_BP	GO:0034769	basement membrane disassembly	1
GO_BP	GO:0034775	glutathione transmembrane transport	2
GO_BP	GO:0034776	response to histamine	2
GO_BP	GO:0034959	endothelin maturation	1
GO_BP	GO:0034975	protein folding in endoplasmic reticulum	9
GO_BP	GO:0034976	response to endoplasmic reticulum stress	66
GO_BP	GO:0034982	mitochondrial protein processing	5
GO_BP	GO:0034983	peptidyl-lysine deacetylation	2
GO_BP	GO:0035019	somatic stem cell population maintenance	9
GO_BP	GO:0035020	regulation of Rac protein signal transduction	5
GO_BP	GO:0035021	negative regulation of Rac protein signal transduction	3
GO_BP	GO:0035022	positive regulation of Rac protein signal transduction	10
GO_BP	GO:0035023	regulation of Rho protein signal transduction	24
GO_BP	GO:0035024	negative regulation of Rho protein signal transduction	16
GO_BP	GO:0035025	positive regulation of Rho protein signal transduction	21
GO_BP	GO:0035026	leading edge cell differentiation	1
GO_BP	GO:0035036	sperm-egg recognition	5
GO_BP	GO:0035050	embryonic heart tube development	5
GO_BP	GO:0035051	cardiocyte differentiation	1
GO_BP	GO:0035054	embryonic heart tube anterior/posterior pattern specification	1
GO_BP	GO:0035063	nuclear speck organization	3
GO_BP	GO:0035082	axoneme assembly	14
GO_BP	GO:0035089	establishment of apical/basal cell polarity	3
GO_BP	GO:0035092	sperm DNA condensation	6
GO_BP	GO:0035094	response to nicotine	9
GO_BP	GO:0035095	behavioral response to nicotine	5
GO_BP	GO:0035108	limb morphogenesis	5
GO_BP	GO:0035112	genitalia morphogenesis	1
GO_BP	GO:0035115	embryonic forelimb morphogenesis	6
GO_BP	GO:0035116	embryonic hindlimb morphogenesis	4
GO_BP	GO:0035136	forelimb morphogenesis	2
GO_BP	GO:0035148	tube formation	5
GO_BP	GO:0035162	embryonic hemopoiesis	10
GO_BP	GO:0035166	post-embryonic hemopoiesis	2
GO_BP	GO:0035176	social behavior	24
GO_BP	GO:0035194	regulatory ncRNA-mediated post-transcriptional gene silencing	7
GO_BP	GO:0035195	miRNA-mediated post-transcriptional gene silencing	10
GO_BP	GO:0035196	miRNA processing	13
GO_BP	GO:0035212	cell competition in a multicellular organism	1
GO_BP	GO:0035235	ionotropic glutamate receptor signaling pathway	10
GO_BP	GO:0035246	peptidyl-arginine N-methylation	1
GO_BP	GO:0035249	synaptic transmission, glutamatergic	26
GO_BP	GO:0035261	external genitalia morphogenesis	1
GO_BP	GO:0035264	multicellular organism growth	1
GO_BP	GO:0035265	organ growth	2
GO_BP	GO:0035269	protein O-linked glycosylation via mannose	15
GO_BP	GO:0035272	exocrine system development	1
GO_BP	GO:0035278	miRNA-mediated gene silencing by inhibition of translation	17
GO_BP	GO:0035279	miRNA-mediated gene silencing by mRNA destabilization	5
GO_BP	GO:0035281	pre-miRNA export from nucleus	1
GO_BP	GO:0035295	tube development	2
GO_BP	GO:0035303	regulation of dephosphorylation	3
GO_BP	GO:0035305	negative regulation of dephosphorylation	2
GO_BP	GO:0035313	wound healing, spreading of epidermal cells	6
GO_BP	GO:0035315	hair cell differentiation	3
GO_BP	GO:0035329	hippo signaling	20
GO_BP	GO:0035330	regulation of hippo signaling	6
GO_BP	GO:0035331	negative regulation of hippo signaling	23
GO_BP	GO:0035332	positive regulation of hippo signaling	12
GO_BP	GO:0035333	Notch receptor processing, ligand-dependent	1
GO_BP	GO:0035334	Notch receptor processing, ligand-independent	1
GO_BP	GO:0035335	peptidyl-tyrosine dephosphorylation	17
GO_BP	GO:0035336	long-chain fatty-acyl-CoA metabolic process	5
GO_BP	GO:0035338	long-chain fatty-acyl-CoA biosynthetic process	16
GO_BP	GO:0035340	inosine transport	3
GO_BP	GO:0035344	hypoxanthine transport	2
GO_BP	GO:0035348	acetyl-CoA transmembrane transport	1
GO_BP	GO:0035349	coenzyme A transmembrane transport	1
GO_BP	GO:0035351	heme transmembrane transport	1
GO_BP	GO:0035356	intracellular triglyceride homeostasis	7
GO_BP	GO:0035357	peroxisome proliferator activated receptor signaling pathway	4
GO_BP	GO:0035358	regulation of peroxisome proliferator activated receptor signaling pathway	1
GO_BP	GO:0035359	negative regulation of peroxisome proliferator activated receptor signaling pathway	5
GO_BP	GO:0035360	positive regulation of peroxisome proliferator activated receptor signaling pathway	5
GO_BP	GO:0035364	thymine transport	2
GO_BP	GO:0035372	protein localization to microtubule	8
GO_BP	GO:0035377	transepithelial water transport	2
GO_BP	GO:0035378	carbon dioxide transmembrane transport	1
GO_BP	GO:0035385	Roundabout signaling pathway	5
GO_BP	GO:0035418	protein localization to synapse	14
GO_BP	GO:0035425	autocrine signaling	6
GO_BP	GO:0035426	extracellular matrix-cell signaling	1
GO_BP	GO:0035434	copper ion transmembrane transport	1
GO_BP	GO:0035435	phosphate ion transmembrane transport	7
GO_BP	GO:0035437	maintenance of protein localization in endoplasmic reticulum	4
GO_BP	GO:0035441	cell migration involved in vasculogenesis	2
GO_BP	GO:0035455	response to interferon-alpha	3
GO_BP	GO:0035456	response to interferon-beta	3
GO_BP	GO:0035457	cellular response to interferon-alpha	6
GO_BP	GO:0035458	cellular response to interferon-beta	10
GO_BP	GO:0035459	vesicle cargo loading	5
GO_BP	GO:0035461	vitamin transmembrane transport	1
GO_BP	GO:0035469	determination of pancreatic left/right asymmetry	3
GO_BP	GO:0035470	positive regulation of vascular wound healing	4
GO_BP	GO:0035491	positive regulation of leukotriene production involved in inflammatory response	1
GO_BP	GO:0035493	SNARE complex assembly	10
GO_BP	GO:0035494	SNARE complex disassembly	2
GO_BP	GO:0035498	carnosine metabolic process	1
GO_BP	GO:0035499	carnosine biosynthetic process	1
GO_BP	GO:0035502	metanephric part of ureteric bud development	2
GO_BP	GO:0035513	oxidative RNA demethylation	3
GO_BP	GO:0035519	protein K29-linked ubiquitination	7
GO_BP	GO:0035520	monoubiquitinated protein deubiquitination	7
GO_BP	GO:0035523	protein K29-linked deubiquitination	3
GO_BP	GO:0035524	proline transmembrane transport	2
GO_BP	GO:0035526	retrograde transport, plasma membrane to Golgi	2
GO_BP	GO:0035542	regulation of SNARE complex assembly	3
GO_BP	GO:0035543	positive regulation of SNARE complex assembly	1
GO_BP	GO:0035544	negative regulation of SNARE complex assembly	1
GO_BP	GO:0035556	intracellular signal transduction	252
GO_BP	GO:0035562	negative regulation of chromatin binding	2
GO_BP	GO:0035563	positive regulation of chromatin binding	5
GO_BP	GO:0035564	regulation of kidney size	1
GO_BP	GO:0035567	non-canonical Wnt signaling pathway	25
GO_BP	GO:0035572	N-terminal peptidyl-serine dimethylation	1
GO_BP	GO:0035573	N-terminal peptidyl-serine trimethylation	1
GO_BP	GO:0035589	G protein-coupled purinergic nucleotide receptor signaling pathway	2
GO_BP	GO:0035590	purinergic nucleotide receptor signaling pathway	3
GO_BP	GO:0035592	establishment of protein localization to extracellular region	2
GO_BP	GO:0035602	fibroblast growth factor receptor signaling pathway involved in negative regulation of apoptotic process in bone marrow cell	1
GO_BP	GO:0035603	fibroblast growth factor receptor signaling pathway involved in hemopoiesis	1
GO_BP	GO:0035604	fibroblast growth factor receptor signaling pathway involved in positive regulation of cell proliferation in bone marrow	1
GO_BP	GO:0035607	fibroblast growth factor receptor signaling pathway involved in orbitofrontal cortex development	1
GO_BP	GO:0035610	protein side chain deglutamylation	1
GO_BP	GO:0035617	cytoplasmic stress granule disassembly	7
GO_BP	GO:0035621	ER to Golgi ceramide transport	2
GO_BP	GO:0035627	ceramide transport	6
GO_BP	GO:0035630	bone mineralization involved in bone maturation	2
GO_BP	GO:0035633	maintenance of blood-brain barrier	5
GO_BP	GO:0035640	exploration behavior	4
GO_BP	GO:0035641	locomotory exploration behavior	2
GO_BP	GO:0035645	enteric smooth muscle cell differentiation	1
GO_BP	GO:0035646	endosome to melanosome transport	8
GO_BP	GO:0035655	interleukin-18-mediated signaling pathway	4
GO_BP	GO:0035665	TIRAP-dependent toll-like receptor 4 signaling pathway	1
GO_BP	GO:0035666	TRIF-dependent toll-like receptor signaling pathway	8
GO_BP	GO:0035669	TRAM-dependent toll-like receptor 4 signaling pathway	2
GO_BP	GO:0035672	oligopeptide transmembrane transport	3
GO_BP	GO:0035677	posterior lateral line neuromast hair cell development	1
GO_BP	GO:0035683	memory T cell extravasation	1
GO_BP	GO:0035694	mitochondrial protein catabolic process	7
GO_BP	GO:0035696	monocyte extravasation	2
GO_BP	GO:0035701	hematopoietic stem cell migration	2
GO_BP	GO:0035702	monocyte homeostasis	1
GO_BP	GO:0035705	T-helper 17 cell chemotaxis	1
GO_BP	GO:0035710	CD4-positive, alpha-beta T cell activation	2
GO_BP	GO:0035711	T-helper 1 cell activation	1
GO_BP	GO:0035720	intraciliary anterograde transport	9
GO_BP	GO:0035721	intraciliary retrograde transport	16
GO_BP	GO:0035722	interleukin-12-mediated signaling pathway	4
GO_BP	GO:0035723	interleukin-15-mediated signaling pathway	8
GO_BP	GO:0035725	sodium ion transmembrane transport	58
GO_BP	GO:0035726	common myeloid progenitor cell proliferation	2
GO_BP	GO:0035729	cellular response to hepatocyte growth factor stimulus	6
GO_BP	GO:0035735	intraciliary transport involved in cilium assembly	7
GO_BP	GO:0035747	natural killer cell chemotaxis	2
GO_BP	GO:0035752	lysosomal lumen pH elevation	3
GO_BP	GO:0035754	B cell chemotaxis	3
GO_BP	GO:0035759	mesangial cell-matrix adhesion	1
GO_BP	GO:0035767	endothelial cell chemotaxis	9
GO_BP	GO:0035771	interleukin-4-mediated signaling pathway	5
GO_BP	GO:0035772	interleukin-13-mediated signaling pathway	3
GO_BP	GO:0035773	insulin secretion involved in cellular response to glucose stimulus	5
GO_BP	GO:0035774	positive regulation of insulin secretion involved in cellular response to glucose stimulus	12
GO_BP	GO:0035783	CD4-positive, alpha-beta T cell costimulation	1
GO_BP	GO:0035787	cell migration involved in kidney development	1
GO_BP	GO:0035790	platelet-derived growth factor receptor-alpha signaling pathway	1
GO_BP	GO:0035791	platelet-derived growth factor receptor-beta signaling pathway	5
GO_BP	GO:0035793	positive regulation of metanephric mesenchymal cell migration by platelet-derived growth factor receptor-beta signaling pathway	3
GO_BP	GO:0035802	adrenal cortex formation	1
GO_BP	GO:0035809	regulation of urine volume	1
GO_BP	GO:0035810	positive regulation of urine volume	4
GO_BP	GO:0035811	negative regulation of urine volume	1
GO_BP	GO:0035815	positive regulation of renal sodium excretion	1
GO_BP	GO:0035825	homologous recombination	2
GO_BP	GO:0035845	photoreceptor cell outer segment organization	4
GO_BP	GO:0035853	chromosome passenger complex localization to spindle midzone	1
GO_BP	GO:0035854	eosinophil fate commitment	1
GO_BP	GO:0035855	megakaryocyte development	5
GO_BP	GO:0035860	glial cell-derived neurotrophic factor receptor signaling pathway	7
GO_BP	GO:0035865	cellular response to potassium ion	6
GO_BP	GO:0035871	protein K11-linked deubiquitination	9
GO_BP	GO:0035872	nucleotide-binding domain, leucine rich repeat containing receptor signaling pathway	6
GO_BP	GO:0035873	lactate transmembrane transport	2
GO_BP	GO:0035878	nail development	2
GO_BP	GO:0035879	plasma membrane lactate transport	2
GO_BP	GO:0035880	embryonic nail plate morphogenesis	1
GO_BP	GO:0035881	amacrine cell differentiation	2
GO_BP	GO:0035883	enteroendocrine cell differentiation	1
GO_BP	GO:0035886	vascular associated smooth muscle cell differentiation	1
GO_BP	GO:0035904	aorta development	6
GO_BP	GO:0035909	aorta morphogenesis	7
GO_BP	GO:0035910	ascending aorta morphogenesis	4
GO_BP	GO:0035912	dorsal aorta morphogenesis	7
GO_BP	GO:0035914	skeletal muscle cell differentiation	2
GO_BP	GO:0035924	cellular response to vascular endothelial growth factor stimulus	25
GO_BP	GO:0035927	RNA import into mitochondrion	1
GO_BP	GO:0035928	rRNA import into mitochondrion	3
GO_BP	GO:0035945	mitochondrial ncRNA surveillance	1
GO_BP	GO:0035946	mitochondrial mRNA surveillance	1
GO_BP	GO:0035963	cellular response to interleukin-13	1
GO_BP	GO:0035964	COPI-coated vesicle budding	1
GO_BP	GO:0035965	cardiolipin acyl-chain remodeling	4
GO_BP	GO:0035967	cellular response to topologically incorrect protein	1
GO_BP	GO:0035970	peptidyl-threonine dephosphorylation	8
GO_BP	GO:0035973	aggrephagy	6
GO_BP	GO:0035984	cellular response to trichostatin A	1
GO_BP	GO:0035987	endodermal cell differentiation	22
GO_BP	GO:0035988	chondrocyte proliferation	4
GO_BP	GO:0035989	tendon development	1
GO_BP	GO:0035990	tendon cell differentiation	2
GO_BP	GO:0035992	tendon formation	1
GO_BP	GO:0035993	deltoid tuberosity development	2
GO_BP	GO:0035994	response to muscle stretch	6
GO_BP	GO:0035995	detection of muscle stretch	4
GO_BP	GO:0035999	tetrahydrofolate interconversion	5
GO_BP	GO:0036006	cellular response to macrophage colony-stimulating factor stimulus	4
GO_BP	GO:0036010	protein localization to endosome	7
GO_BP	GO:0036016	cellular response to interleukin-3	3
GO_BP	GO:0036023	embryonic skeletal limb joint morphogenesis	2
GO_BP	GO:0036035	osteoclast development	3
GO_BP	GO:0036046	protein demalonylation	1
GO_BP	GO:0036047	peptidyl-lysine demalonylation	1
GO_BP	GO:0036048	protein desuccinylation	1
GO_BP	GO:0036049	peptidyl-lysine desuccinylation	1
GO_BP	GO:0036060	slit diaphragm assembly	1
GO_BP	GO:0036066	protein O-linked glycosylation via fucose	3
GO_BP	GO:0036085	GDP-fucose import into Golgi lumen	1
GO_BP	GO:0036088	D-serine catabolic process	1
GO_BP	GO:0036089	cleavage furrow formation	6
GO_BP	GO:0036090	cleavage furrow ingression	1
GO_BP	GO:0036092	phosphatidylinositol-3-phosphate biosynthetic process	12
GO_BP	GO:0036102	leukotriene B4 metabolic process	1
GO_BP	GO:0036109	alpha-linolenic acid metabolic process	8
GO_BP	GO:0036111	very long-chain fatty-acyl-CoA metabolic process	1
GO_BP	GO:0036112	medium-chain fatty-acyl-CoA metabolic process	1
GO_BP	GO:0036113	very long-chain fatty-acyl-CoA catabolic process	1
GO_BP	GO:0036114	medium-chain fatty-acyl-CoA catabolic process	3
GO_BP	GO:0036115	fatty-acyl-CoA catabolic process	1
GO_BP	GO:0036116	long-chain fatty-acyl-CoA catabolic process	1
GO_BP	GO:0036119	response to platelet-derived growth factor	1
GO_BP	GO:0036120	cellular response to platelet-derived growth factor stimulus	8
GO_BP	GO:0036145	dendritic cell homeostasis	1
GO_BP	GO:0036148	phosphatidylglycerol acyl-chain remodeling	3
GO_BP	GO:0036149	phosphatidylinositol acyl-chain remodeling	3
GO_BP	GO:0036150	phosphatidylserine acyl-chain remodeling	7
GO_BP	GO:0036151	phosphatidylcholine acyl-chain remodeling	7
GO_BP	GO:0036152	phosphatidylethanolamine acyl-chain remodeling	6
GO_BP	GO:0036153	triglyceride acyl-chain remodeling	1
GO_BP	GO:0036155	acylglycerol acyl-chain remodeling	2
GO_BP	GO:0036158	outer dynein arm assembly	10
GO_BP	GO:0036159	inner dynein arm assembly	8
GO_BP	GO:0036179	osteoclast maturation	1
GO_BP	GO:0036197	zymosterol biosynthetic process	1
GO_BP	GO:0036198	dTMP salvage	1
GO_BP	GO:0036211	protein modification process	45
GO_BP	GO:0036213	contractile ring contraction	1
GO_BP	GO:0036228	protein localization to nuclear inner membrane	3
GO_BP	GO:0036250	peroxisome transport along microtubule	1
GO_BP	GO:0036255	response to methylamine	1
GO_BP	GO:0036257	multivesicular body organization	1
GO_BP	GO:0036258	multivesicular body assembly	18
GO_BP	GO:0036261	7-methylguanosine cap hypermethylation	1
GO_BP	GO:0036265	RNA (guanine-N7)-methylation	1
GO_BP	GO:0036289	peptidyl-serine autophosphorylation	3
GO_BP	GO:0036294	cellular response to decreased oxygen levels	3
GO_BP	GO:0036295	cellular response to increased oxygen levels	5
GO_BP	GO:0036297	interstrand cross-link repair	21
GO_BP	GO:0036298	recombinational interstrand cross-link repair	2
GO_BP	GO:0036302	atrioventricular canal development	5
GO_BP	GO:0036303	lymph vessel morphogenesis	2
GO_BP	GO:0036304	umbilical cord morphogenesis	2
GO_BP	GO:0036309	protein localization to M-band	1
GO_BP	GO:0036315	cellular response to sterol	3
GO_BP	GO:0036316	SREBP-SCAP complex retention in endoplasmic reticulum	2
GO_BP	GO:0036323	vascular endothelial growth factor receptor-1 signaling pathway	1
GO_BP	GO:0036324	vascular endothelial growth factor receptor-2 signaling pathway	6
GO_BP	GO:0036325	vascular endothelial growth factor receptor-3 signaling pathway	1
GO_BP	GO:0036335	intestinal stem cell homeostasis	3
GO_BP	GO:0036336	dendritic cell migration	2
GO_BP	GO:0036337	Fas signaling pathway	1
GO_BP	GO:0036343	psychomotor behavior	1
GO_BP	GO:0036344	platelet morphogenesis	1
GO_BP	GO:0036359	renal potassium excretion	1
GO_BP	GO:0036368	photoresponse recovery	2
GO_BP	GO:0036371	protein localization to T-tubule	1
GO_BP	GO:0036372	opsin transport	1
GO_BP	GO:0036376	sodium ion export across plasma membrane	13
GO_BP	GO:0036416	tRNA stabilization	3
GO_BP	GO:0036438	maintenance of lens transparency	5
GO_BP	GO:0036444	calcium import into the mitochondrion	12
GO_BP	GO:0036446	myofibroblast differentiation	1
GO_BP	GO:0036462	TRAIL-activated apoptotic signaling pathway	6
GO_BP	GO:0036465	synaptic vesicle recycling	9
GO_BP	GO:0036471	cellular response to glyoxal	1
GO_BP	GO:0036480	neuron intrinsic apoptotic signaling pathway in response to oxidative stress	1
GO_BP	GO:0036481	intrinsic apoptotic signaling pathway in response to hydrogen peroxide	2
GO_BP	GO:0036490	regulation of translation in response to endoplasmic reticulum stress	1
GO_BP	GO:0036491	regulation of translation initiation in response to endoplasmic reticulum stress	2
GO_BP	GO:0036493	positive regulation of translation in response to endoplasmic reticulum stress	3
GO_BP	GO:0036494	positive regulation of translation initiation in response to endoplasmic reticulum stress	1
GO_BP	GO:0036498	IRE1-mediated unfolded protein response	8
GO_BP	GO:0036499	PERK-mediated unfolded protein response	7
GO_BP	GO:0036500	ATF6-mediated unfolded protein response	5
GO_BP	GO:0036503	ERAD pathway	74
GO_BP	GO:0036510	trimming of terminal mannose on C branch	2
GO_BP	GO:0036514	dopaminergic neuron axon guidance	3
GO_BP	GO:0036515	serotonergic neuron axon guidance	3
GO_BP	GO:0036516	chemoattraction of dopaminergic neuron axon	1
GO_BP	GO:0036517	chemoattraction of serotonergic neuron axon	1
GO_BP	GO:0036518	chemorepulsion of dopaminergic neuron axon	2
GO_BP	GO:0036525	protein deglycation	1
GO_BP	GO:0038001	paracrine signaling	4
GO_BP	GO:0038003	G protein-coupled opioid receptor signaling pathway	4
GO_BP	GO:0038007	netrin-activated signaling pathway	3
GO_BP	GO:0038016	insulin receptor internalization	1
GO_BP	GO:0038018	Wnt receptor catabolic process	2
GO_BP	GO:0038020	insulin receptor recycling	1
GO_BP	GO:0038026	reelin-mediated signaling pathway	8
GO_BP	GO:0038027	apolipoprotein A-I-mediated signaling pathway	4
GO_BP	GO:0038033	positive regulation of endothelial cell chemotaxis by VEGF-activated vascular endothelial growth factor receptor signaling pathway	1
GO_BP	GO:0038035	ligand-independent adenylate cyclase-activating G protein-coupled receptor signaling pathway	2
GO_BP	GO:0038043	interleukin-5-mediated signaling pathway	3
GO_BP	GO:0038060	nitric oxide-cGMP-mediated signaling	12
GO_BP	GO:0038061	non-canonical NF-kappaB signal transduction	15
GO_BP	GO:0038063	collagen-activated tyrosine kinase receptor signaling pathway	4
GO_BP	GO:0038065	collagen-activated signaling pathway	2
GO_BP	GO:0038066	p38MAPK cascade	12
GO_BP	GO:0038083	peptidyl-tyrosine autophosphorylation	5
GO_BP	GO:0038084	vascular endothelial growth factor signaling pathway	14
GO_BP	GO:0038091	positive regulation of cell proliferation by VEGF-activated platelet derived growth factor receptor signaling pathway	3
GO_BP	GO:0038092	nodal signaling pathway	6
GO_BP	GO:0038093	Fc receptor signaling pathway	1
GO_BP	GO:0038094	Fc-gamma receptor signaling pathway	3
GO_BP	GO:0038095	Fc-epsilon receptor signaling pathway	21
GO_BP	GO:0038096	Fc-gamma receptor signaling pathway involved in phagocytosis	18
GO_BP	GO:0038097	positive regulation of mast cell activation by Fc-epsilon receptor signaling pathway	1
GO_BP	GO:0038108	negative regulation of appetite by leptin-mediated signaling pathway	3
GO_BP	GO:0038109	Kit signaling pathway	2
GO_BP	GO:0038110	interleukin-2-mediated signaling pathway	5
GO_BP	GO:0038111	interleukin-7-mediated signaling pathway	4
GO_BP	GO:0038113	interleukin-9-mediated signaling pathway	6
GO_BP	GO:0038116	chemokine (C-C motif) ligand 21 signaling pathway	2
GO_BP	GO:0038123	toll-like receptor TLR1:TLR2 signaling pathway	2
GO_BP	GO:0038124	toll-like receptor TLR6:TLR2 signaling pathway	3
GO_BP	GO:0038127	ERBB signaling pathway	4
GO_BP	GO:0038128	ERBB2 signaling pathway	5
GO_BP	GO:0038129	ERBB3 signaling pathway	1
GO_BP	GO:0038130	ERBB4 signaling pathway	4
GO_BP	GO:0038133	ERBB2-ERBB3 signaling pathway	2
GO_BP	GO:0038134	ERBB2-EGFR signaling pathway	4
GO_BP	GO:0038135	ERBB2-ERBB4 signaling pathway	1
GO_BP	GO:0038138	ERBB4-ERBB4 signaling pathway	3
GO_BP	GO:0038145	macrophage colony-stimulating factor signaling pathway	1
GO_BP	GO:0038146	chemokine (C-X-C motif) ligand 12 signaling pathway	3
GO_BP	GO:0038154	interleukin-11-mediated signaling pathway	3
GO_BP	GO:0038155	interleukin-23-mediated signaling pathway	4
GO_BP	GO:0038156	interleukin-3-mediated signaling pathway	4
GO_BP	GO:0038157	granulocyte-macrophage colony-stimulating factor signaling pathway	1
GO_BP	GO:0038158	granulocyte colony-stimulating factor signaling pathway	3
GO_BP	GO:0038159	C-X-C chemokine receptor CXCR4 signaling pathway	1
GO_BP	GO:0038160	CXCL12-activated CXCR4 signaling pathway	5
GO_BP	GO:0038161	prolactin signaling pathway	1
GO_BP	GO:0038162	erythropoietin-mediated signaling pathway	4
GO_BP	GO:0038163	thrombopoietin-mediated signaling pathway	6
GO_BP	GO:0038165	oncostatin-M-mediated signaling pathway	7
GO_BP	GO:0038166	angiotensin-activated signaling pathway	7
GO_BP	GO:0038171	cannabinoid signaling pathway	1
GO_BP	GO:0038172	interleukin-33-mediated signaling pathway	7
GO_BP	GO:0038173	interleukin-17A-mediated signaling pathway	5
GO_BP	GO:0038178	complement component C5a signaling pathway	1
GO_BP	GO:0038180	nerve growth factor signaling pathway	9
GO_BP	GO:0038184	adenylate cyclase-activating G protein-coupled bile acid receptor signaling pathway	1
GO_BP	GO:0038188	cholecystokinin signaling pathway	2
GO_BP	GO:0038189	neuropilin signaling pathway	3
GO_BP	GO:0038190	VEGF-activated neuropilin signaling pathway	2
GO_BP	GO:0038192	gastric inhibitory peptide signaling pathway	1
GO_BP	GO:0038202	TORC1 signaling	11
GO_BP	GO:0038203	TORC2 signaling	9
GO_BP	GO:0039019	pronephric nephron development	1
GO_BP	GO:0039529	RIG-I signaling pathway	4
GO_BP	GO:0039530	MDA-5 signaling pathway	2
GO_BP	GO:0039532	negative regulation of cytoplasmic pattern recognition receptor signaling pathway	6
GO_BP	GO:0039534	negative regulation of MDA-5 signaling pathway	4
GO_BP	GO:0039535	regulation of RIG-I signaling pathway	3
GO_BP	GO:0039536	negative regulation of RIG-I signaling pathway	8
GO_BP	GO:0039585	PKR/eIFalpha signaling	1
GO_BP	GO:0039694	viral RNA genome replication	2
GO_BP	GO:0039695	DNA-templated viral transcription	1
GO_BP	GO:0039702	viral budding via host ESCRT complex	17
GO_BP	GO:0040001	establishment of mitotic spindle localization	4
GO_BP	GO:0040010	positive regulation of growth rate	1
GO_BP	GO:0040011	locomotion	3
GO_BP	GO:0040012	regulation of locomotion	2
GO_BP	GO:0040014	regulation of multicellular organism growth	7
GO_BP	GO:0040015	negative regulation of multicellular organism growth	2
GO_BP	GO:0040016	embryonic cleavage	1
GO_BP	GO:0040018	positive regulation of multicellular organism growth	3
GO_BP	GO:0040019	positive regulation of embryonic development	8
GO_BP	GO:0040029	epigenetic regulation of gene expression	26
GO_BP	GO:0040031	snRNA modification	1
GO_BP	GO:0040036	regulation of fibroblast growth factor receptor signaling pathway	3
GO_BP	GO:0040037	negative regulation of fibroblast growth factor receptor signaling pathway	10
GO_BP	GO:0040038	polar body extrusion after meiotic divisions	3
GO_BP	GO:0042023	DNA endoreduplication	1
GO_BP	GO:0042026	protein refolding	17
GO_BP	GO:0042045	epithelial fluid transport	1
GO_BP	GO:0042048	olfactory behavior	1
GO_BP	GO:0042053	regulation of dopamine metabolic process	3
GO_BP	GO:0042058	regulation of epidermal growth factor receptor signaling pathway	8
GO_BP	GO:0042059	negative regulation of epidermal growth factor receptor signaling pathway	18
GO_BP	GO:0042060	wound healing	34
GO_BP	GO:0042063	gliogenesis	4
GO_BP	GO:0042073	intraciliary transport	18
GO_BP	GO:0042074	cell migration involved in gastrulation	2
GO_BP	GO:0042088	T-helper 1 type immune response	2
GO_BP	GO:0042092	type 2 immune response	3
GO_BP	GO:0042093	T-helper cell differentiation	4
GO_BP	GO:0042098	T cell proliferation	5
GO_BP	GO:0042100	B cell proliferation	9
GO_BP	GO:0042102	positive regulation of T cell proliferation	12
GO_BP	GO:0042104	positive regulation of activated T cell proliferation	7
GO_BP	GO:0042110	T cell activation	29
GO_BP	GO:0042113	B cell activation	18
GO_BP	GO:0042116	macrophage activation	5
GO_BP	GO:0042117	monocyte activation	3
GO_BP	GO:0042118	endothelial cell activation	6
GO_BP	GO:0042119	neutrophil activation	5
GO_BP	GO:0042126	nitrate metabolic process	1
GO_BP	GO:0042127	regulation of cell population proliferation	61
GO_BP	GO:0042129	regulation of T cell proliferation	2
GO_BP	GO:0042130	negative regulation of T cell proliferation	9
GO_BP	GO:0042138	meiotic DNA double-strand break formation	2
GO_BP	GO:0042144	vacuole fusion, non-autophagic	1
GO_BP	GO:0042147	retrograde transport, endosome to Golgi	64
GO_BP	GO:0042148	DNA strand invasion	3
GO_BP	GO:0042149	cellular response to glucose starvation	42
GO_BP	GO:0042157	lipoprotein metabolic process	1
GO_BP	GO:0042158	lipoprotein biosynthetic process	1
GO_BP	GO:0042159	lipoprotein catabolic process	1
GO_BP	GO:0042167	heme catabolic process	4
GO_BP	GO:0042168	heme metabolic process	2
GO_BP	GO:0042176	regulation of protein catabolic process	12
GO_BP	GO:0042177	negative regulation of protein catabolic process	27
GO_BP	GO:0042178	xenobiotic catabolic process	12
GO_BP	GO:0042180	ketone metabolic process	1
GO_BP	GO:0042181	ketone biosynthetic process	1
GO_BP	GO:0042219	modified amino acid catabolic process	1
GO_BP	GO:0042220	response to cocaine	2
GO_BP	GO:0042245	RNA repair	1
GO_BP	GO:0042246	tissue regeneration	5
GO_BP	GO:0042249	establishment of planar polarity of embryonic epithelium	1
GO_BP	GO:0042254	ribosome biogenesis	15
GO_BP	GO:0042255	ribosome assembly	5
GO_BP	GO:0042256	cytosolic ribosome assembly	5
GO_BP	GO:0042262	DNA protection	4
GO_BP	GO:0042267	natural killer cell mediated cytotoxicity	10
GO_BP	GO:0042269	regulation of natural killer cell mediated cytotoxicity	1
GO_BP	GO:0042271	susceptibility to natural killer cell mediated cytotoxicity	2
GO_BP	GO:0042273	ribosomal large subunit biogenesis	26
GO_BP	GO:0042274	ribosomal small subunit biogenesis	56
GO_BP	GO:0042276	error-prone translesion synthesis	9
GO_BP	GO:0042278	purine nucleoside metabolic process	3
GO_BP	GO:0042297	vocal learning	4
GO_BP	GO:0042304	regulation of fatty acid biosynthetic process	3
GO_BP	GO:0042306	regulation of protein import into nucleus	2
GO_BP	GO:0042307	positive regulation of protein import into nucleus	26
GO_BP	GO:0042308	negative regulation of protein import into nucleus	11
GO_BP	GO:0042310	vasoconstriction	4
GO_BP	GO:0042311	vasodilation	13
GO_BP	GO:0042313	protein kinase C deactivation	1
GO_BP	GO:0042320	regulation of circadian sleep/wake cycle, REM sleep	1
GO_BP	GO:0042325	regulation of phosphorylation	3
GO_BP	GO:0042326	negative regulation of phosphorylation	5
GO_BP	GO:0042327	positive regulation of phosphorylation	9
GO_BP	GO:0042339	keratan sulfate proteoglycan metabolic process	1
GO_BP	GO:0042340	keratan sulfate proteoglycan catabolic process	1
GO_BP	GO:0042350	GDP-L-fucose biosynthetic process	4
GO_BP	GO:0042351	'de novo' GDP-L-fucose biosynthetic process	1
GO_BP	GO:0042352	GDP-L-fucose salvage	2
GO_BP	GO:0042357	thiamine diphosphate metabolic process	1
GO_BP	GO:0042359	vitamin D metabolic process	4
GO_BP	GO:0042360	vitamin E metabolic process	2
GO_BP	GO:0042371	vitamin K biosynthetic process	1
GO_BP	GO:0042373	vitamin K metabolic process	6
GO_BP	GO:0042391	regulation of membrane potential	37
GO_BP	GO:0042403	thyroid hormone metabolic process	5
GO_BP	GO:0042404	thyroid hormone catabolic process	2
GO_BP	GO:0042407	cristae formation	14
GO_BP	GO:0042412	taurine biosynthetic process	3
GO_BP	GO:0042413	carnitine catabolic process	1
GO_BP	GO:0042414	epinephrine metabolic process	1
GO_BP	GO:0042415	norepinephrine metabolic process	2
GO_BP	GO:0042416	dopamine biosynthetic process	6
GO_BP	GO:0042417	dopamine metabolic process	4
GO_BP	GO:0042418	epinephrine biosynthetic process	1
GO_BP	GO:0042420	dopamine catabolic process	4
GO_BP	GO:0042421	norepinephrine biosynthetic process	3
GO_BP	GO:0042424	catecholamine catabolic process	1
GO_BP	GO:0042426	choline catabolic process	3
GO_BP	GO:0042427	serotonin biosynthetic process	1
GO_BP	GO:0042428	serotonin metabolic process	5
GO_BP	GO:0042429	serotonin catabolic process	1
GO_BP	GO:0042438	melanin biosynthetic process	2
GO_BP	GO:0042445	hormone metabolic process	3
GO_BP	GO:0042446	hormone biosynthetic process	3
GO_BP	GO:0042447	hormone catabolic process	4
GO_BP	GO:0042448	progesterone metabolic process	1
GO_BP	GO:0042461	photoreceptor cell development	2
GO_BP	GO:0042462	eye photoreceptor cell development	6
GO_BP	GO:0042471	ear morphogenesis	2
GO_BP	GO:0042472	inner ear morphogenesis	9
GO_BP	GO:0042473	outer ear morphogenesis	2
GO_BP	GO:0042474	middle ear morphogenesis	3
GO_BP	GO:0042475	odontogenesis of dentin-containing tooth	12
GO_BP	GO:0042476	odontogenesis	9
GO_BP	GO:0042478	regulation of eye photoreceptor cell development	1
GO_BP	GO:0042481	regulation of odontogenesis	2
GO_BP	GO:0042482	positive regulation of odontogenesis	3
GO_BP	GO:0042490	mechanoreceptor differentiation	1
GO_BP	GO:0042491	inner ear auditory receptor cell differentiation	1
GO_BP	GO:0042492	gamma-delta T cell differentiation	2
GO_BP	GO:0042494	detection of bacterial lipoprotein	1
GO_BP	GO:0042495	detection of triacyl bacterial lipopeptide	1
GO_BP	GO:0042496	detection of diacyl bacterial lipopeptide	1
GO_BP	GO:0042509	regulation of tyrosine phosphorylation of STAT protein	1
GO_BP	GO:0042531	positive regulation of tyrosine phosphorylation of STAT protein	15
GO_BP	GO:0042532	negative regulation of tyrosine phosphorylation of STAT protein	3
GO_BP	GO:0042541	hemoglobin biosynthetic process	3
GO_BP	GO:0042542	response to hydrogen peroxide	6
GO_BP	GO:0042551	neuron maturation	7
GO_BP	GO:0042552	myelination	25
GO_BP	GO:0042554	superoxide anion generation	9
GO_BP	GO:0042559	pteridine-containing compound biosynthetic process	1
GO_BP	GO:0042572	retinol metabolic process	6
GO_BP	GO:0042573	retinoic acid metabolic process	4
GO_BP	GO:0042574	retinal metabolic process	5
GO_BP	GO:0042590	antigen processing and presentation of exogenous peptide antigen via MHC class I	2
GO_BP	GO:0042592	homeostatic process	1
GO_BP	GO:0042593	glucose homeostasis	50
GO_BP	GO:0042594	response to starvation	14
GO_BP	GO:0042632	cholesterol homeostasis	55
GO_BP	GO:0042634	regulation of hair cycle	4
GO_BP	GO:0042635	positive regulation of hair cycle	1
GO_BP	GO:0042636	negative regulation of hair cycle	1
GO_BP	GO:0042660	positive regulation of cell fate specification	1
GO_BP	GO:0042666	negative regulation of ectodermal cell fate specification	1
GO_BP	GO:0042692	muscle cell differentiation	10
GO_BP	GO:0042693	muscle cell fate commitment	1
GO_BP	GO:0042698	ovulation cycle	2
GO_BP	GO:0042701	progesterone secretion	1
GO_BP	GO:0042704	uterine wall breakdown	2
GO_BP	GO:0042711	maternal behavior	1
GO_BP	GO:0042723	thiamine-containing compound metabolic process	3
GO_BP	GO:0042730	fibrinolysis	3
GO_BP	GO:0042733	embryonic digit morphogenesis	16
GO_BP	GO:0042742	defense response to bacterium	36
GO_BP	GO:0042743	hydrogen peroxide metabolic process	1
GO_BP	GO:0042744	hydrogen peroxide catabolic process	9
GO_BP	GO:0042749	regulation of circadian sleep/wake cycle	1
GO_BP	GO:0042752	regulation of circadian rhythm	53
GO_BP	GO:0042753	positive regulation of circadian rhythm	10
GO_BP	GO:0042754	negative regulation of circadian rhythm	6
GO_BP	GO:0042755	eating behavior	3
GO_BP	GO:0042756	drinking behavior	3
GO_BP	GO:0042758	long-chain fatty acid catabolic process	3
GO_BP	GO:0042759	long-chain fatty acid biosynthetic process	6
GO_BP	GO:0042760	very long-chain fatty acid catabolic process	4
GO_BP	GO:0042761	very long-chain fatty acid biosynthetic process	11
GO_BP	GO:0042770	signal transduction in response to DNA damage	17
GO_BP	GO:0042771	intrinsic apoptotic signaling pathway in response to DNA damage by p53 class mediator	20
GO_BP	GO:0042772	DNA damage response, signal transduction resulting in transcription	1
GO_BP	GO:0042773	ATP synthesis coupled electron transport	1
GO_BP	GO:0042775	mitochondrial ATP synthesis coupled electron transport	4
GO_BP	GO:0042776	proton motive force-driven mitochondrial ATP synthesis	12
GO_BP	GO:0042780	tRNA 3'-end processing	7
GO_BP	GO:0042789	mRNA transcription by RNA polymerase II	25
GO_BP	GO:0042790	nucleolar large rRNA transcription by RNA polymerase I	4
GO_BP	GO:0042791	5S class rRNA transcription by RNA polymerase III	3
GO_BP	GO:0042795	snRNA transcription by RNA polymerase II	9
GO_BP	GO:0042796	snRNA transcription by RNA polymerase III	9
GO_BP	GO:0042797	tRNA transcription by RNA polymerase III	5
GO_BP	GO:0042816	vitamin B6 metabolic process	1
GO_BP	GO:0042823	pyridoxal 5'-phosphate biosynthetic process	1
GO_BP	GO:0042832	defense response to protozoan	3
GO_BP	GO:0042840	D-glucuronate catabolic process	3
GO_BP	GO:0042843	D-xylose catabolic process	1
GO_BP	GO:0042866	pyruvate biosynthetic process	4
GO_BP	GO:0042867	pyruvate catabolic process	1
GO_BP	GO:0042883	L-cysteine transport	1
GO_BP	GO:0042904	9-cis-retinoic acid biosynthetic process	1
GO_BP	GO:0042908	xenobiotic transport	10
GO_BP	GO:0042921	nuclear receptor-mediated glucocorticoid signaling pathway	3
GO_BP	GO:0042938	dipeptide transport	1
GO_BP	GO:0042941	D-alanine transmembrane transport	1
GO_BP	GO:0042942	D-serine transmembrane transport	1
GO_BP	GO:0042953	lipoprotein transport	9
GO_BP	GO:0042976	activation of Janus kinase activity	4
GO_BP	GO:0042981	regulation of apoptotic process	83
GO_BP	GO:0042982	amyloid precursor protein metabolic process	9
GO_BP	GO:0042984	regulation of amyloid precursor protein biosynthetic process	3
GO_BP	GO:0042985	negative regulation of amyloid precursor protein biosynthetic process	8
GO_BP	GO:0042986	positive regulation of amyloid precursor protein biosynthetic process	3
GO_BP	GO:0042987	amyloid precursor protein catabolic process	10
GO_BP	GO:0042996	regulation of Golgi to plasma membrane protein transport	1
GO_BP	GO:0042997	negative regulation of Golgi to plasma membrane protein transport	5
GO_BP	GO:0042998	positive regulation of Golgi to plasma membrane protein transport	5
GO_BP	GO:0043001	Golgi to plasma membrane protein transport	27
GO_BP	GO:0043009	chordate embryonic development	3
GO_BP	GO:0043010	camera-type eye development	8
GO_BP	GO:0043011	myeloid dendritic cell differentiation	2
GO_BP	GO:0043029	T cell homeostasis	8
GO_BP	GO:0043030	regulation of macrophage activation	5
GO_BP	GO:0043031	negative regulation of macrophage activation	5
GO_BP	GO:0043032	positive regulation of macrophage activation	10
GO_BP	GO:0043039	tRNA aminoacylation	2
GO_BP	GO:0043043	peptide biosynthetic process	4
GO_BP	GO:0043048	dolichyl monophosphate biosynthetic process	8
GO_BP	GO:0043049	otic placode formation	1
GO_BP	GO:0043062	extracellular structure organization	1
GO_BP	GO:0043065	positive regulation of apoptotic process	172
GO_BP	GO:0043066	negative regulation of apoptotic process	243
GO_BP	GO:0043067	regulation of programmed cell death	4
GO_BP	GO:0043068	positive regulation of programmed cell death	10
GO_BP	GO:0043069	negative regulation of programmed cell death	16
GO_BP	GO:0043085	positive regulation of catalytic activity	6
GO_BP	GO:0043086	negative regulation of catalytic activity	9
GO_BP	GO:0043087	regulation of GTPase activity	23
GO_BP	GO:0043090	amino acid import	2
GO_BP	GO:0043096	purine nucleobase salvage	1
GO_BP	GO:0043097	pyrimidine nucleoside salvage	2
GO_BP	GO:0043101	purine-containing compound salvage	1
GO_BP	GO:0043103	hypoxanthine salvage	2
GO_BP	GO:0043111	replication fork arrest	3
GO_BP	GO:0043113	receptor clustering	14
GO_BP	GO:0043114	regulation of vascular permeability	8
GO_BP	GO:0043116	negative regulation of vascular permeability	10
GO_BP	GO:0043117	positive regulation of vascular permeability	7
GO_BP	GO:0043122	regulation of canonical NF-kappaB signal transduction	19
GO_BP	GO:0043123	positive regulation of canonical NF-kappaB signal transduction	154
GO_BP	GO:0043124	negative regulation of canonical NF-kappaB signal transduction	58
GO_BP	GO:0043129	surfactant homeostasis	5
GO_BP	GO:0043131	erythrocyte enucleation	1
GO_BP	GO:0043137	DNA replication, removal of RNA primer	3
GO_BP	GO:0043149	stress fiber assembly	14
GO_BP	GO:0043153	entrainment of circadian clock by photoperiod	19
GO_BP	GO:0043161	proteasome-mediated ubiquitin-dependent protein catabolic process	216
GO_BP	GO:0043162	ubiquitin-dependent protein catabolic process via the multivesicular body sorting pathway	23
GO_BP	GO:0043171	peptide catabolic process	11
GO_BP	GO:0043174	nucleoside salvage	3
GO_BP	GO:0043200	response to amino acid	3
GO_BP	GO:0043217	myelin maintenance	4
GO_BP	GO:0043242	negative regulation of protein-containing complex disassembly	2
GO_BP	GO:0043243	positive regulation of protein-containing complex disassembly	3
GO_BP	GO:0043244	regulation of protein-containing complex disassembly	1
GO_BP	GO:0043247	telomere maintenance in response to DNA damage	5
GO_BP	GO:0043248	proteasome assembly	5
GO_BP	GO:0043249	erythrocyte maturation	3
GO_BP	GO:0043252	sodium-independent organic anion transport	8
GO_BP	GO:0043254	regulation of protein-containing complex assembly	14
GO_BP	GO:0043266	regulation of potassium ion transport	3
GO_BP	GO:0043267	negative regulation of potassium ion transport	4
GO_BP	GO:0043268	positive regulation of potassium ion transport	6
GO_BP	GO:0043269	regulation of monoatomic ion transport	1
GO_BP	GO:0043270	positive regulation of monoatomic ion transport	1
GO_BP	GO:0043271	negative regulation of monoatomic ion transport	1
GO_BP	GO:0043276	anoikis	6
GO_BP	GO:0043277	apoptotic cell clearance	12
GO_BP	GO:0043278	response to morphine	2
GO_BP	GO:0043297	apical junction assembly	6
GO_BP	GO:0043299	leukocyte degranulation	1
GO_BP	GO:0043303	mast cell degranulation	6
GO_BP	GO:0043304	regulation of mast cell degranulation	3
GO_BP	GO:0043305	negative regulation of mast cell degranulation	1
GO_BP	GO:0043306	positive regulation of mast cell degranulation	3
GO_BP	GO:0043308	eosinophil degranulation	1
GO_BP	GO:0043310	negative regulation of eosinophil degranulation	1
GO_BP	GO:0043311	positive regulation of eosinophil degranulation	1
GO_BP	GO:0043312	neutrophil degranulation	3
GO_BP	GO:0043313	regulation of neutrophil degranulation	1
GO_BP	GO:0043314	negative regulation of neutrophil degranulation	1
GO_BP	GO:0043315	positive regulation of neutrophil degranulation	1
GO_BP	GO:0043316	cytotoxic T cell degranulation	3
GO_BP	GO:0043318	negative regulation of cytotoxic T cell degranulation	1
GO_BP	GO:0043320	natural killer cell degranulation	1
GO_BP	GO:0043323	positive regulation of natural killer cell degranulation	2
GO_BP	GO:0043328	protein transport to vacuole involved in ubiquitin-dependent protein catabolic process via the multivesicular body sorting pathway	4
GO_BP	GO:0043330	response to exogenous dsRNA	6
GO_BP	GO:0043331	response to dsRNA	1
GO_BP	GO:0043335	protein unfolding	6
GO_BP	GO:0043353	enucleate erythrocyte differentiation	2
GO_BP	GO:0043367	CD4-positive, alpha-beta T cell differentiation	1
GO_BP	GO:0043369	CD4-positive or CD8-positive, alpha-beta T cell lineage commitment	1
GO_BP	GO:0043370	regulation of CD4-positive, alpha-beta T cell differentiation	1
GO_BP	GO:0043371	negative regulation of CD4-positive, alpha-beta T cell differentiation	2
GO_BP	GO:0043372	positive regulation of CD4-positive, alpha-beta T cell differentiation	3
GO_BP	GO:0043373	CD4-positive, alpha-beta T cell lineage commitment	1
GO_BP	GO:0043375	CD8-positive, alpha-beta T cell lineage commitment	1
GO_BP	GO:0043377	negative regulation of CD8-positive, alpha-beta T cell differentiation	3
GO_BP	GO:0043378	positive regulation of CD8-positive, alpha-beta T cell differentiation	3
GO_BP	GO:0043388	positive regulation of DNA binding	8
GO_BP	GO:0043392	negative regulation of DNA binding	7
GO_BP	GO:0043393	regulation of protein binding	1
GO_BP	GO:0043397	regulation of corticotropin-releasing hormone secretion	1
GO_BP	GO:0043401	steroid hormone receptor signaling pathway	4
GO_BP	GO:0043403	skeletal muscle tissue regeneration	5
GO_BP	GO:0043405	regulation of MAP kinase activity	6
GO_BP	GO:0043406	positive regulation of MAP kinase activity	19
GO_BP	GO:0043407	negative regulation of MAP kinase activity	9
GO_BP	GO:0043408	regulation of MAPK cascade	32
GO_BP	GO:0043409	negative regulation of MAPK cascade	30
GO_BP	GO:0043410	positive regulation of MAPK cascade	116
GO_BP	GO:0043415	positive regulation of skeletal muscle tissue regeneration	3
GO_BP	GO:0043416	regulation of skeletal muscle tissue regeneration	1
GO_BP	GO:0043417	negative regulation of skeletal muscle tissue regeneration	1
GO_BP	GO:0043418	L-homocysteine catabolic process	3
GO_BP	GO:0043434	response to peptide hormone	12
GO_BP	GO:0043456	regulation of pentose-phosphate shunt	1
GO_BP	GO:0043457	regulation of cellular respiration	4
GO_BP	GO:0043462	regulation of ATP-dependent activity	1
GO_BP	GO:0043467	regulation of generation of precursor metabolites and energy	3
GO_BP	GO:0043470	regulation of carbohydrate catabolic process	1
GO_BP	GO:0043473	pigmentation	8
GO_BP	GO:0043474	pigment metabolic process involved in pigmentation	1
GO_BP	GO:0043482	cellular pigment accumulation	2
GO_BP	GO:0043484	regulation of RNA splicing	36
GO_BP	GO:0043488	regulation of mRNA stability	27
GO_BP	GO:0043489	RNA stabilization	4
GO_BP	GO:0043490	malate-aspartate shuttle	8
GO_BP	GO:0043491	phosphatidylinositol 3-kinase/protein kinase B signal transduction	40
GO_BP	GO:0043504	mitochondrial DNA repair	5
GO_BP	GO:0043507	positive regulation of JUN kinase activity	5
GO_BP	GO:0043508	negative regulation of JUN kinase activity	5
GO_BP	GO:0043516	regulation of DNA damage response, signal transduction by p53 class mediator	4
GO_BP	GO:0043517	positive regulation of DNA damage response, signal transduction by p53 class mediator	11
GO_BP	GO:0043518	negative regulation of DNA damage response, signal transduction by p53 class mediator	11
GO_BP	GO:0043523	regulation of neuron apoptotic process	16
GO_BP	GO:0043524	negative regulation of neuron apoptotic process	58
GO_BP	GO:0043525	positive regulation of neuron apoptotic process	31
GO_BP	GO:0043534	blood vessel endothelial cell migration	5
GO_BP	GO:0043535	regulation of blood vessel endothelial cell migration	5
GO_BP	GO:0043536	positive regulation of blood vessel endothelial cell migration	31
GO_BP	GO:0043537	negative regulation of blood vessel endothelial cell migration	13
GO_BP	GO:0043542	endothelial cell migration	23
GO_BP	GO:0043545	molybdopterin cofactor metabolic process	1
GO_BP	GO:0043547	positive regulation of GTPase activity	51
GO_BP	GO:0043549	regulation of kinase activity	5
GO_BP	GO:0043550	regulation of lipid kinase activity	3
GO_BP	GO:0043555	regulation of translation in response to stress	1
GO_BP	GO:0043558	regulation of translational initiation in response to stress	1
GO_BP	GO:0043567	regulation of insulin-like growth factor receptor signaling pathway	6
GO_BP	GO:0043568	positive regulation of insulin-like growth factor receptor signaling pathway	3
GO_BP	GO:0043569	negative regulation of insulin-like growth factor receptor signaling pathway	5
GO_BP	GO:0043570	maintenance of DNA repeat elements	4
GO_BP	GO:0043576	regulation of respiratory gaseous exchange	1
GO_BP	GO:0043583	ear development	3
GO_BP	GO:0043584	nose development	3
GO_BP	GO:0043585	nose morphogenesis	2
GO_BP	GO:0043586	tongue development	1
GO_BP	GO:0043587	tongue morphogenesis	3
GO_BP	GO:0043588	skin development	15
GO_BP	GO:0043589	skin morphogenesis	7
GO_BP	GO:0043616	keratinocyte proliferation	3
GO_BP	GO:0043622	cortical microtubule organization	6
GO_BP	GO:0043627	response to estrogen	15
GO_BP	GO:0043634	polyadenylation-dependent ncRNA catabolic process	2
GO_BP	GO:0043647	inositol phosphate metabolic process	19
GO_BP	GO:0043648	dicarboxylic acid metabolic process	1
GO_BP	GO:0043649	dicarboxylic acid catabolic process	2
GO_BP	GO:0043651	linoleic acid metabolic process	12
GO_BP	GO:0043652	engulfment of apoptotic cell	6
GO_BP	GO:0043653	mitochondrial fragmentation involved in apoptotic process	9
GO_BP	GO:0043654	recognition of apoptotic cell	1
GO_BP	GO:0043687	post-translational protein modification	28
GO_BP	GO:0043691	reverse cholesterol transport	8
GO_BP	GO:0043697	cell dedifferentiation	3
GO_BP	GO:0043921	host-mediated perturbation of viral transcription	1
GO_BP	GO:0043922	host-mediated suppression of viral transcription	8
GO_BP	GO:0043923	host-mediated activation of viral transcription	13
GO_BP	GO:0043931	ossification involved in bone maturation	5
GO_BP	GO:0043932	ossification involved in bone remodeling	1
GO_BP	GO:0044027	negative regulation of gene expression via chromosomal CpG island methylation	10
GO_BP	GO:0044029	positive regulation of gene expression via chromosomal CpG island demethylation	6
GO_BP	GO:0044065	regulation of respiratory system process	2
GO_BP	GO:0044070	regulation of monoatomic anion transport	3
GO_BP	GO:0044088	regulation of vacuole organization	1
GO_BP	GO:0044090	positive regulation of vacuole organization	2
GO_BP	GO:0044091	membrane biogenesis	2
GO_BP	GO:0044111	formation of structure involved in a symbiotic process	1
GO_BP	GO:0044205	'de novo' UMP biosynthetic process	1
GO_BP	GO:0044206	UMP salvage	2
GO_BP	GO:0044208	'de novo' AMP biosynthetic process	6
GO_BP	GO:0044209	AMP salvage	1
GO_BP	GO:0044211	CTP salvage	2
GO_BP	GO:0044281	small molecule metabolic process	1
GO_BP	GO:0044313	protein K6-linked deubiquitination	3
GO_BP	GO:0044314	protein K27-linked ubiquitination	10
GO_BP	GO:0044319	wound healing, spreading of cells	11
GO_BP	GO:0044320	cellular response to leptin stimulus	3
GO_BP	GO:0044321	response to leptin	6
GO_BP	GO:0044331	cell-cell adhesion mediated by cadherin	30
GO_BP	GO:0044341	sodium-dependent phosphate transport	2
GO_BP	GO:0044342	type B pancreatic cell proliferation	4
GO_BP	GO:0044344	cellular response to fibroblast growth factor stimulus	14
GO_BP	GO:0044346	fibroblast apoptotic process	1
GO_BP	GO:0044351	macropinocytosis	6
GO_BP	GO:0044357	regulation of rRNA stability	1
GO_BP	GO:0044375	regulation of peroxisome size	3
GO_BP	GO:0044381	glucose import in response to insulin stimulus	3
GO_BP	GO:0044387	negative regulation of protein kinase activity by regulation of protein phosphorylation	4
GO_BP	GO:0044396	actin cortical patch organization	1
GO_BP	GO:0044403	biological process involved in symbiotic interaction	1
GO_BP	GO:0044406	adhesion of symbiont to host	3
GO_BP	GO:0044458	motile cilium assembly	12
GO_BP	GO:0044524	protein sulfhydration	1
GO_BP	GO:0044528	regulation of mitochondrial mRNA stability	7
GO_BP	GO:0044539	long-chain fatty acid import into cell	7
GO_BP	GO:0044546	NLRP3 inflammasome complex assembly	2
GO_BP	GO:0044557	relaxation of smooth muscle	1
GO_BP	GO:0044571	[2Fe-2S] cluster assembly	7
GO_BP	GO:0044572	[4Fe-4S] cluster assembly	3
GO_BP	GO:0044580	butyryl-CoA catabolic process	2
GO_BP	GO:0044597	daunorubicin metabolic process	3
GO_BP	GO:0044598	doxorubicin metabolic process	3
GO_BP	GO:0044602	protein deadenylylation	1
GO_BP	GO:0044691	tooth eruption	1
GO_BP	GO:0044721	protein import into peroxisome matrix, substrate release	4
GO_BP	GO:0044725	epigenetic programming in the zygotic pronuclei	5
GO_BP	GO:0044726	epigenetic programing of female pronucleus	1
GO_BP	GO:0044727	epigenetic programing of male pronucleus	2
GO_BP	GO:0044770	cell cycle phase transition	5
GO_BP	GO:0044773	mitotic DNA damage checkpoint signaling	2
GO_BP	GO:0044778	meiotic DNA integrity checkpoint signaling	1
GO_BP	GO:0044779	meiotic spindle checkpoint signaling	1
GO_BP	GO:0044782	cilium organization	14
GO_BP	GO:0044788	host-mediated perturbation of viral process	8
GO_BP	GO:0044790	suppression of viral release by host	12
GO_BP	GO:0044794	host-mediated activation of viral process	10
GO_BP	GO:0044795	trans-Golgi network to recycling endosome transport	1
GO_BP	GO:0044804	nucleophagy	4
GO_BP	GO:0044818	mitotic G2/M transition checkpoint	9
GO_BP	GO:0044819	mitotic G1/S transition checkpoint signaling	1
GO_BP	GO:0044827	host-mediated perturbation of viral genome replication	1
GO_BP	GO:0044828	host-mediated suppression of viral genome replication	8
GO_BP	GO:0044829	host-mediated activation of viral genome replication	8
GO_BP	GO:0044830	host-mediated perturbation of viral RNA genome replication	6
GO_BP	GO:0044839	cell cycle G2/M phase transition	2
GO_BP	GO:0044843	cell cycle G1/S phase transition	4
GO_BP	GO:0044849	estrous cycle	3
GO_BP	GO:0044854	plasma membrane raft assembly	1
GO_BP	GO:0044857	plasma membrane raft organization	4
GO_BP	GO:0044860	protein localization to plasma membrane raft	4
GO_BP	GO:0044861	protein transport into plasma membrane raft	1
GO_BP	GO:0044873	lipoprotein localization to membrane	1
GO_BP	GO:0044878	mitotic cytokinesis checkpoint signaling	2
GO_BP	GO:0045002	double-strand break repair via single-strand annealing	1
GO_BP	GO:0045003	double-strand break repair via synthesis-dependent strand annealing	3
GO_BP	GO:0045004	DNA replication proofreading	3
GO_BP	GO:0045006	DNA deamination	3
GO_BP	GO:0045007	depurination	3
GO_BP	GO:0045008	depyrimidination	7
GO_BP	GO:0045010	actin nucleation	1
GO_BP	GO:0045016	mitochondrial magnesium ion transmembrane transport	2
GO_BP	GO:0045019	negative regulation of nitric oxide biosynthetic process	8
GO_BP	GO:0045022	early endosome to late endosome transport	19
GO_BP	GO:0045023	G0 to G1 transition	1
GO_BP	GO:0045039	protein insertion into mitochondrial inner membrane	9
GO_BP	GO:0045040	protein insertion into mitochondrial outer membrane	5
GO_BP	GO:0045041	protein import into mitochondrial intermembrane space	4
GO_BP	GO:0045046	protein import into peroxisome membrane	4
GO_BP	GO:0045047	protein targeting to ER	11
GO_BP	GO:0045048	protein insertion into ER membrane	7
GO_BP	GO:0045050	protein insertion into ER membrane by stop-transfer membrane-anchor sequence	10
GO_BP	GO:0045053	protein retention in Golgi apparatus	2
GO_BP	GO:0045054	constitutive secretory pathway	5
GO_BP	GO:0045055	regulated exocytosis	16
GO_BP	GO:0045056	transcytosis	6
GO_BP	GO:0045059	positive thymic T cell selection	2
GO_BP	GO:0045060	negative thymic T cell selection	2
GO_BP	GO:0045061	thymic T cell selection	1
GO_BP	GO:0045063	T-helper 1 cell differentiation	3
GO_BP	GO:0045064	T-helper 2 cell differentiation	3
GO_BP	GO:0045066	regulatory T cell differentiation	5
GO_BP	GO:0045069	regulation of viral genome replication	1
GO_BP	GO:0045070	positive regulation of viral genome replication	18
GO_BP	GO:0045071	negative regulation of viral genome replication	16
GO_BP	GO:0045087	innate immune response	83
GO_BP	GO:0045088	regulation of innate immune response	14
GO_BP	GO:0045089	positive regulation of innate immune response	18
GO_BP	GO:0045104	intermediate filament cytoskeleton organization	10
GO_BP	GO:0045109	intermediate filament organization	20
GO_BP	GO:0045110	intermediate filament bundle assembly	3
GO_BP	GO:0045112	integrin biosynthetic process	1
GO_BP	GO:0045116	protein neddylation	9
GO_BP	GO:0045123	cellular extravasation	1
GO_BP	GO:0045124	regulation of bone resorption	6
GO_BP	GO:0045132	meiotic chromosome segregation	2
GO_BP	GO:0045137	development of primary sexual characteristics	1
GO_BP	GO:0045161	neuronal ion channel clustering	1
GO_BP	GO:0045162	clustering of voltage-gated sodium channels	5
GO_BP	GO:0045163	clustering of voltage-gated potassium channels	2
GO_BP	GO:0045165	cell fate commitment	21
GO_BP	GO:0045176	apical protein localization	9
GO_BP	GO:0045184	establishment of protein localization	24
GO_BP	GO:0045186	zonula adherens assembly	1
GO_BP	GO:0045187	regulation of circadian sleep/wake cycle, sleep	5
GO_BP	GO:0045188	regulation of circadian sleep/wake cycle, non-REM sleep	1
GO_BP	GO:0045190	isotype switching	8
GO_BP	GO:0045191	regulation of isotype switching	1
GO_BP	GO:0045197	establishment or maintenance of epithelial cell apical/basal polarity	13
GO_BP	GO:0045198	establishment of epithelial cell apical/basal polarity	9
GO_BP	GO:0045199	maintenance of epithelial cell apical/basal polarity	4
GO_BP	GO:0045200	establishment of neuroblast polarity	3
GO_BP	GO:0045214	sarcomere organization	15
GO_BP	GO:0045216	cell-cell junction organization	9
GO_BP	GO:0045217	cell-cell junction maintenance	4
GO_BP	GO:0045218	zonula adherens maintenance	3
GO_BP	GO:0045234	protein palmitoleylation	1
GO_BP	GO:0045292	mRNA cis splicing, via spliceosome	15
GO_BP	GO:0045321	leukocyte activation	3
GO_BP	GO:0045324	late endosome to vacuole transport	8
GO_BP	GO:0045329	carnitine biosynthetic process	3
GO_BP	GO:0045332	phospholipid translocation	21
GO_BP	GO:0045333	cellular respiration	7
GO_BP	GO:0045337	trans, trans-farnesyl diphosphate biosynthetic process	1
GO_BP	GO:0045339	farnesyl diphosphate catabolic process	1
GO_BP	GO:0045342	MHC class II biosynthetic process	1
GO_BP	GO:0045344	negative regulation of MHC class I biosynthetic process	1
GO_BP	GO:0045345	positive regulation of MHC class I biosynthetic process	3
GO_BP	GO:0045347	negative regulation of MHC class II biosynthetic process	1
GO_BP	GO:0045348	positive regulation of MHC class II biosynthetic process	6
GO_BP	GO:0045428	regulation of nitric oxide biosynthetic process	5
GO_BP	GO:0045429	positive regulation of nitric oxide biosynthetic process	21
GO_BP	GO:0045444	fat cell differentiation	38
GO_BP	GO:0045445	myoblast differentiation	9
GO_BP	GO:0045446	endothelial cell differentiation	4
GO_BP	GO:0045453	bone resorption	3
GO_BP	GO:0045454	cell redox homeostasis	33
GO_BP	GO:0045471	response to ethanol	9
GO_BP	GO:0045475	locomotor rhythm	7
GO_BP	GO:0045494	photoreceptor cell maintenance	28
GO_BP	GO:0045540	regulation of cholesterol biosynthetic process	8
GO_BP	GO:0045541	negative regulation of cholesterol biosynthetic process	5
GO_BP	GO:0045542	positive regulation of cholesterol biosynthetic process	11
GO_BP	GO:0045576	mast cell activation	1
GO_BP	GO:0045577	regulation of B cell differentiation	3
GO_BP	GO:0045578	negative regulation of B cell differentiation	4
GO_BP	GO:0045579	positive regulation of B cell differentiation	7
GO_BP	GO:0045580	regulation of T cell differentiation	4
GO_BP	GO:0045582	positive regulation of T cell differentiation	5
GO_BP	GO:0045585	positive regulation of cytotoxic T cell differentiation	1
GO_BP	GO:0045586	regulation of gamma-delta T cell differentiation	1
GO_BP	GO:0045588	positive regulation of gamma-delta T cell differentiation	3
GO_BP	GO:0045589	regulation of regulatory T cell differentiation	2
GO_BP	GO:0045590	negative regulation of regulatory T cell differentiation	3
GO_BP	GO:0045591	positive regulation of regulatory T cell differentiation	8
GO_BP	GO:0045595	regulation of cell differentiation	15
GO_BP	GO:0045596	negative regulation of cell differentiation	12
GO_BP	GO:0045597	positive regulation of cell differentiation	17
GO_BP	GO:0045598	regulation of fat cell differentiation	3
GO_BP	GO:0045599	negative regulation of fat cell differentiation	23
GO_BP	GO:0045600	positive regulation of fat cell differentiation	31
GO_BP	GO:0045601	regulation of endothelial cell differentiation	1
GO_BP	GO:0045602	negative regulation of endothelial cell differentiation	2
GO_BP	GO:0045603	positive regulation of endothelial cell differentiation	4
GO_BP	GO:0045604	regulation of epidermal cell differentiation	3
GO_BP	GO:0045606	positive regulation of epidermal cell differentiation	4
GO_BP	GO:0045616	regulation of keratinocyte differentiation	6
GO_BP	GO:0045617	negative regulation of keratinocyte differentiation	3
GO_BP	GO:0045618	positive regulation of keratinocyte differentiation	13
GO_BP	GO:0045621	positive regulation of lymphocyte differentiation	3
GO_BP	GO:0045623	negative regulation of T-helper cell differentiation	1
GO_BP	GO:0045626	negative regulation of T-helper 1 cell differentiation	1
GO_BP	GO:0045627	positive regulation of T-helper 1 cell differentiation	2
GO_BP	GO:0045629	negative regulation of T-helper 2 cell differentiation	2
GO_BP	GO:0045630	positive regulation of T-helper 2 cell differentiation	4
GO_BP	GO:0045636	positive regulation of melanocyte differentiation	1
GO_BP	GO:0045637	regulation of myeloid cell differentiation	1
GO_BP	GO:0045638	negative regulation of myeloid cell differentiation	10
GO_BP	GO:0045639	positive regulation of myeloid cell differentiation	1
GO_BP	GO:0045646	regulation of erythrocyte differentiation	5
GO_BP	GO:0045647	negative regulation of erythrocyte differentiation	5
GO_BP	GO:0045648	positive regulation of erythrocyte differentiation	19
GO_BP	GO:0045649	regulation of macrophage differentiation	1
GO_BP	GO:0045650	negative regulation of macrophage differentiation	5
GO_BP	GO:0045651	positive regulation of macrophage differentiation	8
GO_BP	GO:0045652	regulation of megakaryocyte differentiation	7
GO_BP	GO:0045653	negative regulation of megakaryocyte differentiation	2
GO_BP	GO:0045654	positive regulation of megakaryocyte differentiation	5
GO_BP	GO:0045655	regulation of monocyte differentiation	1
GO_BP	GO:0045656	negative regulation of monocyte differentiation	2
GO_BP	GO:0045657	positive regulation of monocyte differentiation	7
GO_BP	GO:0045661	regulation of myoblast differentiation	3
GO_BP	GO:0045662	negative regulation of myoblast differentiation	10
GO_BP	GO:0045663	positive regulation of myoblast differentiation	18
GO_BP	GO:0045664	regulation of neuron differentiation	9
GO_BP	GO:0045665	negative regulation of neuron differentiation	15
GO_BP	GO:0045666	positive regulation of neuron differentiation	29
GO_BP	GO:0045667	regulation of osteoblast differentiation	7
GO_BP	GO:0045668	negative regulation of osteoblast differentiation	30
GO_BP	GO:0045669	positive regulation of osteoblast differentiation	44
GO_BP	GO:0045670	regulation of osteoclast differentiation	5
GO_BP	GO:0045671	negative regulation of osteoclast differentiation	12
GO_BP	GO:0045672	positive regulation of osteoclast differentiation	10
GO_BP	GO:0045682	regulation of epidermis development	1
GO_BP	GO:0045684	positive regulation of epidermis development	4
GO_BP	GO:0045685	regulation of glial cell differentiation	1
GO_BP	GO:0045717	negative regulation of fatty acid biosynthetic process	12
GO_BP	GO:0045719	negative regulation of glycogen biosynthetic process	7
GO_BP	GO:0045720	negative regulation of integrin biosynthetic process	1
GO_BP	GO:0045721	negative regulation of gluconeogenesis	10
GO_BP	GO:0045722	positive regulation of gluconeogenesis	10
GO_BP	GO:0045723	positive regulation of fatty acid biosynthetic process	8
GO_BP	GO:0045724	positive regulation of cilium assembly	21
GO_BP	GO:0045725	positive regulation of glycogen biosynthetic process	12
GO_BP	GO:0045726	positive regulation of integrin biosynthetic process	2
GO_BP	GO:0045727	positive regulation of translation	50
GO_BP	GO:0045728	respiratory burst after phagocytosis	3
GO_BP	GO:0045730	respiratory burst	5
GO_BP	GO:0045732	positive regulation of protein catabolic process	49
GO_BP	GO:0045736	negative regulation of cyclin-dependent protein serine/threonine kinase activity	6
GO_BP	GO:0045737	positive regulation of cyclin-dependent protein serine/threonine kinase activity	2
GO_BP	GO:0045738	negative regulation of DNA repair	1
GO_BP	GO:0045739	positive regulation of DNA repair	29
GO_BP	GO:0045740	positive regulation of DNA replication	20
GO_BP	GO:0045742	positive regulation of epidermal growth factor receptor signaling pathway	21
GO_BP	GO:0045743	positive regulation of fibroblast growth factor receptor signaling pathway	7
GO_BP	GO:0045744	negative regulation of G protein-coupled receptor signaling pathway	15
GO_BP	GO:0045745	positive regulation of G protein-coupled receptor signaling pathway	6
GO_BP	GO:0045746	negative regulation of Notch signaling pathway	28
GO_BP	GO:0045747	positive regulation of Notch signaling pathway	24
GO_BP	GO:0045751	negative regulation of Toll signaling pathway	1
GO_BP	GO:0045752	positive regulation of Toll signaling pathway	1
GO_BP	GO:0045759	negative regulation of action potential	2
GO_BP	GO:0045760	positive regulation of action potential	2
GO_BP	GO:0045762	positive regulation of adenylate cyclase activity	2
GO_BP	GO:0045765	regulation of angiogenesis	19
GO_BP	GO:0045766	positive regulation of angiogenesis	79
GO_BP	GO:0045773	positive regulation of axon extension	15
GO_BP	GO:0045776	negative regulation of blood pressure	8
GO_BP	GO:0045777	positive regulation of blood pressure	5
GO_BP	GO:0045778	positive regulation of ossification	10
GO_BP	GO:0045779	negative regulation of bone resorption	9
GO_BP	GO:0045780	positive regulation of bone resorption	7
GO_BP	GO:0045785	positive regulation of cell adhesion	28
GO_BP	GO:0045786	negative regulation of cell cycle	35
GO_BP	GO:0045787	positive regulation of cell cycle	21
GO_BP	GO:0045792	negative regulation of cell size	3
GO_BP	GO:0045793	positive regulation of cell size	3
GO_BP	GO:0045794	negative regulation of cell volume	5
GO_BP	GO:0045797	positive regulation of intestinal cholesterol absorption	1
GO_BP	GO:0045806	negative regulation of endocytosis	12
GO_BP	GO:0045807	positive regulation of endocytosis	11
GO_BP	GO:0045814	negative regulation of gene expression, epigenetic	25
GO_BP	GO:0045815	transcription initiation-coupled chromatin remodeling	34
GO_BP	GO:0045819	positive regulation of glycogen catabolic process	2
GO_BP	GO:0045820	negative regulation of glycolytic process	10
GO_BP	GO:0045821	positive regulation of glycolytic process	17
GO_BP	GO:0045822	negative regulation of heart contraction	2
GO_BP	GO:0045823	positive regulation of heart contraction	4
GO_BP	GO:0045824	negative regulation of innate immune response	22
GO_BP	GO:0045829	negative regulation of isotype switching	1
GO_BP	GO:0045830	positive regulation of isotype switching	11
GO_BP	GO:0045833	negative regulation of lipid metabolic process	2
GO_BP	GO:0045834	positive regulation of lipid metabolic process	2
GO_BP	GO:0045835	negative regulation of meiotic nuclear division	1
GO_BP	GO:0045837	negative regulation of membrane potential	1
GO_BP	GO:0045838	positive regulation of membrane potential	2
GO_BP	GO:0045839	negative regulation of mitotic nuclear division	6
GO_BP	GO:0045840	positive regulation of mitotic nuclear division	15
GO_BP	GO:0045841	negative regulation of mitotic metaphase/anaphase transition	1
GO_BP	GO:0045842	positive regulation of mitotic metaphase/anaphase transition	9
GO_BP	GO:0045843	negative regulation of striated muscle tissue development	1
GO_BP	GO:0045844	positive regulation of striated muscle tissue development	1
GO_BP	GO:0045851	pH reduction	1
GO_BP	GO:0045859	regulation of protein kinase activity	5
GO_BP	GO:0045860	positive regulation of protein kinase activity	21
GO_BP	GO:0045861	negative regulation of proteolysis	11
GO_BP	GO:0045862	positive regulation of proteolysis	15
GO_BP	GO:0045869	negative regulation of single stranded viral RNA replication via double stranded DNA intermediate	1
GO_BP	GO:0045870	positive regulation of single stranded viral RNA replication via double stranded DNA intermediate	1
GO_BP	GO:0045875	negative regulation of sister chromatid cohesion	1
GO_BP	GO:0045876	positive regulation of sister chromatid cohesion	3
GO_BP	GO:0045879	negative regulation of smoothened signaling pathway	26
GO_BP	GO:0045880	positive regulation of smoothened signaling pathway	34
GO_BP	GO:0045887	positive regulation of synaptic assembly at neuromuscular junction	1
GO_BP	GO:0045892	negative regulation of DNA-templated transcription	331
GO_BP	GO:0045893	positive regulation of DNA-templated transcription	370
GO_BP	GO:0045899	positive regulation of RNA polymerase II transcription preinitiation complex assembly	2
GO_BP	GO:0045905	positive regulation of translational termination	1
GO_BP	GO:0045906	negative regulation of vasoconstriction	5
GO_BP	GO:0045907	positive regulation of vasoconstriction	9
GO_BP	GO:0045910	negative regulation of DNA recombination	9
GO_BP	GO:0045911	positive regulation of DNA recombination	1
GO_BP	GO:0045916	negative regulation of complement activation	1
GO_BP	GO:0045917	positive regulation of complement activation	1
GO_BP	GO:0045920	negative regulation of exocytosis	4
GO_BP	GO:0045921	positive regulation of exocytosis	15
GO_BP	GO:0045922	negative regulation of fatty acid metabolic process	1
GO_BP	GO:0045923	positive regulation of fatty acid metabolic process	2
GO_BP	GO:0045926	negative regulation of growth	2
GO_BP	GO:0045927	positive regulation of growth	3
GO_BP	GO:0045930	negative regulation of mitotic cell cycle	13
GO_BP	GO:0045931	positive regulation of mitotic cell cycle	21
GO_BP	GO:0045932	negative regulation of muscle contraction	1
GO_BP	GO:0045939	negative regulation of steroid metabolic process	1
GO_BP	GO:0045940	positive regulation of steroid metabolic process	1
GO_BP	GO:0045943	positive regulation of transcription by RNA polymerase I	15
GO_BP	GO:0045944	positive regulation of transcription by RNA polymerase II	664
GO_BP	GO:0045945	positive regulation of transcription by RNA polymerase III	18
GO_BP	GO:0045947	negative regulation of translational initiation	13
GO_BP	GO:0045948	positive regulation of translational initiation	15
GO_BP	GO:0045951	positive regulation of mitotic recombination	1
GO_BP	GO:0045953	negative regulation of natural killer cell mediated cytotoxicity	4
GO_BP	GO:0045954	positive regulation of natural killer cell mediated cytotoxicity	6
GO_BP	GO:0045955	negative regulation of calcium ion-dependent exocytosis	3
GO_BP	GO:0045956	positive regulation of calcium ion-dependent exocytosis	6
GO_BP	GO:0045957	negative regulation of complement activation, alternative pathway	1
GO_BP	GO:0045958	positive regulation of complement activation, alternative pathway	1
GO_BP	GO:0045959	negative regulation of complement activation, classical pathway	1
GO_BP	GO:0045960	positive regulation of complement activation, classical pathway	1
GO_BP	GO:0045963	negative regulation of dopamine metabolic process	1
GO_BP	GO:0045964	positive regulation of dopamine metabolic process	1
GO_BP	GO:0045976	negative regulation of mitotic cell cycle, embryonic	2
GO_BP	GO:0045977	positive regulation of mitotic cell cycle, embryonic	1
GO_BP	GO:0045986	negative regulation of smooth muscle contraction	1
GO_BP	GO:0045987	positive regulation of smooth muscle contraction	5
GO_BP	GO:0045988	negative regulation of striated muscle contraction	2
GO_BP	GO:0045990	carbon catabolite regulation of transcription	1
GO_BP	GO:0045992	negative regulation of embryonic development	1
GO_BP	GO:0045995	regulation of embryonic development	17
GO_BP	GO:0046007	negative regulation of activated T cell proliferation	5
GO_BP	GO:0046015	regulation of transcription by glucose	3
GO_BP	GO:0046031	ADP metabolic process	1
GO_BP	GO:0046033	AMP metabolic process	3
GO_BP	GO:0046034	ATP metabolic process	12
GO_BP	GO:0046036	CTP metabolic process	1
GO_BP	GO:0046037	GMP metabolic process	1
GO_BP	GO:0046038	GMP catabolic process	3
GO_BP	GO:0046039	GTP metabolic process	11
GO_BP	GO:0046040	IMP metabolic process	4
GO_BP	GO:0046041	ITP metabolic process	1
GO_BP	GO:0046042	ITP biosynthetic process	2
GO_BP	GO:0046045	TMP catabolic process	3
GO_BP	GO:0046050	UMP catabolic process	5
GO_BP	GO:0046051	UTP metabolic process	1
GO_BP	GO:0046052	UTP catabolic process	1
GO_BP	GO:0046054	dGMP metabolic process	1
GO_BP	GO:0046055	dGMP catabolic process	2
GO_BP	GO:0046057	dADP catabolic process	1
GO_BP	GO:0046058	cAMP metabolic process	2
GO_BP	GO:0046059	dAMP catabolic process	2
GO_BP	GO:0046061	dATP catabolic process	1
GO_BP	GO:0046067	dGDP catabolic process	1
GO_BP	GO:0046068	cGMP metabolic process	1
GO_BP	GO:0046069	cGMP catabolic process	2
GO_BP	GO:0046074	dTMP catabolic process	4
GO_BP	GO:0046079	dUMP catabolic process	3
GO_BP	GO:0046085	adenosine metabolic process	3
GO_BP	GO:0046100	hypoxanthine metabolic process	1
GO_BP	GO:0046103	inosine biosynthetic process	1
GO_BP	GO:0046104	thymidine metabolic process	1
GO_BP	GO:0046105	thymidine biosynthetic process	2
GO_BP	GO:0046109	uridine biosynthetic process	1
GO_BP	GO:0046121	2'-deoxyribonucleoside catabolic process	1
GO_BP	GO:0046122	purine deoxyribonucleoside metabolic process	1
GO_BP	GO:0046130	purine ribonucleoside catabolic process	1
GO_BP	GO:0046146	tetrahydrobiopterin metabolic process	2
GO_BP	GO:0046166	glyceraldehyde-3-phosphate biosynthetic process	2
GO_BP	GO:0046167	glycerol-3-phosphate biosynthetic process	1
GO_BP	GO:0046185	aldehyde catabolic process	2
GO_BP	GO:0046203	spermidine catabolic process	1
GO_BP	GO:0046204	nor-spermidine metabolic process	1
GO_BP	GO:0046208	spermine catabolic process	2
GO_BP	GO:0046209	nitric oxide metabolic process	9
GO_BP	GO:0046210	nitric oxide catabolic process	1
GO_BP	GO:0046223	aflatoxin catabolic process	1
GO_BP	GO:0046272	stilbene catabolic process	1
GO_BP	GO:0046293	formaldehyde biosynthetic process	1
GO_BP	GO:0046294	formaldehyde catabolic process	1
GO_BP	GO:0046295	glycolate biosynthetic process	1
GO_BP	GO:0046314	phosphocreatine biosynthetic process	1
GO_BP	GO:0046317	regulation of glucosylceramide biosynthetic process	2
GO_BP	GO:0046320	regulation of fatty acid oxidation	3
GO_BP	GO:0046321	positive regulation of fatty acid oxidation	4
GO_BP	GO:0046322	negative regulation of fatty acid oxidation	5
GO_BP	GO:0046324	regulation of D-glucose import across plasma membrane	4
GO_BP	GO:0046325	negative regulation of D-glucose import across plasma membrane	7
GO_BP	GO:0046326	positive regulation of D-glucose import across plasma membrane	16
GO_BP	GO:0046328	regulation of JNK cascade	13
GO_BP	GO:0046329	negative regulation of JNK cascade	19
GO_BP	GO:0046330	positive regulation of JNK cascade	59
GO_BP	GO:0046331	lateral inhibition	1
GO_BP	GO:0046337	phosphatidylethanolamine metabolic process	2
GO_BP	GO:0046338	phosphatidylethanolamine catabolic process	3
GO_BP	GO:0046339	diacylglycerol metabolic process	12
GO_BP	GO:0046340	diacylglycerol catabolic process	4
GO_BP	GO:0046356	acetyl-CoA catabolic process	3
GO_BP	GO:0046359	butyrate catabolic process	1
GO_BP	GO:0046368	GDP-L-fucose metabolic process	1
GO_BP	GO:0046370	fructose biosynthetic process	2
GO_BP	GO:0046380	N-acetylneuraminate biosynthetic process	2
GO_BP	GO:0046395	carboxylic acid catabolic process	2
GO_BP	GO:0046398	UDP-glucuronate metabolic process	1
GO_BP	GO:0046415	urate metabolic process	2
GO_BP	GO:0046425	regulation of receptor signaling pathway via JAK-STAT	6
GO_BP	GO:0046426	negative regulation of receptor signaling pathway via JAK-STAT	16
GO_BP	GO:0046427	positive regulation of receptor signaling pathway via JAK-STAT	15
GO_BP	GO:0046449	creatinine metabolic process	1
GO_BP	GO:0046456	icosanoid biosynthetic process	1
GO_BP	GO:0046457	prostanoid biosynthetic process	5
GO_BP	GO:0046458	hexadecanal metabolic process	1
GO_BP	GO:0046459	short-chain fatty acid metabolic process	2
GO_BP	GO:0046464	acylglycerol catabolic process	5
GO_BP	GO:0046469	platelet activating factor metabolic process	3
GO_BP	GO:0046470	phosphatidylcholine metabolic process	7
GO_BP	GO:0046471	phosphatidylglycerol metabolic process	4
GO_BP	GO:0046473	phosphatidic acid metabolic process	4
GO_BP	GO:0046474	glycerophospholipid biosynthetic process	5
GO_BP	GO:0046475	glycerophospholipid catabolic process	8
GO_BP	GO:0046477	glycosylceramide catabolic process	1
GO_BP	GO:0046479	glycosphingolipid catabolic process	9
GO_BP	GO:0046485	ether lipid metabolic process	5
GO_BP	GO:0046486	glycerolipid metabolic process	7
GO_BP	GO:0046487	glyoxylate metabolic process	2
GO_BP	GO:0046488	phosphatidylinositol metabolic process	14
GO_BP	GO:0046491	L-methylmalonyl-CoA metabolic process	1
GO_BP	GO:0046496	nicotinamide nucleotide metabolic process	1
GO_BP	GO:0046512	sphingosine biosynthetic process	10
GO_BP	GO:0046513	ceramide biosynthetic process	21
GO_BP	GO:0046514	ceramide catabolic process	3
GO_BP	GO:0046533	negative regulation of photoreceptor cell differentiation	2
GO_BP	GO:0046543	development of animal secondary female sexual characteristics	1
GO_BP	GO:0046545	development of primary female sexual characteristics	1
GO_BP	GO:0046546	development of primary male sexual characteristics	1
GO_BP	GO:0046548	retinal rod cell development	3
GO_BP	GO:0046549	retinal cone cell development	3
GO_BP	GO:0046578	regulation of Ras protein signal transduction	6
GO_BP	GO:0046579	positive regulation of Ras protein signal transduction	11
GO_BP	GO:0046580	negative regulation of Ras protein signal transduction	11
GO_BP	GO:0046596	regulation of viral entry into host cell	4
GO_BP	GO:0046597	host-mediated suppression of symbiont invasion	7
GO_BP	GO:0046598	positive regulation of viral entry into host cell	5
GO_BP	GO:0046599	regulation of centriole replication	5
GO_BP	GO:0046600	negative regulation of centriole replication	5
GO_BP	GO:0046601	positive regulation of centriole replication	3
GO_BP	GO:0046602	regulation of mitotic centrosome separation	5
GO_BP	GO:0046604	positive regulation of mitotic centrosome separation	2
GO_BP	GO:0046605	regulation of centrosome cycle	4
GO_BP	GO:0046618	xenobiotic export from cell	1
GO_BP	GO:0046619	lens placode formation involved in camera-type eye formation	1
GO_BP	GO:0046620	regulation of organ growth	2
GO_BP	GO:0046621	negative regulation of organ growth	2
GO_BP	GO:0046626	regulation of insulin receptor signaling pathway	4
GO_BP	GO:0046627	negative regulation of insulin receptor signaling pathway	27
GO_BP	GO:0046628	positive regulation of insulin receptor signaling pathway	11
GO_BP	GO:0046632	alpha-beta T cell differentiation	1
GO_BP	GO:0046636	negative regulation of alpha-beta T cell activation	1
GO_BP	GO:0046638	positive regulation of alpha-beta T cell differentiation	3
GO_BP	GO:0046639	negative regulation of alpha-beta T cell differentiation	1
GO_BP	GO:0046641	positive regulation of alpha-beta T cell proliferation	1
GO_BP	GO:0046649	lymphocyte activation	1
GO_BP	GO:0046651	lymphocyte proliferation	2
GO_BP	GO:0046653	tetrahydrofolate metabolic process	3
GO_BP	GO:0046655	folic acid metabolic process	8
GO_BP	GO:0046661	male sex differentiation	1
GO_BP	GO:0046676	negative regulation of insulin secretion	14
GO_BP	GO:0046677	response to antibiotic	12
GO_BP	GO:0046685	response to arsenic-containing substance	2
GO_BP	GO:0046688	response to copper ion	2
GO_BP	GO:0046697	decidualization	7
GO_BP	GO:0046705	CDP biosynthetic process	1
GO_BP	GO:0046712	GDP catabolic process	1
GO_BP	GO:0046716	muscle cell cellular homeostasis	8
GO_BP	GO:0046718	symbiont entry into host cell	24
GO_BP	GO:0046724	oxalic acid secretion	1
GO_BP	GO:0046725	negative regulation by virus of viral protein levels in host cell	2
GO_BP	GO:0046726	positive regulation by virus of viral protein levels in host cell	4
GO_BP	GO:0046754	viral exocytosis	1
GO_BP	GO:0046755	viral budding	7
GO_BP	GO:0046761	viral budding from plasma membrane	11
GO_BP	GO:0046777	protein autophosphorylation	77
GO_BP	GO:0046782	regulation of viral transcription	1
GO_BP	GO:0046785	microtubule polymerization	8
GO_BP	GO:0046813	receptor-mediated virion attachment to host cell	3
GO_BP	GO:0046814	coreceptor-mediated virion attachment to host cell	1
GO_BP	GO:0046822	regulation of nucleocytoplasmic transport	3
GO_BP	GO:0046824	positive regulation of nucleocytoplasmic transport	1
GO_BP	GO:0046825	regulation of protein export from nucleus	4
GO_BP	GO:0046826	negative regulation of protein export from nucleus	4
GO_BP	GO:0046827	positive regulation of protein export from nucleus	11
GO_BP	GO:0046831	regulation of RNA export from nucleus	1
GO_BP	GO:0046832	negative regulation of RNA export from nucleus	3
GO_BP	GO:0046833	positive regulation of RNA export from nucleus	5
GO_BP	GO:0046834	lipid phosphorylation	9
GO_BP	GO:0046835	carbohydrate phosphorylation	6
GO_BP	GO:0046836	glycolipid transport	5
GO_BP	GO:0046839	phospholipid dephosphorylation	10
GO_BP	GO:0046847	filopodium assembly	17
GO_BP	GO:0046849	bone remodeling	6
GO_BP	GO:0046850	regulation of bone remodeling	5
GO_BP	GO:0046851	negative regulation of bone remodeling	1
GO_BP	GO:0046854	phosphatidylinositol phosphate biosynthetic process	29
GO_BP	GO:0046856	phosphatidylinositol dephosphorylation	15
GO_BP	GO:0046877	regulation of saliva secretion	2
GO_BP	GO:0046878	positive regulation of saliva secretion	2
GO_BP	GO:0046880	regulation of follicle-stimulating hormone secretion	1
GO_BP	GO:0046881	positive regulation of follicle-stimulating hormone secretion	3
GO_BP	GO:0046882	negative regulation of follicle-stimulating hormone secretion	1
GO_BP	GO:0046883	regulation of hormone secretion	2
GO_BP	GO:0046884	follicle-stimulating hormone secretion	1
GO_BP	GO:0046885	regulation of hormone biosynthetic process	1
GO_BP	GO:0046886	positive regulation of hormone biosynthetic process	3
GO_BP	GO:0046887	positive regulation of hormone secretion	4
GO_BP	GO:0046889	positive regulation of lipid biosynthetic process	13
GO_BP	GO:0046890	regulation of lipid biosynthetic process	2
GO_BP	GO:0046898	response to cycloheximide	1
GO_BP	GO:0046900	tetrahydrofolylpolyglutamate metabolic process	1
GO_BP	GO:0046901	tetrahydrofolylpolyglutamate biosynthetic process	1
GO_BP	GO:0046902	regulation of mitochondrial membrane permeability	9
GO_BP	GO:0046903	secretion	2
GO_BP	GO:0046907	intracellular transport	7
GO_BP	GO:0046928	regulation of neurotransmitter secretion	16
GO_BP	GO:0046929	negative regulation of neurotransmitter secretion	5
GO_BP	GO:0046931	pore complex assembly	8
GO_BP	GO:0046949	fatty-acyl-CoA biosynthetic process	6
GO_BP	GO:0046951	ketone body biosynthetic process	5
GO_BP	GO:0046952	ketone body catabolic process	3
GO_BP	GO:0046958	nonassociative learning	1
GO_BP	GO:0046963	3'-phosphoadenosine 5'-phosphosulfate transport	2
GO_BP	GO:0046985	positive regulation of hemoglobin biosynthetic process	6
GO_BP	GO:0046986	negative regulation of hemoglobin biosynthetic process	1
GO_BP	GO:0047484	regulation of response to osmotic stress	1
GO_BP	GO:0047496	vesicle transport along microtubule	12
GO_BP	GO:0047497	mitochondrion transport along microtubule	8
GO_BP	GO:0048002	antigen processing and presentation of peptide antigen	2
GO_BP	GO:0048008	platelet-derived growth factor receptor signaling pathway	14
GO_BP	GO:0048009	insulin-like growth factor receptor signaling pathway	12
GO_BP	GO:0048010	vascular endothelial growth factor receptor signaling pathway	25
GO_BP	GO:0048011	neurotrophin TRK receptor signaling pathway	6
GO_BP	GO:0048012	hepatocyte growth factor receptor signaling pathway	7
GO_BP	GO:0048013	ephrin receptor signaling pathway	42
GO_BP	GO:0048014	Tie signaling pathway	3
GO_BP	GO:0048015	phosphatidylinositol-mediated signaling	22
GO_BP	GO:0048021	regulation of melanin biosynthetic process	2
GO_BP	GO:0048022	negative regulation of melanin biosynthetic process	2
GO_BP	GO:0048023	positive regulation of melanin biosynthetic process	5
GO_BP	GO:0048024	regulation of mRNA splicing, via spliceosome	17
GO_BP	GO:0048025	negative regulation of mRNA splicing, via spliceosome	14
GO_BP	GO:0048026	positive regulation of mRNA splicing, via spliceosome	9
GO_BP	GO:0048041	focal adhesion assembly	18
GO_BP	GO:0048048	embryonic eye morphogenesis	5
GO_BP	GO:0048050	post-embryonic eye morphogenesis	3
GO_BP	GO:0048066	developmental pigmentation	3
GO_BP	GO:0048069	eye pigmentation	1
GO_BP	GO:0048070	regulation of developmental pigmentation	1
GO_BP	GO:0048075	positive regulation of eye pigmentation	1
GO_BP	GO:0048086	negative regulation of developmental pigmentation	1
GO_BP	GO:0048102	autophagic cell death	4
GO_BP	GO:0048103	somatic stem cell division	2
GO_BP	GO:0048105	establishment of body hair planar orientation	1
GO_BP	GO:0048133	male germ-line stem cell asymmetric division	1
GO_BP	GO:0048143	astrocyte activation	5
GO_BP	GO:0048144	fibroblast proliferation	1
GO_BP	GO:0048145	regulation of fibroblast proliferation	1
GO_BP	GO:0048146	positive regulation of fibroblast proliferation	22
GO_BP	GO:0048147	negative regulation of fibroblast proliferation	16
GO_BP	GO:0048148	behavioral response to cocaine	1
GO_BP	GO:0048149	behavioral response to ethanol	3
GO_BP	GO:0048167	regulation of synaptic plasticity	44
GO_BP	GO:0048168	regulation of neuronal synaptic plasticity	11
GO_BP	GO:0048169	regulation of long-term neuronal synaptic plasticity	8
GO_BP	GO:0048170	positive regulation of long-term neuronal synaptic plasticity	6
GO_BP	GO:0048172	regulation of short-term neuronal synaptic plasticity	13
GO_BP	GO:0048193	Golgi vesicle transport	9
GO_BP	GO:0048194	Golgi vesicle budding	3
GO_BP	GO:0048205	COPI coating of Golgi vesicle	6
GO_BP	GO:0048208	COPII vesicle coat assembly	12
GO_BP	GO:0048210	Golgi vesicle fusion to target membrane	1
GO_BP	GO:0048219	inter-Golgi cisterna vesicle-mediated transport	1
GO_BP	GO:0048227	plasma membrane to endosome transport	8
GO_BP	GO:0048232	male gamete generation	1
GO_BP	GO:0048239	negative regulation of DNA recombination at telomere	1
GO_BP	GO:0048240	sperm capacitation	5
GO_BP	GO:0048242	epinephrine secretion	1
GO_BP	GO:0048245	eosinophil chemotaxis	3
GO_BP	GO:0048246	macrophage chemotaxis	5
GO_BP	GO:0048247	lymphocyte chemotaxis	1
GO_BP	GO:0048250	iron import into the mitochondrion	2
GO_BP	GO:0048251	elastic fiber assembly	6
GO_BP	GO:0048254	snoRNA localization	3
GO_BP	GO:0048255	mRNA stabilization	25
GO_BP	GO:0048259	regulation of receptor-mediated endocytosis	4
GO_BP	GO:0048260	positive regulation of receptor-mediated endocytosis	13
GO_BP	GO:0048261	negative regulation of receptor-mediated endocytosis	4
GO_BP	GO:0048263	determination of dorsal identity	1
GO_BP	GO:0048264	determination of ventral identity	1
GO_BP	GO:0048265	response to pain	4
GO_BP	GO:0048266	behavioral response to pain	3
GO_BP	GO:0048268	clathrin coat assembly	16
GO_BP	GO:0048280	vesicle fusion with Golgi apparatus	4
GO_BP	GO:0048284	organelle fusion	2
GO_BP	GO:0048286	lung alveolus development	9
GO_BP	GO:0048291	isotype switching to IgG isotypes	1
GO_BP	GO:0048298	positive regulation of isotype switching to IgA isotypes	1
GO_BP	GO:0048302	regulation of isotype switching to IgG isotypes	1
GO_BP	GO:0048311	mitochondrion distribution	6
GO_BP	GO:0048312	intracellular distribution of mitochondria	4
GO_BP	GO:0048313	Golgi inheritance	1
GO_BP	GO:0048332	mesoderm morphogenesis	1
GO_BP	GO:0048333	mesodermal cell differentiation	6
GO_BP	GO:0048340	paraxial mesoderm morphogenesis	1
GO_BP	GO:0048382	mesendoderm development	2
GO_BP	GO:0048384	retinoic acid receptor signaling pathway	10
GO_BP	GO:0048385	regulation of retinoic acid receptor signaling pathway	2
GO_BP	GO:0048386	positive regulation of retinoic acid receptor signaling pathway	3
GO_BP	GO:0048387	negative regulation of retinoic acid receptor signaling pathway	4
GO_BP	GO:0048388	endosomal lumen acidification	2
GO_BP	GO:0048392	intermediate mesodermal cell differentiation	1
GO_BP	GO:0048468	cell development	10
GO_BP	GO:0048469	cell maturation	5
GO_BP	GO:0048477	oogenesis	9
GO_BP	GO:0048484	enteric nervous system development	7
GO_BP	GO:0048485	sympathetic nervous system development	5
GO_BP	GO:0048488	synaptic vesicle endocytosis	21
GO_BP	GO:0048489	synaptic vesicle transport	16
GO_BP	GO:0048490	anterograde synaptic vesicle transport	16
GO_BP	GO:0048496	maintenance of animal organ identity	4
GO_BP	GO:0048499	synaptic vesicle membrane organization	4
GO_BP	GO:0048512	circadian behavior	6
GO_BP	GO:0048513	animal organ development	7
GO_BP	GO:0048514	blood vessel morphogenesis	11
GO_BP	GO:0048515	spermatid differentiation	4
GO_BP	GO:0048524	positive regulation of viral process	2
GO_BP	GO:0048535	lymph node development	4
GO_BP	GO:0048536	spleen development	4
GO_BP	GO:0048538	thymus development	8
GO_BP	GO:0048539	bone marrow development	3
GO_BP	GO:0048541	Peyer's patch development	1
GO_BP	GO:0048545	response to steroid hormone	6
GO_BP	GO:0048546	digestive tract morphogenesis	4
GO_BP	GO:0048549	positive regulation of pinocytosis	5
GO_BP	GO:0048550	negative regulation of pinocytosis	3
GO_BP	GO:0048557	embryonic digestive tract morphogenesis	6
GO_BP	GO:0048560	establishment of anatomical structure orientation	1
GO_BP	GO:0048562	embryonic organ morphogenesis	3
GO_BP	GO:0048565	digestive tract development	7
GO_BP	GO:0048566	embryonic digestive tract development	8
GO_BP	GO:0048568	embryonic organ development	12
GO_BP	GO:0048570	notochord morphogenesis	1
GO_BP	GO:0048588	developmental cell growth	1
GO_BP	GO:0048589	developmental growth	3
GO_BP	GO:0048592	eye morphogenesis	3
GO_BP	GO:0048593	camera-type eye morphogenesis	10
GO_BP	GO:0048596	embryonic camera-type eye morphogenesis	3
GO_BP	GO:0048598	embryonic morphogenesis	8
GO_BP	GO:0048599	oocyte development	2
GO_BP	GO:0048608	reproductive structure development	1
GO_BP	GO:0048617	embryonic foregut morphogenesis	1
GO_BP	GO:0048619	embryonic hindgut morphogenesis	1
GO_BP	GO:0048625	myoblast fate commitment	2
GO_BP	GO:0048627	myoblast development	1
GO_BP	GO:0048633	positive regulation of skeletal muscle tissue growth	1
GO_BP	GO:0048634	regulation of muscle organ development	1
GO_BP	GO:0048635	negative regulation of muscle organ development	1
GO_BP	GO:0048638	regulation of developmental growth	1
GO_BP	GO:0048639	positive regulation of developmental growth	2
GO_BP	GO:0048640	negative regulation of developmental growth	1
GO_BP	GO:0048641	regulation of skeletal muscle tissue development	1
GO_BP	GO:0048642	negative regulation of skeletal muscle tissue development	2
GO_BP	GO:0048643	positive regulation of skeletal muscle tissue development	1
GO_BP	GO:0048644	muscle organ morphogenesis	1
GO_BP	GO:0048646	anatomical structure formation involved in morphogenesis	1
GO_BP	GO:0048659	smooth muscle cell proliferation	2
GO_BP	GO:0048660	regulation of smooth muscle cell proliferation	7
GO_BP	GO:0048661	positive regulation of smooth muscle cell proliferation	20
GO_BP	GO:0048662	negative regulation of smooth muscle cell proliferation	12
GO_BP	GO:0048663	neuron fate commitment	6
GO_BP	GO:0048665	neuron fate specification	5
GO_BP	GO:0048666	neuron development	26
GO_BP	GO:0048667	cell morphogenesis involved in neuron differentiation	4
GO_BP	GO:0048668	collateral sprouting	1
GO_BP	GO:0048669	collateral sprouting in absence of injury	2
GO_BP	GO:0048671	negative regulation of collateral sprouting	6
GO_BP	GO:0048672	positive regulation of collateral sprouting	3
GO_BP	GO:0048675	axon extension	14
GO_BP	GO:0048678	response to axon injury	12
GO_BP	GO:0048679	regulation of axon regeneration	1
GO_BP	GO:0048680	positive regulation of axon regeneration	2
GO_BP	GO:0048681	negative regulation of axon regeneration	7
GO_BP	GO:0048692	negative regulation of axon extension involved in regeneration	1
GO_BP	GO:0048699	generation of neurons	7
GO_BP	GO:0048701	embryonic cranial skeleton morphogenesis	7
GO_BP	GO:0048702	embryonic neurocranium morphogenesis	2
GO_BP	GO:0048703	embryonic viscerocranium morphogenesis	4
GO_BP	GO:0048704	embryonic skeletal system morphogenesis	6
GO_BP	GO:0048705	skeletal system morphogenesis	13
GO_BP	GO:0048706	embryonic skeletal system development	14
GO_BP	GO:0048708	astrocyte differentiation	2
GO_BP	GO:0048709	oligodendrocyte differentiation	11
GO_BP	GO:0048710	regulation of astrocyte differentiation	2
GO_BP	GO:0048711	positive regulation of astrocyte differentiation	6
GO_BP	GO:0048712	negative regulation of astrocyte differentiation	1
GO_BP	GO:0048713	regulation of oligodendrocyte differentiation	4
GO_BP	GO:0048714	positive regulation of oligodendrocyte differentiation	8
GO_BP	GO:0048715	negative regulation of oligodendrocyte differentiation	5
GO_BP	GO:0048730	epidermis morphogenesis	1
GO_BP	GO:0048738	cardiac muscle tissue development	8
GO_BP	GO:0048741	skeletal muscle fiber development	10
GO_BP	GO:0048742	regulation of skeletal muscle fiber development	2
GO_BP	GO:0048745	smooth muscle tissue development	7
GO_BP	GO:0048752	semicircular canal morphogenesis	2
GO_BP	GO:0048754	branching morphogenesis of an epithelial tube	9
GO_BP	GO:0048755	branching morphogenesis of a nerve	3
GO_BP	GO:0048757	pigment granule maturation	1
GO_BP	GO:0048762	mesenchymal cell differentiation	6
GO_BP	GO:0048769	sarcomerogenesis	1
GO_BP	GO:0048771	tissue remodeling	2
GO_BP	GO:0048789	cytoskeletal matrix organization at active zone	1
GO_BP	GO:0048790	maintenance of presynaptic active zone structure	2
GO_BP	GO:0048791	calcium ion-regulated exocytosis of neurotransmitter	2
GO_BP	GO:0048793	pronephros development	2
GO_BP	GO:0048806	genitalia development	6
GO_BP	GO:0048807	female genitalia morphogenesis	1
GO_BP	GO:0048812	neuron projection morphogenesis	44
GO_BP	GO:0048813	dendrite morphogenesis	15
GO_BP	GO:0048814	regulation of dendrite morphogenesis	18
GO_BP	GO:0048820	hair follicle maturation	1
GO_BP	GO:0048821	erythrocyte development	6
GO_BP	GO:0048823	nucleate erythrocyte development	1
GO_BP	GO:0048839	inner ear development	13
GO_BP	GO:0048841	regulation of axon extension involved in axon guidance	1
GO_BP	GO:0048842	positive regulation of axon extension involved in axon guidance	4
GO_BP	GO:0048843	negative regulation of axon extension involved in axon guidance	1
GO_BP	GO:0048844	artery morphogenesis	9
GO_BP	GO:0048845	venous blood vessel morphogenesis	3
GO_BP	GO:0048846	axon extension involved in axon guidance	8
GO_BP	GO:0048853	forebrain morphogenesis	2
GO_BP	GO:0048854	brain morphogenesis	8
GO_BP	GO:0048858	cell projection morphogenesis	5
GO_BP	GO:0048861	leukemia inhibitory factor signaling pathway	5
GO_BP	GO:0048863	stem cell differentiation	19
GO_BP	GO:0048864	stem cell development	2
GO_BP	GO:0048870	cell motility	22
GO_BP	GO:0048873	homeostasis of number of cells within a tissue	3
GO_BP	GO:0048874	host-mediated modulation of intestinal microbiota composition	2
GO_BP	GO:0048880	sensory system development	2
GO_BP	GO:0048935	peripheral nervous system neuron development	2
GO_BP	GO:0048936	peripheral nervous system neuron axonogenesis	1
GO_BP	GO:0050000	chromosome localization	1
GO_BP	GO:0050427	3'-phosphoadenosine 5'-phosphosulfate metabolic process	6
GO_BP	GO:0050428	3'-phosphoadenosine 5'-phosphosulfate biosynthetic process	2
GO_BP	GO:0050434	positive regulation of viral transcription	3
GO_BP	GO:0050435	amyloid-beta metabolic process	7
GO_BP	GO:0050482	arachidonate secretion	4
GO_BP	GO:0050650	chondroitin sulfate proteoglycan biosynthetic process	21
GO_BP	GO:0050651	dermatan sulfate proteoglycan biosynthetic process	9
GO_BP	GO:0050654	chondroitin sulfate proteoglycan metabolic process	1
GO_BP	GO:0050655	dermatan sulfate proteoglycan metabolic process	2
GO_BP	GO:0050658	RNA transport	6
GO_BP	GO:0050665	hydrogen peroxide biosynthetic process	3
GO_BP	GO:0050667	homocysteine metabolic process	7
GO_BP	GO:0050671	positive regulation of lymphocyte proliferation	2
GO_BP	GO:0050672	negative regulation of lymphocyte proliferation	1
GO_BP	GO:0050673	epithelial cell proliferation	3
GO_BP	GO:0050674	urothelial cell proliferation	1
GO_BP	GO:0050677	positive regulation of urothelial cell proliferation	1
GO_BP	GO:0050678	regulation of epithelial cell proliferation	2
GO_BP	GO:0050679	positive regulation of epithelial cell proliferation	28
GO_BP	GO:0050680	negative regulation of epithelial cell proliferation	19
GO_BP	GO:0050684	regulation of mRNA processing	13
GO_BP	GO:0050687	negative regulation of defense response to virus	8
GO_BP	GO:0050688	regulation of defense response to virus	3
GO_BP	GO:0050689	negative regulation of defense response to virus by host	3
GO_BP	GO:0050691	regulation of defense response to virus by host	2
GO_BP	GO:0050708	regulation of protein secretion	7
GO_BP	GO:0050709	negative regulation of protein secretion	10
GO_BP	GO:0050714	positive regulation of protein secretion	24
GO_BP	GO:0050727	regulation of inflammatory response	38
GO_BP	GO:0050728	negative regulation of inflammatory response	59
GO_BP	GO:0050729	positive regulation of inflammatory response	48
GO_BP	GO:0050730	regulation of peptidyl-tyrosine phosphorylation	3
GO_BP	GO:0050731	positive regulation of peptidyl-tyrosine phosphorylation	8
GO_BP	GO:0050732	negative regulation of peptidyl-tyrosine phosphorylation	5
GO_BP	GO:0050748	negative regulation of lipoprotein metabolic process	2
GO_BP	GO:0050764	regulation of phagocytosis	6
GO_BP	GO:0050765	negative regulation of phagocytosis	7
GO_BP	GO:0050766	positive regulation of phagocytosis	25
GO_BP	GO:0050767	regulation of neurogenesis	20
GO_BP	GO:0050768	negative regulation of neurogenesis	8
GO_BP	GO:0050769	positive regulation of neurogenesis	17
GO_BP	GO:0050770	regulation of axonogenesis	14
GO_BP	GO:0050771	negative regulation of axonogenesis	6
GO_BP	GO:0050772	positive regulation of axonogenesis	18
GO_BP	GO:0050773	regulation of dendrite development	10
GO_BP	GO:0050774	negative regulation of dendrite morphogenesis	4
GO_BP	GO:0050775	positive regulation of dendrite morphogenesis	10
GO_BP	GO:0050776	regulation of immune response	8
GO_BP	GO:0050777	negative regulation of immune response	3
GO_BP	GO:0050778	positive regulation of immune response	3
GO_BP	GO:0050779	RNA destabilization	2
GO_BP	GO:0050784	cocaine catabolic process	1
GO_BP	GO:0050790	regulation of catalytic activity	3
GO_BP	GO:0050795	regulation of behavior	4
GO_BP	GO:0050796	regulation of insulin secretion	21
GO_BP	GO:0050801	monoatomic ion homeostasis	4
GO_BP	GO:0050802	circadian sleep/wake cycle, sleep	1
GO_BP	GO:0050803	regulation of synapse structure or activity	4
GO_BP	GO:0050804	modulation of chemical synaptic transmission	43
GO_BP	GO:0050806	positive regulation of synaptic transmission	9
GO_BP	GO:0050807	regulation of synapse organization	10
GO_BP	GO:0050808	synapse organization	40
GO_BP	GO:0050810	regulation of steroid biosynthetic process	2
GO_BP	GO:0050819	negative regulation of coagulation	2
GO_BP	GO:0050820	positive regulation of coagulation	3
GO_BP	GO:0050821	protein stabilization	155
GO_BP	GO:0050829	defense response to Gram-negative bacterium	26
GO_BP	GO:0050830	defense response to Gram-positive bacterium	23
GO_BP	GO:0050832	defense response to fungus	1
GO_BP	GO:0050847	progesterone receptor signaling pathway	10
GO_BP	GO:0050848	regulation of calcium-mediated signaling	6
GO_BP	GO:0050849	negative regulation of calcium-mediated signaling	4
GO_BP	GO:0050850	positive regulation of calcium-mediated signaling	17
GO_BP	GO:0050851	antigen receptor-mediated signaling pathway	1
GO_BP	GO:0050852	T cell receptor signaling pathway	49
GO_BP	GO:0050853	B cell receptor signaling pathway	20
GO_BP	GO:0050855	regulation of B cell receptor signaling pathway	1
GO_BP	GO:0050856	regulation of T cell receptor signaling pathway	1
GO_BP	GO:0050859	negative regulation of B cell receptor signaling pathway	3
GO_BP	GO:0050860	negative regulation of T cell receptor signaling pathway	19
GO_BP	GO:0050861	positive regulation of B cell receptor signaling pathway	4
GO_BP	GO:0050862	positive regulation of T cell receptor signaling pathway	7
GO_BP	GO:0050863	regulation of T cell activation	2
GO_BP	GO:0050864	regulation of B cell activation	1
GO_BP	GO:0050866	negative regulation of cell activation	2
GO_BP	GO:0050868	negative regulation of T cell activation	13
GO_BP	GO:0050869	negative regulation of B cell activation	4
GO_BP	GO:0050870	positive regulation of T cell activation	14
GO_BP	GO:0050871	positive regulation of B cell activation	3
GO_BP	GO:0050872	white fat cell differentiation	4
GO_BP	GO:0050873	brown fat cell differentiation	6
GO_BP	GO:0050877	nervous system process	14
GO_BP	GO:0050878	regulation of body fluid levels	1
GO_BP	GO:0050882	voluntary musculoskeletal movement	2
GO_BP	GO:0050884	neuromuscular process controlling posture	1
GO_BP	GO:0050885	neuromuscular process controlling balance	8
GO_BP	GO:0050890	cognition	35
GO_BP	GO:0050891	multicellular organismal-level water homeostasis	5
GO_BP	GO:0050892	intestinal absorption	6
GO_BP	GO:0050893	sensory processing	2
GO_BP	GO:0050894	determination of affect	1
GO_BP	GO:0050900	leukocyte migration	16
GO_BP	GO:0050901	leukocyte tethering or rolling	10
GO_BP	GO:0050902	leukocyte adhesive activation	1
GO_BP	GO:0050904	diapedesis	2
GO_BP	GO:0050905	neuromuscular process	5
GO_BP	GO:0050908	detection of light stimulus involved in visual perception	3
GO_BP	GO:0050909	sensory perception of taste	2
GO_BP	GO:0050910	detection of mechanical stimulus involved in sensory perception of sound	7
GO_BP	GO:0050911	detection of chemical stimulus involved in sensory perception of smell	2
GO_BP	GO:0050912	detection of chemical stimulus involved in sensory perception of taste	1
GO_BP	GO:0050915	sensory perception of sour taste	3
GO_BP	GO:0050917	sensory perception of umami taste	1
GO_BP	GO:0050918	positive chemotaxis	14
GO_BP	GO:0050919	negative chemotaxis	22
GO_BP	GO:0050920	regulation of chemotaxis	6
GO_BP	GO:0050921	positive regulation of chemotaxis	11
GO_BP	GO:0050922	negative regulation of chemotaxis	1
GO_BP	GO:0050925	negative regulation of negative chemotaxis	2
GO_BP	GO:0050927	positive regulation of positive chemotaxis	5
GO_BP	GO:0050928	negative regulation of positive chemotaxis	1
GO_BP	GO:0050929	induction of negative chemotaxis	1
GO_BP	GO:0050930	induction of positive chemotaxis	9
GO_BP	GO:0050942	positive regulation of pigment cell differentiation	2
GO_BP	GO:0050951	sensory perception of temperature stimulus	1
GO_BP	GO:0050953	sensory perception of light stimulus	6
GO_BP	GO:0050954	sensory perception of mechanical stimulus	1
GO_BP	GO:0050957	equilibrioception	4
GO_BP	GO:0050965	detection of temperature stimulus involved in sensory perception of pain	5
GO_BP	GO:0050966	detection of mechanical stimulus involved in sensory perception of pain	3
GO_BP	GO:0050974	detection of mechanical stimulus involved in sensory perception	2
GO_BP	GO:0050975	sensory perception of touch	1
GO_BP	GO:0050976	detection of mechanical stimulus involved in sensory perception of touch	4
GO_BP	GO:0050982	detection of mechanical stimulus	9
GO_BP	GO:0050994	regulation of lipid catabolic process	2
GO_BP	GO:0050995	negative regulation of lipid catabolic process	10
GO_BP	GO:0050996	positive regulation of lipid catabolic process	3
GO_BP	GO:0051000	positive regulation of nitric-oxide synthase activity	2
GO_BP	GO:0051001	negative regulation of nitric-oxide synthase activity	2
GO_BP	GO:0051013	microtubule severing	6
GO_BP	GO:0051014	actin filament severing	9
GO_BP	GO:0051016	barbed-end actin filament capping	11
GO_BP	GO:0051017	actin filament bundle assembly	25
GO_BP	GO:0051028	mRNA transport	9
GO_BP	GO:0051029	rRNA transport	1
GO_BP	GO:0051031	tRNA transport	1
GO_BP	GO:0051036	regulation of endosome size	2
GO_BP	GO:0051041	positive regulation of calcium-independent cell-cell adhesion	1
GO_BP	GO:0051042	negative regulation of calcium-independent cell-cell adhesion	1
GO_BP	GO:0051043	regulation of membrane protein ectodomain proteolysis	3
GO_BP	GO:0051044	positive regulation of membrane protein ectodomain proteolysis	8
GO_BP	GO:0051045	negative regulation of membrane protein ectodomain proteolysis	5
GO_BP	GO:0051046	regulation of secretion	5
GO_BP	GO:0051047	positive regulation of secretion	2
GO_BP	GO:0051048	negative regulation of secretion	3
GO_BP	GO:0051049	regulation of transport	1
GO_BP	GO:0051051	negative regulation of transport	2
GO_BP	GO:0051053	negative regulation of DNA metabolic process	1
GO_BP	GO:0051055	negative regulation of lipid biosynthetic process	3
GO_BP	GO:0051056	regulation of small GTPase mediated signal transduction	84
GO_BP	GO:0051057	positive regulation of small GTPase mediated signal transduction	3
GO_BP	GO:0051058	negative regulation of small GTPase mediated signal transduction	13
GO_BP	GO:0051066	dihydrobiopterin metabolic process	1
GO_BP	GO:0051081	nuclear membrane disassembly	2
GO_BP	GO:0051083	'de novo' cotranslational protein folding	4
GO_BP	GO:0051084	'de novo' post-translational protein folding	3
GO_BP	GO:0051089	constitutive protein ectodomain proteolysis	1
GO_BP	GO:0051096	positive regulation of helicase activity	1
GO_BP	GO:0051097	negative regulation of helicase activity	1
GO_BP	GO:0051099	positive regulation of binding	2
GO_BP	GO:0051122	hepoxilin biosynthetic process	5
GO_BP	GO:0051123	RNA polymerase II preinitiation complex assembly	17
GO_BP	GO:0051124	synaptic assembly at neuromuscular junction	1
GO_BP	GO:0051125	regulation of actin nucleation	1
GO_BP	GO:0051126	negative regulation of actin nucleation	2
GO_BP	GO:0051127	positive regulation of actin nucleation	2
GO_BP	GO:0051128	regulation of cellular component organization	1
GO_BP	GO:0051131	chaperone-mediated protein complex assembly	17
GO_BP	GO:0051132	NK T cell activation	2
GO_BP	GO:0051134	negative regulation of NK T cell activation	1
GO_BP	GO:0051135	positive regulation of NK T cell activation	1
GO_BP	GO:0051138	positive regulation of NK T cell differentiation	1
GO_BP	GO:0051141	negative regulation of NK T cell proliferation	1
GO_BP	GO:0051142	positive regulation of NK T cell proliferation	2
GO_BP	GO:0051145	smooth muscle cell differentiation	5
GO_BP	GO:0051146	striated muscle cell differentiation	2
GO_BP	GO:0051147	regulation of muscle cell differentiation	6
GO_BP	GO:0051148	negative regulation of muscle cell differentiation	5
GO_BP	GO:0051149	positive regulation of muscle cell differentiation	5
GO_BP	GO:0051150	regulation of smooth muscle cell differentiation	2
GO_BP	GO:0051151	negative regulation of smooth muscle cell differentiation	4
GO_BP	GO:0051152	positive regulation of smooth muscle cell differentiation	3
GO_BP	GO:0051153	regulation of striated muscle cell differentiation	1
GO_BP	GO:0051155	positive regulation of striated muscle cell differentiation	1
GO_BP	GO:0051156	glucose 6-phosphate metabolic process	6
GO_BP	GO:0051160	xylitol catabolic process	1
GO_BP	GO:0051164	xylitol metabolic process	1
GO_BP	GO:0051168	nuclear export	10
GO_BP	GO:0051169	nuclear transport	1
GO_BP	GO:0051170	import into nucleus	3
GO_BP	GO:0051177	meiotic sister chromatid cohesion	2
GO_BP	GO:0051180	vitamin transport	1
GO_BP	GO:0051204	protein insertion into mitochondrial membrane	2
GO_BP	GO:0051205	protein insertion into membrane	2
GO_BP	GO:0051209	release of sequestered calcium ion into cytosol	26
GO_BP	GO:0051216	cartilage development	18
GO_BP	GO:0051222	positive regulation of protein transport	1
GO_BP	GO:0051223	regulation of protein transport	3
GO_BP	GO:0051224	negative regulation of protein transport	3
GO_BP	GO:0051225	spindle assembly	25
GO_BP	GO:0051228	mitotic spindle disassembly	3
GO_BP	GO:0051231	spindle elongation	1
GO_BP	GO:0051246	regulation of protein metabolic process	5
GO_BP	GO:0051247	positive regulation of protein metabolic process	14
GO_BP	GO:0051248	negative regulation of protein metabolic process	4
GO_BP	GO:0051252	regulation of RNA metabolic process	5
GO_BP	GO:0051256	mitotic spindle midzone assembly	2
GO_BP	GO:0051257	meiotic spindle midzone assembly	1
GO_BP	GO:0051258	protein polymerization	9
GO_BP	GO:0051259	protein complex oligomerization	19
GO_BP	GO:0051260	protein homooligomerization	51
GO_BP	GO:0051261	protein depolymerization	1
GO_BP	GO:0051262	protein tetramerization	15
GO_BP	GO:0051276	chromosome organization	11
GO_BP	GO:0051279	regulation of release of sequestered calcium ion into cytosol	6
GO_BP	GO:0051280	negative regulation of release of sequestered calcium ion into cytosol	2
GO_BP	GO:0051281	positive regulation of release of sequestered calcium ion into cytosol	16
GO_BP	GO:0051289	protein homotetramerization	38
GO_BP	GO:0051290	protein heterotetramerization	13
GO_BP	GO:0051291	protein heterooligomerization	6
GO_BP	GO:0051292	nuclear pore complex assembly	10
GO_BP	GO:0051293	establishment of spindle localization	2
GO_BP	GO:0051294	establishment of spindle orientation	3
GO_BP	GO:0051295	establishment of meiotic spindle localization	3
GO_BP	GO:0051296	establishment of meiotic spindle orientation	1
GO_BP	GO:0051298	centrosome duplication	10
GO_BP	GO:0051299	centrosome separation	2
GO_BP	GO:0051301	cell division	19
GO_BP	GO:0051302	regulation of cell division	14
GO_BP	GO:0051304	chromosome separation	2
GO_BP	GO:0051306	mitotic sister chromatid separation	2
GO_BP	GO:0051310	metaphase chromosome alignment	8
GO_BP	GO:0051315	attachment of mitotic spindle microtubules to kinetochore	10
GO_BP	GO:0051321	meiotic cell cycle	12
GO_BP	GO:0051349	positive regulation of lyase activity	1
GO_BP	GO:0051351	positive regulation of ligase activity	2
GO_BP	GO:0051354	negative regulation of oxidoreductase activity	2
GO_BP	GO:0051382	kinetochore assembly	6
GO_BP	GO:0051383	kinetochore organization	1
GO_BP	GO:0051384	response to glucocorticoid	3
GO_BP	GO:0051386	regulation of neurotrophin TRK receptor signaling pathway	2
GO_BP	GO:0051387	negative regulation of neurotrophin TRK receptor signaling pathway	2
GO_BP	GO:0051388	positive regulation of neurotrophin TRK receptor signaling pathway	1
GO_BP	GO:0051391	tRNA acetylation	1
GO_BP	GO:0051402	neuron apoptotic process	19
GO_BP	GO:0051403	stress-activated MAPK cascade	14
GO_BP	GO:0051409	response to nitrosative stress	1
GO_BP	GO:0051414	response to cortisol	2
GO_BP	GO:0051415	microtubule nucleation by interphase microtubule organizing center	1
GO_BP	GO:0051418	microtubule nucleation by microtubule organizing center	1
GO_BP	GO:0051443	positive regulation of ubiquitin-protein transferase activity	3
GO_BP	GO:0051444	negative regulation of ubiquitin-protein transferase activity	3
GO_BP	GO:0051445	regulation of meiotic cell cycle	1
GO_BP	GO:0051447	negative regulation of meiotic cell cycle	2
GO_BP	GO:0051450	myoblast proliferation	2
GO_BP	GO:0051451	myoblast migration	4
GO_BP	GO:0051452	intracellular pH reduction	2
GO_BP	GO:0051453	regulation of intracellular pH	24
GO_BP	GO:0051454	intracellular pH elevation	2
GO_BP	GO:0051457	maintenance of protein location in nucleus	12
GO_BP	GO:0051459	regulation of corticotropin secretion	1
GO_BP	GO:0051460	negative regulation of corticotropin secretion	1
GO_BP	GO:0051461	positive regulation of corticotropin secretion	3
GO_BP	GO:0051464	positive regulation of cortisol secretion	3
GO_BP	GO:0051466	positive regulation of corticotropin-releasing hormone secretion	1
GO_BP	GO:0051480	regulation of cytosolic calcium ion concentration	31
GO_BP	GO:0051481	negative regulation of cytosolic calcium ion concentration	6
GO_BP	GO:0051489	regulation of filopodium assembly	12
GO_BP	GO:0051490	negative regulation of filopodium assembly	3
GO_BP	GO:0051491	positive regulation of filopodium assembly	23
GO_BP	GO:0051492	regulation of stress fiber assembly	10
GO_BP	GO:0051493	regulation of cytoskeleton organization	16
GO_BP	GO:0051495	positive regulation of cytoskeleton organization	4
GO_BP	GO:0051496	positive regulation of stress fiber assembly	38
GO_BP	GO:0051497	negative regulation of stress fiber assembly	19
GO_BP	GO:0051503	adenine nucleotide transport	2
GO_BP	GO:0051541	elastin metabolic process	1
GO_BP	GO:0051546	keratinocyte migration	1
GO_BP	GO:0051549	positive regulation of keratinocyte migration	9
GO_BP	GO:0051560	mitochondrial calcium ion homeostasis	13
GO_BP	GO:0051561	positive regulation of mitochondrial calcium ion concentration	7
GO_BP	GO:0051562	negative regulation of mitochondrial calcium ion concentration	2
GO_BP	GO:0051563	smooth endoplasmic reticulum calcium ion homeostasis	1
GO_BP	GO:0051580	regulation of neurotransmitter uptake	1
GO_BP	GO:0051582	positive regulation of neurotransmitter uptake	1
GO_BP	GO:0051583	dopamine uptake involved in synaptic transmission	1
GO_BP	GO:0051584	regulation of dopamine uptake involved in synaptic transmission	1
GO_BP	GO:0051585	negative regulation of dopamine uptake involved in synaptic transmission	1
GO_BP	GO:0051586	positive regulation of dopamine uptake involved in synaptic transmission	2
GO_BP	GO:0051591	response to cAMP	4
GO_BP	GO:0051592	response to calcium ion	21
GO_BP	GO:0051596	methylglyoxal catabolic process	1
GO_BP	GO:0051598	meiotic recombination checkpoint signaling	1
GO_BP	GO:0051599	response to hydrostatic pressure	1
GO_BP	GO:0051601	exocyst localization	4
GO_BP	GO:0051604	protein maturation	65
GO_BP	GO:0051606	detection of stimulus	1
GO_BP	GO:0051607	defense response to virus	60
GO_BP	GO:0051608	histamine transport	2
GO_BP	GO:0051610	serotonin uptake	5
GO_BP	GO:0051611	regulation of serotonin uptake	1
GO_BP	GO:0051612	negative regulation of serotonin uptake	3
GO_BP	GO:0051615	histamine uptake	3
GO_BP	GO:0051620	norepinephrine uptake	2
GO_BP	GO:0051621	regulation of norepinephrine uptake	2
GO_BP	GO:0051622	negative regulation of norepinephrine uptake	1
GO_BP	GO:0051623	positive regulation of norepinephrine uptake	1
GO_BP	GO:0051625	epinephrine uptake	2
GO_BP	GO:0051630	acetylcholine uptake	1
GO_BP	GO:0051631	regulation of acetylcholine uptake	1
GO_BP	GO:0051638	barbed-end actin filament uncapping	1
GO_BP	GO:0051639	actin filament network formation	11
GO_BP	GO:0051640	organelle localization	3
GO_BP	GO:0051641	cellular localization	1
GO_BP	GO:0051642	centrosome localization	10
GO_BP	GO:0051645	Golgi localization	4
GO_BP	GO:0051646	mitochondrion localization	5
GO_BP	GO:0051647	nucleus localization	2
GO_BP	GO:0051649	establishment of localization in cell	2
GO_BP	GO:0051650	establishment of vesicle localization	5
GO_BP	GO:0051654	establishment of mitochondrion localization	1
GO_BP	GO:0051658	maintenance of nucleus location	1
GO_BP	GO:0051659	maintenance of mitochondrion location	1
GO_BP	GO:0051660	establishment of centrosome localization	3
GO_BP	GO:0051661	maintenance of centrosome location	4
GO_BP	GO:0051664	nuclear pore localization	5
GO_BP	GO:0051665	membrane raft localization	1
GO_BP	GO:0051666	actin cortical patch localization	1
GO_BP	GO:0051668	localization within membrane	2
GO_BP	GO:0051683	establishment of Golgi localization	8
GO_BP	GO:0051684	maintenance of Golgi location	3
GO_BP	GO:0051685	maintenance of ER location	1
GO_BP	GO:0051693	actin filament capping	1
GO_BP	GO:0051695	actin filament uncapping	1
GO_BP	GO:0051697	protein delipidation	4
GO_BP	GO:0051702	biological process involved in interaction with symbiont	4
GO_BP	GO:0051715	cytolysis in another organism	2
GO_BP	GO:0051725	protein de-ADP-ribosylation	4
GO_BP	GO:0051726	regulation of cell cycle	137
GO_BP	GO:0051729	germline cell cycle switching, mitotic to meiotic cell cycle	2
GO_BP	GO:0051754	meiotic sister chromatid cohesion, centromeric	3
GO_BP	GO:0051758	homologous chromosome movement towards spindle pole in meiosis I anaphase	1
GO_BP	GO:0051764	actin crosslink formation	10
GO_BP	GO:0051775	response to redox state	7
GO_BP	GO:0051781	positive regulation of cell division	7
GO_BP	GO:0051782	negative regulation of cell division	4
GO_BP	GO:0051788	response to misfolded protein	2
GO_BP	GO:0051790	short-chain fatty acid biosynthetic process	1
GO_BP	GO:0051791	medium-chain fatty acid metabolic process	4
GO_BP	GO:0051792	medium-chain fatty acid biosynthetic process	4
GO_BP	GO:0051793	medium-chain fatty acid catabolic process	3
GO_BP	GO:0051794	regulation of timing of catagen	1
GO_BP	GO:0051795	positive regulation of timing of catagen	2
GO_BP	GO:0051798	positive regulation of hair follicle development	1
GO_BP	GO:0051823	regulation of synapse structural plasticity	2
GO_BP	GO:0051835	positive regulation of synapse structural plasticity	3
GO_BP	GO:0051865	protein autoubiquitination	53
GO_BP	GO:0051866	general adaptation syndrome	2
GO_BP	GO:0051877	pigment granule aggregation in cell center	2
GO_BP	GO:0051881	regulation of mitochondrial membrane potential	18
GO_BP	GO:0051882	mitochondrial depolarization	1
GO_BP	GO:0051891	positive regulation of cardioblast differentiation	1
GO_BP	GO:0051893	regulation of focal adhesion assembly	19
GO_BP	GO:0051894	positive regulation of focal adhesion assembly	18
GO_BP	GO:0051895	negative regulation of focal adhesion assembly	14
GO_BP	GO:0051896	regulation of phosphatidylinositol 3-kinase/protein kinase B signal transduction	13
GO_BP	GO:0051897	positive regulation of phosphatidylinositol 3-kinase/protein kinase B signal transduction	128
GO_BP	GO:0051898	negative regulation of phosphatidylinositol 3-kinase/protein kinase B signal transduction	41
GO_BP	GO:0051899	membrane depolarization	14
GO_BP	GO:0051900	regulation of mitochondrial depolarization	2
GO_BP	GO:0051901	positive regulation of mitochondrial depolarization	4
GO_BP	GO:0051902	negative regulation of mitochondrial depolarization	2
GO_BP	GO:0051918	negative regulation of fibrinolysis	3
GO_BP	GO:0051923	sulfation	2
GO_BP	GO:0051924	regulation of calcium ion transport	11
GO_BP	GO:0051926	negative regulation of calcium ion transport	6
GO_BP	GO:0051928	positive regulation of calcium ion transport	13
GO_BP	GO:0051930	regulation of sensory perception of pain	6
GO_BP	GO:0051932	synaptic transmission, GABAergic	15
GO_BP	GO:0051936	gamma-aminobutyric acid reuptake	4
GO_BP	GO:0051938	L-glutamate import	4
GO_BP	GO:0051939	gamma-aminobutyric acid import	6
GO_BP	GO:0051946	regulation of glutamate uptake involved in transmission of nerve impulse	1
GO_BP	GO:0051951	positive regulation of glutamate uptake involved in transmission of nerve impulse	2
GO_BP	GO:0051957	positive regulation of amino acid transport	1
GO_BP	GO:0051958	methotrexate transport	1
GO_BP	GO:0051960	regulation of nervous system development	1
GO_BP	GO:0051961	negative regulation of nervous system development	1
GO_BP	GO:0051963	regulation of synapse assembly	16
GO_BP	GO:0051964	negative regulation of synapse assembly	3
GO_BP	GO:0051965	positive regulation of synapse assembly	33
GO_BP	GO:0051966	regulation of synaptic transmission, glutamatergic	23
GO_BP	GO:0051967	negative regulation of synaptic transmission, glutamatergic	3
GO_BP	GO:0051968	positive regulation of synaptic transmission, glutamatergic	18
GO_BP	GO:0051970	negative regulation of transmission of nerve impulse	2
GO_BP	GO:0051971	positive regulation of transmission of nerve impulse	2
GO_BP	GO:0051977	lysophospholipid transport	2
GO_BP	GO:0051983	regulation of chromosome segregation	5
GO_BP	GO:0051984	positive regulation of chromosome segregation	4
GO_BP	GO:0051988	regulation of attachment of spindle microtubules to kinetochore	5
GO_BP	GO:0052651	monoacylglycerol catabolic process	5
GO_BP	GO:0052652	cyclic purine nucleotide metabolic process	1
GO_BP	GO:0055001	muscle cell development	8
GO_BP	GO:0055002	striated muscle cell development	1
GO_BP	GO:0055003	cardiac myofibril assembly	4
GO_BP	GO:0055005	ventricular cardiac myofibril assembly	1
GO_BP	GO:0055007	cardiac muscle cell differentiation	7
GO_BP	GO:0055008	cardiac muscle tissue morphogenesis	4
GO_BP	GO:0055009	atrial cardiac muscle tissue morphogenesis	4
GO_BP	GO:0055010	ventricular cardiac muscle tissue morphogenesis	12
GO_BP	GO:0055012	ventricular cardiac muscle cell differentiation	2
GO_BP	GO:0055013	cardiac muscle cell development	4
GO_BP	GO:0055015	ventricular cardiac muscle cell development	1
GO_BP	GO:0055020	positive regulation of cardiac muscle fiber development	1
GO_BP	GO:0055048	anastral spindle assembly	1
GO_BP	GO:0055059	asymmetric neuroblast division	3
GO_BP	GO:0055062	phosphate ion homeostasis	4
GO_BP	GO:0055064	chloride ion homeostasis	3
GO_BP	GO:0055070	copper ion homeostasis	1
GO_BP	GO:0055071	manganese ion homeostasis	1
GO_BP	GO:0055074	calcium ion homeostasis	16
GO_BP	GO:0055075	potassium ion homeostasis	3
GO_BP	GO:0055078	sodium ion homeostasis	3
GO_BP	GO:0055080	monoatomic cation homeostasis	2
GO_BP	GO:0055085	transmembrane transport	81
GO_BP	GO:0055086	nucleobase-containing small molecule metabolic process	4
GO_BP	GO:0055088	lipid homeostasis	29
GO_BP	GO:0055089	fatty acid homeostasis	10
GO_BP	GO:0055090	acylglycerol homeostasis	1
GO_BP	GO:0055091	phospholipid homeostasis	10
GO_BP	GO:0055092	sterol homeostasis	3
GO_BP	GO:0055096	low-density lipoprotein particle mediated signaling	3
GO_BP	GO:0055097	high density lipoprotein particle mediated signaling	1
GO_BP	GO:0055107	Golgi to secretory granule transport	2
GO_BP	GO:0055111	ingression involved in gastrulation with mouth forming second	1
GO_BP	GO:0055113	epiboly involved in gastrulation with mouth forming second	1
GO_BP	GO:0055117	regulation of cardiac muscle contraction	10
GO_BP	GO:0055118	negative regulation of cardiac muscle contraction	3
GO_BP	GO:0055119	relaxation of cardiac muscle	12
GO_BP	GO:0055129	L-proline biosynthetic process	3
GO_BP	GO:0055130	D-alanine catabolic process	1
GO_BP	GO:0060003	copper ion export	2
GO_BP	GO:0060008	Sertoli cell differentiation	2
GO_BP	GO:0060009	Sertoli cell development	1
GO_BP	GO:0060012	synaptic transmission, glycinergic	3
GO_BP	GO:0060017	parathyroid gland development	2
GO_BP	GO:0060019	radial glial cell differentiation	3
GO_BP	GO:0060021	roof of mouth development	17
GO_BP	GO:0060022	hard palate development	1
GO_BP	GO:0060023	soft palate development	2
GO_BP	GO:0060024	rhythmic synaptic transmission	1
GO_BP	GO:0060025	regulation of synaptic activity	2
GO_BP	GO:0060026	convergent extension	1
GO_BP	GO:0060027	convergent extension involved in gastrulation	2
GO_BP	GO:0060037	pharyngeal system development	9
GO_BP	GO:0060038	cardiac muscle cell proliferation	4
GO_BP	GO:0060039	pericardium development	1
GO_BP	GO:0060041	retina development in camera-type eye	9
GO_BP	GO:0060042	retina morphogenesis in camera-type eye	4
GO_BP	GO:0060043	regulation of cardiac muscle cell proliferation	3
GO_BP	GO:0060044	negative regulation of cardiac muscle cell proliferation	4
GO_BP	GO:0060045	positive regulation of cardiac muscle cell proliferation	13
GO_BP	GO:0060046	regulation of acrosome reaction	1
GO_BP	GO:0060047	heart contraction	5
GO_BP	GO:0060048	cardiac muscle contraction	23
GO_BP	GO:0060052	neurofilament cytoskeleton organization	1
GO_BP	GO:0060054	positive regulation of epithelial cell proliferation involved in wound healing	3
GO_BP	GO:0060055	angiogenesis involved in wound healing	3
GO_BP	GO:0060056	mammary gland involution	1
GO_BP	GO:0060058	positive regulation of apoptotic process involved in mammary gland involution	1
GO_BP	GO:0060059	embryonic retina morphogenesis in camera-type eye	2
GO_BP	GO:0060061	Spemann organizer formation	1
GO_BP	GO:0060065	uterus development	3
GO_BP	GO:0060068	vagina development	2
GO_BP	GO:0060070	canonical Wnt signaling pathway	49
GO_BP	GO:0060071	Wnt signaling pathway, planar cell polarity pathway	10
GO_BP	GO:0060073	micturition	1
GO_BP	GO:0060074	synapse maturation	8
GO_BP	GO:0060075	regulation of resting membrane potential	8
GO_BP	GO:0060079	excitatory postsynaptic potential	13
GO_BP	GO:0060080	inhibitory postsynaptic potential	6
GO_BP	GO:0060081	membrane hyperpolarization	4
GO_BP	GO:0060083	smooth muscle contraction involved in micturition	1
GO_BP	GO:0060084	synaptic transmission involved in micturition	2
GO_BP	GO:0060086	circadian temperature homeostasis	3
GO_BP	GO:0060087	relaxation of vascular associated smooth muscle	2
GO_BP	GO:0060088	auditory receptor cell stereocilium organization	7
GO_BP	GO:0060092	regulation of synaptic transmission, glycinergic	1
GO_BP	GO:0060100	positive regulation of phagocytosis, engulfment	8
GO_BP	GO:0060117	auditory receptor cell development	2
GO_BP	GO:0060121	vestibular receptor cell stereocilium organization	1
GO_BP	GO:0060122	inner ear receptor cell stereocilium organization	4
GO_BP	GO:0060123	regulation of growth hormone secretion	1
GO_BP	GO:0060124	positive regulation of growth hormone secretion	3
GO_BP	GO:0060128	corticotropin hormone secreting cell differentiation	1
GO_BP	GO:0060129	thyroid-stimulating hormone-secreting cell differentiation	1
GO_BP	GO:0060134	prepulse inhibition	3
GO_BP	GO:0060135	maternal process involved in female pregnancy	1
GO_BP	GO:0060136	embryonic process involved in female pregnancy	1
GO_BP	GO:0060137	maternal process involved in parturition	1
GO_BP	GO:0060138	fetal process involved in parturition	2
GO_BP	GO:0060143	positive regulation of syncytium formation by plasma membrane fusion	2
GO_BP	GO:0060152	microtubule-based peroxisome localization	2
GO_BP	GO:0060155	platelet dense granule organization	3
GO_BP	GO:0060156	milk ejection reflex	1
GO_BP	GO:0060157	urinary bladder development	1
GO_BP	GO:0060158	phospholipase C-activating dopamine receptor signaling pathway	4
GO_BP	GO:0060159	regulation of dopamine receptor signaling pathway	3
GO_BP	GO:0060160	negative regulation of dopamine receptor signaling pathway	4
GO_BP	GO:0060161	positive regulation of dopamine receptor signaling pathway	3
GO_BP	GO:0060168	positive regulation of adenosine receptor signaling pathway	2
GO_BP	GO:0060169	negative regulation of adenosine receptor signaling pathway	1
GO_BP	GO:0060173	limb development	16
GO_BP	GO:0060174	limb bud formation	1
GO_BP	GO:0060177	regulation of angiotensin metabolic process	1
GO_BP	GO:0060178	regulation of exocyst localization	1
GO_BP	GO:0060183	apelin receptor signaling pathway	1
GO_BP	GO:0060193	positive regulation of lipase activity	2
GO_BP	GO:0060197	cloacal septation	1
GO_BP	GO:0060212	negative regulation of nuclear-transcribed mRNA poly(A) tail shortening	3
GO_BP	GO:0060213	positive regulation of nuclear-transcribed mRNA poly(A) tail shortening	12
GO_BP	GO:0060214	endocardium formation	3
GO_BP	GO:0060215	primitive hemopoiesis	2
GO_BP	GO:0060216	definitive hemopoiesis	5
GO_BP	GO:0060218	hematopoietic stem cell differentiation	6
GO_BP	GO:0060219	camera-type eye photoreceptor cell differentiation	2
GO_BP	GO:0060221	retinal rod cell differentiation	2
GO_BP	GO:0060231	mesenchymal to epithelial transition	6
GO_BP	GO:0060232	delamination	1
GO_BP	GO:0060234	neuroblast delamination	1
GO_BP	GO:0060236	regulation of mitotic spindle organization	14
GO_BP	GO:0060242	contact inhibition	1
GO_BP	GO:0060243	negative regulation of cell growth involved in contact inhibition	3
GO_BP	GO:0060244	negative regulation of cell proliferation involved in contact inhibition	1
GO_BP	GO:0060251	regulation of glial cell proliferation	1
GO_BP	GO:0060252	positive regulation of glial cell proliferation	2
GO_BP	GO:0060253	negative regulation of glial cell proliferation	3
GO_BP	GO:0060259	regulation of feeding behavior	9
GO_BP	GO:0060260	regulation of transcription initiation by RNA polymerase II	3
GO_BP	GO:0060261	positive regulation of transcription initiation by RNA polymerase II	26
GO_BP	GO:0060262	negative regulation of N-terminal protein palmitoylation	1
GO_BP	GO:0060263	regulation of respiratory burst	2
GO_BP	GO:0060265	positive regulation of respiratory burst involved in inflammatory response	2
GO_BP	GO:0060266	negative regulation of respiratory burst involved in inflammatory response	2
GO_BP	GO:0060267	positive regulation of respiratory burst	3
GO_BP	GO:0060271	cilium assembly	170
GO_BP	GO:0060272	embryonic skeletal joint morphogenesis	2
GO_BP	GO:0060279	positive regulation of ovulation	2
GO_BP	GO:0060283	negative regulation of oocyte development	1
GO_BP	GO:0060285	cilium-dependent cell motility	6
GO_BP	GO:0060287	epithelial cilium movement involved in determination of left/right asymmetry	5
GO_BP	GO:0060290	transdifferentiation	2
GO_BP	GO:0060291	long-term synaptic potentiation	26
GO_BP	GO:0060292	long-term synaptic depression	7
GO_BP	GO:0060294	cilium movement involved in cell motility	13
GO_BP	GO:0060296	regulation of cilium beat frequency involved in ciliary motility	4
GO_BP	GO:0060297	regulation of sarcomere organization	1
GO_BP	GO:0060298	positive regulation of sarcomere organization	2
GO_BP	GO:0060300	regulation of cytokine activity	1
GO_BP	GO:0060304	regulation of phosphatidylinositol dephosphorylation	3
GO_BP	GO:0060305	regulation of cell diameter	1
GO_BP	GO:0060306	regulation of membrane repolarization	9
GO_BP	GO:0060307	regulation of ventricular cardiac muscle cell membrane repolarization	12
GO_BP	GO:0060312	regulation of blood vessel remodeling	2
GO_BP	GO:0060314	regulation of ryanodine-sensitive calcium-release channel activity	3
GO_BP	GO:0060315	negative regulation of ryanodine-sensitive calcium-release channel activity	2
GO_BP	GO:0060317	cardiac epithelial to mesenchymal transition	10
GO_BP	GO:0060318	definitive erythrocyte differentiation	2
GO_BP	GO:0060319	primitive erythrocyte differentiation	2
GO_BP	GO:0060322	head development	3
GO_BP	GO:0060323	head morphogenesis	1
GO_BP	GO:0060324	face development	3
GO_BP	GO:0060325	face morphogenesis	12
GO_BP	GO:0060326	cell chemotaxis	35
GO_BP	GO:0060327	cytoplasmic actin-based contraction involved in cell motility	2
GO_BP	GO:0060330	regulation of response to type II interferon	1
GO_BP	GO:0060333	type II interferon-mediated signaling pathway	8
GO_BP	GO:0060334	regulation of type II interferon-mediated signaling pathway	2
GO_BP	GO:0060335	positive regulation of type II interferon-mediated signaling pathway	2
GO_BP	GO:0060336	negative regulation of type II interferon-mediated signaling pathway	2
GO_BP	GO:0060337	type I interferon-mediated signaling pathway	9
GO_BP	GO:0060338	regulation of type I interferon-mediated signaling pathway	4
GO_BP	GO:0060339	negative regulation of type I interferon-mediated signaling pathway	17
GO_BP	GO:0060340	positive regulation of type I interferon-mediated signaling pathway	11
GO_BP	GO:0060341	regulation of cellular localization	4
GO_BP	GO:0060346	bone trabecula formation	1
GO_BP	GO:0060347	heart trabecula formation	5
GO_BP	GO:0060348	bone development	21
GO_BP	GO:0060349	bone morphogenesis	8
GO_BP	GO:0060350	endochondral bone morphogenesis	2
GO_BP	GO:0060351	cartilage development involved in endochondral bone morphogenesis	1
GO_BP	GO:0060352	cell adhesion molecule production	3
GO_BP	GO:0060354	negative regulation of cell adhesion molecule production	1
GO_BP	GO:0060363	cranial suture morphogenesis	1
GO_BP	GO:0060368	regulation of Fc receptor mediated stimulatory signaling pathway	2
GO_BP	GO:0060369	positive regulation of Fc receptor mediated stimulatory signaling pathway	1
GO_BP	GO:0060370	susceptibility to T cell mediated cytotoxicity	1
GO_BP	GO:0060371	regulation of atrial cardiac muscle cell membrane depolarization	4
GO_BP	GO:0060372	regulation of atrial cardiac muscle cell membrane repolarization	4
GO_BP	GO:0060373	regulation of ventricular cardiac muscle cell membrane depolarization	4
GO_BP	GO:0060374	mast cell differentiation	2
GO_BP	GO:0060377	negative regulation of mast cell differentiation	1
GO_BP	GO:0060379	cardiac muscle cell myoblast differentiation	5
GO_BP	GO:0060382	regulation of DNA strand elongation	14
GO_BP	GO:0060384	innervation	3
GO_BP	GO:0060385	axonogenesis involved in innervation	3
GO_BP	GO:0060386	synapse assembly involved in innervation	1
GO_BP	GO:0060391	positive regulation of SMAD protein signal transduction	30
GO_BP	GO:0060392	negative regulation of SMAD protein signal transduction	15
GO_BP	GO:0060395	SMAD protein signal transduction	16
GO_BP	GO:0060396	growth hormone receptor signaling pathway	8
GO_BP	GO:0060397	growth hormone receptor signaling pathway via JAK-STAT	10
GO_BP	GO:0060399	positive regulation of growth hormone receptor signaling pathway	2
GO_BP	GO:0060400	negative regulation of growth hormone receptor signaling pathway	3
GO_BP	GO:0060402	calcium ion transport into cytosol	8
GO_BP	GO:0060404	axonemal microtubule depolymerization	1
GO_BP	GO:0060411	cardiac septum morphogenesis	6
GO_BP	GO:0060412	ventricular septum morphogenesis	26
GO_BP	GO:0060413	atrial septum morphogenesis	6
GO_BP	GO:0060414	aorta smooth muscle tissue morphogenesis	3
GO_BP	GO:0060415	muscle tissue morphogenesis	2
GO_BP	GO:0060416	response to growth hormone	3
GO_BP	GO:0060420	regulation of heart growth	1
GO_BP	GO:0060421	positive regulation of heart growth	2
GO_BP	GO:0060425	lung morphogenesis	3
GO_BP	GO:0060426	lung vasculature development	4
GO_BP	GO:0060428	lung epithelium development	6
GO_BP	GO:0060429	epithelium development	2
GO_BP	GO:0060430	lung saccule development	1
GO_BP	GO:0060433	bronchus development	1
GO_BP	GO:0060438	trachea development	1
GO_BP	GO:0060441	epithelial tube branching involved in lung morphogenesis	2
GO_BP	GO:0060442	branching involved in prostate gland morphogenesis	2
GO_BP	GO:0060444	branching involved in mammary gland duct morphogenesis	1
GO_BP	GO:0060445	branching involved in salivary gland morphogenesis	1
GO_BP	GO:0060447	bud outgrowth involved in lung branching	1
GO_BP	GO:0060448	dichotomous subdivision of terminal units involved in lung branching	1
GO_BP	GO:0060449	bud elongation involved in lung branching	1
GO_BP	GO:0060452	positive regulation of cardiac muscle contraction	2
GO_BP	GO:0060455	negative regulation of gastric acid secretion	1
GO_BP	GO:0060463	lung lobe morphogenesis	1
GO_BP	GO:0060466	activation of meiosis involved in egg activation	1
GO_BP	GO:0060468	prevention of polyspermy	1
GO_BP	GO:0060470	positive regulation of cytosolic calcium ion concentration involved in egg activation	1
GO_BP	GO:0060471	cortical granule exocytosis	1
GO_BP	GO:0060478	acrosomal vesicle exocytosis	4
GO_BP	GO:0060482	lobar bronchus development	1
GO_BP	GO:0060484	lung-associated mesenchyme development	2
GO_BP	GO:0060485	mesenchyme development	3
GO_BP	GO:0060486	club cell differentiation	1
GO_BP	GO:0060488	orthogonal dichotomous subdivision of terminal units involved in lung branching morphogenesis	1
GO_BP	GO:0060489	planar dichotomous subdivision of terminal units involved in lung branching morphogenesis	1
GO_BP	GO:0060490	lateral sprouting involved in lung morphogenesis	1
GO_BP	GO:0060501	positive regulation of epithelial cell proliferation involved in lung morphogenesis	3
GO_BP	GO:0060502	epithelial cell proliferation involved in lung morphogenesis	1
GO_BP	GO:0060503	bud dilation involved in lung branching	1
GO_BP	GO:0060509	type I pneumocyte differentiation	1
GO_BP	GO:0060510	type II pneumocyte differentiation	1
GO_BP	GO:0060512	prostate gland morphogenesis	1
GO_BP	GO:0060517	epithelial cell proliferation involved in prostatic bud elongation	1
GO_BP	GO:0060523	prostate epithelial cord elongation	1
GO_BP	GO:0060527	prostate epithelial cord arborization involved in prostate glandular acinus morphogenesis	1
GO_BP	GO:0060529	squamous basal epithelial stem cell differentiation involved in prostate gland acinus development	1
GO_BP	GO:0060535	trachea cartilage morphogenesis	1
GO_BP	GO:0060537	muscle tissue development	4
GO_BP	GO:0060538	skeletal muscle organ development	3
GO_BP	GO:0060539	diaphragm development	2
GO_BP	GO:0060541	respiratory system development	1
GO_BP	GO:0060544	regulation of necroptotic process	9
GO_BP	GO:0060545	positive regulation of necroptotic process	4
GO_BP	GO:0060546	negative regulation of necroptotic process	11
GO_BP	GO:0060560	developmental growth involved in morphogenesis	1
GO_BP	GO:0060561	apoptotic process involved in morphogenesis	1
GO_BP	GO:0060562	epithelial tube morphogenesis	1
GO_BP	GO:0060563	neuroepithelial cell differentiation	2
GO_BP	GO:0060566	positive regulation of termination of DNA-templated transcription	1
GO_BP	GO:0060575	intestinal epithelial cell differentiation	1
GO_BP	GO:0060576	intestinal epithelial cell development	1
GO_BP	GO:0060579	ventral spinal cord interneuron fate commitment	2
GO_BP	GO:0060586	multicellular organismal-level iron ion homeostasis	13
GO_BP	GO:0060588	negative regulation of lipoprotein lipid oxidation	1
GO_BP	GO:0060591	chondroblast differentiation	1
GO_BP	GO:0060601	lateral sprouting from an epithelium	1
GO_BP	GO:0060603	mammary gland duct morphogenesis	2
GO_BP	GO:0060612	adipose tissue development	11
GO_BP	GO:0060613	fat pad development	1
GO_BP	GO:0060615	mammary gland bud formation	1
GO_BP	GO:0060620	regulation of cholesterol import	1
GO_BP	GO:0060621	negative regulation of cholesterol import	1
GO_BP	GO:0060627	regulation of vesicle-mediated transport	9
GO_BP	GO:0060628	regulation of ER to Golgi vesicle-mediated transport	6
GO_BP	GO:0060629	regulation of homologous chromosome segregation	2
GO_BP	GO:0060632	regulation of microtubule-based movement	5
GO_BP	GO:0060633	negative regulation of transcription initiation by RNA polymerase II	10
GO_BP	GO:0060644	mammary gland epithelial cell differentiation	5
GO_BP	GO:0060664	epithelial cell proliferation involved in salivary gland morphogenesis	2
GO_BP	GO:0060665	regulation of branching involved in salivary gland morphogenesis by mesenchymal-epithelial signaling	1
GO_BP	GO:0060667	branch elongation involved in salivary gland morphogenesis	1
GO_BP	GO:0060669	embryonic placenta morphogenesis	2
GO_BP	GO:0060670	branching involved in labyrinthine layer morphogenesis	1
GO_BP	GO:0060674	placenta blood vessel development	3
GO_BP	GO:0060675	ureteric bud morphogenesis	1
GO_BP	GO:0060676	ureteric bud formation	1
GO_BP	GO:0060678	dichotomous subdivision of terminal units involved in ureteric bud branching	1
GO_BP	GO:0060681	branch elongation involved in ureteric bud branching	1
GO_BP	GO:0060683	regulation of branching involved in salivary gland morphogenesis by epithelial-mesenchymal signaling	1
GO_BP	GO:0060684	epithelial-mesenchymal cell signaling	1
GO_BP	GO:0060686	negative regulation of prostatic bud formation	1
GO_BP	GO:0060688	regulation of morphogenesis of a branching structure	1
GO_BP	GO:0060700	regulation of ribonuclease activity	1
GO_BP	GO:0060702	negative regulation of endoribonuclease activity	1
GO_BP	GO:0060707	trophoblast giant cell differentiation	1
GO_BP	GO:0060710	chorio-allantoic fusion	3
GO_BP	GO:0060715	syncytiotrophoblast cell differentiation involved in labyrinthine layer development	1
GO_BP	GO:0060716	labyrinthine layer blood vessel development	3
GO_BP	GO:0060729	intestinal epithelial structure maintenance	5
GO_BP	GO:0060730	regulation of intestinal epithelial structure maintenance	1
GO_BP	GO:0060732	positive regulation of inositol phosphate biosynthetic process	2
GO_BP	GO:0060736	prostate gland growth	1
GO_BP	GO:0060741	prostate gland stromal morphogenesis	1
GO_BP	GO:0060742	epithelial cell differentiation involved in prostate gland development	1
GO_BP	GO:0060749	mammary gland alveolus development	3
GO_BP	GO:0060754	positive regulation of mast cell chemotaxis	5
GO_BP	GO:0060755	negative regulation of mast cell chemotaxis	1
GO_BP	GO:0060760	positive regulation of response to cytokine stimulus	4
GO_BP	GO:0060761	negative regulation of response to cytokine stimulus	5
GO_BP	GO:0060765	regulation of androgen receptor signaling pathway	13
GO_BP	GO:0060766	negative regulation of androgen receptor signaling pathway	13
GO_BP	GO:0060770	negative regulation of epithelial cell proliferation involved in prostate gland development	1
GO_BP	GO:0060784	regulation of cell proliferation involved in tissue homeostasis	1
GO_BP	GO:0060785	regulation of apoptosis involved in tissue homeostasis	1
GO_BP	GO:0060789	hair follicle placode formation	2
GO_BP	GO:0060809	mesodermal to mesenchymal transition involved in gastrulation	1
GO_BP	GO:0060816	random inactivation of X chromosome	7
GO_BP	GO:0060828	regulation of canonical Wnt signaling pathway	22
GO_BP	GO:0060836	lymphatic endothelial cell differentiation	6
GO_BP	GO:0060838	lymphatic endothelial cell fate commitment	2
GO_BP	GO:0060840	artery development	4
GO_BP	GO:0060841	venous blood vessel development	3
GO_BP	GO:0060842	arterial endothelial cell differentiation	3
GO_BP	GO:0060843	venous endothelial cell differentiation	1
GO_BP	GO:0060854	branching involved in lymph vessel morphogenesis	1
GO_BP	GO:0060856	establishment of blood-brain barrier	3
GO_BP	GO:0060857	establishment of glial blood-brain barrier	1
GO_BP	GO:0060900	embryonic camera-type eye formation	1
GO_BP	GO:0060904	regulation of protein folding in endoplasmic reticulum	1
GO_BP	GO:0060906	negative regulation of regulatory ncRNA-mediated heterochromatin formation	2
GO_BP	GO:0060907	positive regulation of macrophage cytokine production	6
GO_BP	GO:0060913	cardiac cell fate determination	2
GO_BP	GO:0060914	heart formation	3
GO_BP	GO:0060915	mesenchymal cell differentiation involved in lung development	1
GO_BP	GO:0060916	mesenchymal cell proliferation involved in lung development	1
GO_BP	GO:0060920	cardiac pacemaker cell differentiation	1
GO_BP	GO:0060923	cardiac muscle cell fate commitment	1
GO_BP	GO:0060928	atrioventricular node cell development	1
GO_BP	GO:0060930	sinoatrial node cell fate commitment	1
GO_BP	GO:0060931	sinoatrial node cell development	4
GO_BP	GO:0060932	His-Purkinje system cell differentiation	1
GO_BP	GO:0060939	epicardium-derived cardiac fibroblast cell development	1
GO_BP	GO:0060940	epithelial to mesenchymal transition involved in cardiac fibroblast development	2
GO_BP	GO:0060948	cardiac vascular smooth muscle cell development	2
GO_BP	GO:0060956	endocardial cell differentiation	5
GO_BP	GO:0060964	regulation of miRNA-mediated gene silencing	2
GO_BP	GO:0060965	negative regulation of miRNA-mediated gene silencing	2
GO_BP	GO:0060971	embryonic heart tube left/right pattern formation	3
GO_BP	GO:0060972	left/right pattern formation	2
GO_BP	GO:0060976	coronary vasculature development	3
GO_BP	GO:0060978	angiogenesis involved in coronary vascular morphogenesis	2
GO_BP	GO:0060979	vasculogenesis involved in coronary vascular morphogenesis	3
GO_BP	GO:0060981	cell migration involved in coronary angiogenesis	1
GO_BP	GO:0060982	coronary artery morphogenesis	5
GO_BP	GO:0060988	lipid tube assembly	2
GO_BP	GO:0060993	kidney morphogenesis	3
GO_BP	GO:0060996	dendritic spine development	8
GO_BP	GO:0060997	dendritic spine morphogenesis	15
GO_BP	GO:0060998	regulation of dendritic spine development	8
GO_BP	GO:0060999	positive regulation of dendritic spine development	10
GO_BP	GO:0061000	negative regulation of dendritic spine development	3
GO_BP	GO:0061001	regulation of dendritic spine morphogenesis	19
GO_BP	GO:0061002	negative regulation of dendritic spine morphogenesis	3
GO_BP	GO:0061003	positive regulation of dendritic spine morphogenesis	9
GO_BP	GO:0061006	regulation of cell proliferation involved in kidney morphogenesis	1
GO_BP	GO:0061010	gallbladder development	1
GO_BP	GO:0061014	positive regulation of mRNA catabolic process	11
GO_BP	GO:0061015	snRNA import into nucleus	1
GO_BP	GO:0061024	membrane organization	24
GO_BP	GO:0061025	membrane fusion	19
GO_BP	GO:0061026	cardiac muscle tissue regeneration	2
GO_BP	GO:0061028	establishment of endothelial barrier	19
GO_BP	GO:0061029	eyelid development in camera-type eye	5
GO_BP	GO:0061030	epithelial cell differentiation involved in mammary gland alveolus development	2
GO_BP	GO:0061031	endodermal digestive tract morphogenesis	2
GO_BP	GO:0061033	secretion by lung epithelial cell involved in lung growth	2
GO_BP	GO:0061034	olfactory bulb mitral cell layer development	1
GO_BP	GO:0061035	regulation of cartilage development	2
GO_BP	GO:0061036	positive regulation of cartilage development	12
GO_BP	GO:0061038	uterus morphogenesis	1
GO_BP	GO:0061041	regulation of wound healing	2
GO_BP	GO:0061042	vascular wound healing	6
GO_BP	GO:0061044	negative regulation of vascular wound healing	2
GO_BP	GO:0061045	negative regulation of wound healing	5
GO_BP	GO:0061047	positive regulation of branching involved in lung morphogenesis	1
GO_BP	GO:0061049	cell growth involved in cardiac muscle cell development	2
GO_BP	GO:0061051	positive regulation of cell growth involved in cardiac muscle cell development	3
GO_BP	GO:0061052	negative regulation of cell growth involved in cardiac muscle cell development	1
GO_BP	GO:0061053	somite development	7
GO_BP	GO:0061055	myotome development	1
GO_BP	GO:0061056	sclerotome development	2
GO_BP	GO:0061061	muscle structure development	7
GO_BP	GO:0061072	iris morphogenesis	3
GO_BP	GO:0061073	ciliary body morphogenesis	1
GO_BP	GO:0061074	regulation of neural retina development	2
GO_BP	GO:0061084	negative regulation of protein refolding	3
GO_BP	GO:0061092	positive regulation of phospholipid translocation	2
GO_BP	GO:0061097	regulation of protein tyrosine kinase activity	2
GO_BP	GO:0061098	positive regulation of protein tyrosine kinase activity	5
GO_BP	GO:0061101	neuroendocrine cell differentiation	2
GO_BP	GO:0061104	adrenal chromaffin cell differentiation	1
GO_BP	GO:0061110	dense core granule biogenesis	1
GO_BP	GO:0061136	regulation of proteasomal protein catabolic process	23
GO_BP	GO:0061138	morphogenesis of a branching epithelium	2
GO_BP	GO:0061141	lung ciliated cell differentiation	1
GO_BP	GO:0061146	Peyer's patch morphogenesis	1
GO_BP	GO:0061154	endothelial tube morphogenesis	6
GO_BP	GO:0061156	pulmonary artery morphogenesis	3
GO_BP	GO:0061157	mRNA destabilization	18
GO_BP	GO:0061158	3'-UTR-mediated mRNA destabilization	18
GO_BP	GO:0061162	establishment of monopolar cell polarity	1
GO_BP	GO:0061163	endoplasmic reticulum polarization	1
GO_BP	GO:0061172	regulation of establishment of bipolar cell polarity	1
GO_BP	GO:0061178	regulation of insulin secretion involved in cellular response to glucose stimulus	6
GO_BP	GO:0061179	negative regulation of insulin secretion involved in cellular response to glucose stimulus	4
GO_BP	GO:0061180	mammary gland epithelium development	3
GO_BP	GO:0061182	negative regulation of chondrocyte development	2
GO_BP	GO:0061184	positive regulation of dermatome development	1
GO_BP	GO:0061185	negative regulation of dermatome development	1
GO_BP	GO:0061188	negative regulation of rDNA heterochromatin formation	2
GO_BP	GO:0061189	positive regulation of sclerotome development	1
GO_BP	GO:0061197	fungiform papilla morphogenesis	1
GO_BP	GO:0061198	fungiform papilla formation	2
GO_BP	GO:0061205	paramesonephric duct development	1
GO_BP	GO:0061298	retina vasculature development in camera-type eye	5
GO_BP	GO:0061299	retina vasculature morphogenesis in camera-type eye	2
GO_BP	GO:0061302	smooth muscle cell-matrix adhesion	1
GO_BP	GO:0061303	cornea development in camera-type eye	5
GO_BP	GO:0061304	retinal blood vessel morphogenesis	3
GO_BP	GO:0061309	cardiac neural crest cell development involved in outflow tract morphogenesis	1
GO_BP	GO:0061314	Notch signaling involved in heart development	1
GO_BP	GO:0061326	renal tubule development	1
GO_BP	GO:0061333	renal tubule morphogenesis	4
GO_BP	GO:0061337	cardiac conduction	7
GO_BP	GO:0061339	establishment or maintenance of monopolar cell polarity	1
GO_BP	GO:0061343	cell adhesion involved in heart morphogenesis	1
GO_BP	GO:0061351	neural precursor cell proliferation	5
GO_BP	GO:0061355	Wnt protein secretion	2
GO_BP	GO:0061357	positive regulation of Wnt protein secretion	2
GO_BP	GO:0061358	negative regulation of Wnt protein secretion	1
GO_BP	GO:0061364	apoptotic process involved in luteolysis	3
GO_BP	GO:0061367	behavioral response to acetic acid induced pain	1
GO_BP	GO:0061368	behavioral response to formalin induced pain	1
GO_BP	GO:0061369	negative regulation of testicular blood vessel morphogenesis	1
GO_BP	GO:0061371	determination of heart left/right asymmetry	2
GO_BP	GO:0061374	mammillothalamic axonal tract development	1
GO_BP	GO:0061377	mammary gland lobule development	1
GO_BP	GO:0061379	inferior colliculus development	1
GO_BP	GO:0061381	cell migration in diencephalon	1
GO_BP	GO:0061384	heart trabecula morphogenesis	6
GO_BP	GO:0061386	closure of optic fissure	2
GO_BP	GO:0061430	bone trabecula morphogenesis	2
GO_BP	GO:0061431	cellular response to methionine	3
GO_BP	GO:0061436	establishment of skin barrier	12
GO_BP	GO:0061441	renal artery morphogenesis	1
GO_BP	GO:0061444	endocardial cushion cell development	1
GO_BP	GO:0061445	endocardial cushion cell fate commitment	1
GO_BP	GO:0061448	connective tissue development	1
GO_BP	GO:0061450	trophoblast cell migration	5
GO_BP	GO:0061458	reproductive system development	1
GO_BP	GO:0061462	protein localization to lysosome	15
GO_BP	GO:0061469	regulation of type B pancreatic cell proliferation	4
GO_BP	GO:0061470	T follicular helper cell differentiation	4
GO_BP	GO:0061481	response to TNF agonist	1
GO_BP	GO:0061484	hematopoietic stem cell homeostasis	4
GO_BP	GO:0061485	memory T cell proliferation	1
GO_BP	GO:0061511	centriole elongation	3
GO_BP	GO:0061512	protein localization to cilium	27
GO_BP	GO:0061514	interleukin-34-mediated signaling pathway	3
GO_BP	GO:0061518	microglial cell proliferation	3
GO_BP	GO:0061523	cilium disassembly	5
GO_BP	GO:0061534	gamma-aminobutyric acid secretion, neurotransmission	1
GO_BP	GO:0061549	sympathetic ganglion development	8
GO_BP	GO:0061551	trigeminal ganglion development	1
GO_BP	GO:0061564	axon development	21
GO_BP	GO:0061572	actin filament bundle organization	2
GO_BP	GO:0061573	actin filament bundle retrograde transport	1
GO_BP	GO:0061577	calcium ion transmembrane transport via high voltage-gated calcium channel	2
GO_BP	GO:0061580	colon epithelial cell migration	1
GO_BP	GO:0061589	calcium activated phosphatidylserine scrambling	2
GO_BP	GO:0061590	calcium activated phosphatidylcholine scrambling	2
GO_BP	GO:0061611	mannose to fructose-6-phosphate catabolic process	1
GO_BP	GO:0061614	miRNA transcription	1
GO_BP	GO:0061615	glycolytic process through fructose-6-phosphate	1
GO_BP	GO:0061620	glycolytic process through glucose-6-phosphate	1
GO_BP	GO:0061621	canonical glycolysis	17
GO_BP	GO:0061626	pharyngeal arch artery morphogenesis	5
GO_BP	GO:0061635	regulation of protein complex stability	9
GO_BP	GO:0061640	cytoskeleton-dependent cytokinesis	12
GO_BP	GO:0061643	chemorepulsion of axon	3
GO_BP	GO:0061646	positive regulation of glutamate neurotransmitter secretion in response to membrane depolarization	1
GO_BP	GO:0061668	mitochondrial ribosome assembly	7
GO_BP	GO:0061669	spontaneous neurotransmitter secretion	1
GO_BP	GO:0061684	chaperone-mediated autophagy	3
GO_BP	GO:0061691	detoxification of hydrogen peroxide	1
GO_BP	GO:0061692	cellular detoxification of hydrogen peroxide	2
GO_BP	GO:0061698	protein deglutarylation	2
GO_BP	GO:0061709	reticulophagy	23
GO_BP	GO:0061723	glycophagy	10
GO_BP	GO:0061724	lipophagy	3
GO_BP	GO:0061734	type 2 mitophagy	4
GO_BP	GO:0061736	engulfment of target by autophagosome	1
GO_BP	GO:0061738	late endosomal microautophagy	1
GO_BP	GO:0061739	protein lipidation involved in autophagosome assembly	1
GO_BP	GO:0061740	protein targeting to lysosome involved in chaperone-mediated autophagy	3
GO_BP	GO:0061743	motor learning	1
GO_BP	GO:0061744	motor behavior	4
GO_BP	GO:0061753	substrate localization to autophagosome	3
GO_BP	GO:0061755	positive regulation of circulating fibrinogen levels	1
GO_BP	GO:0061756	leukocyte adhesion to vascular endothelial cell	2
GO_BP	GO:0061757	leukocyte adhesion to arterial endothelial cell	1
GO_BP	GO:0061760	antifungal innate immune response	6
GO_BP	GO:0061762	CAMKK-AMPK signaling cascade	2
GO_BP	GO:0061763	multivesicular body-lysosome fusion	2
GO_BP	GO:0061771	response to caloric restriction	2
GO_BP	GO:0061789	dense core granule priming	3
GO_BP	GO:0061795	Golgi lumen acidification	2
GO_BP	GO:0061819	telomeric DNA-containing double minutes formation	2
GO_BP	GO:0061820	telomeric D-loop disassembly	6
GO_BP	GO:0061824	cytosolic ciliogenesis	4
GO_BP	GO:0061833	protein localization to tricellular tight junction	1
GO_BP	GO:0061837	neuropeptide processing	1
GO_BP	GO:0061844	antimicrobial humoral immune response mediated by antimicrobial peptide	19
GO_BP	GO:0061857	endoplasmic reticulum stress-induced pre-emptive quality control	1
GO_BP	GO:0061889	negative regulation of astrocyte activation	3
GO_BP	GO:0061890	positive regulation of astrocyte activation	1
GO_BP	GO:0061909	autophagosome-lysosome fusion	15
GO_BP	GO:0061910	autophagosome-endosome fusion	1
GO_BP	GO:0061921	peptidyl-lysine propionylation	1
GO_BP	GO:0061944	negative regulation of protein K48-linked ubiquitination	2
GO_BP	GO:0061945	regulation of protein K48-linked ubiquitination	1
GO_BP	GO:0061951	establishment of protein localization to plasma membrane	5
GO_BP	GO:0061952	midbody abscission	18
GO_BP	GO:0061966	establishment of left/right asymmetry	4
GO_BP	GO:0061975	articular cartilage development	1
GO_BP	GO:0062009	secondary palate development	12
GO_BP	GO:0062026	negative regulation of SCF-dependent proteasomal ubiquitin-dependent catabolic process	2
GO_BP	GO:0062027	positive regulation of SCF-dependent proteasomal ubiquitin-dependent catabolic process	1
GO_BP	GO:0062029	positive regulation of cytoplasmic stress granule assembly	2
GO_BP	GO:0062030	negative regulation of cytoplasmic stress granule assembly	2
GO_BP	GO:0062033	positive regulation of mitotic sister chromatid segregation	1
GO_BP	GO:0062043	positive regulation of cardiac epithelial to mesenchymal transition	4
GO_BP	GO:0062044	negative regulation of cardiac epithelial to mesenchymal transition	1
GO_BP	GO:0062089	regulation of taurine biosynthetic process	1
GO_BP	GO:0062098	regulation of programmed necrotic cell death	1
GO_BP	GO:0062099	negative regulation of programmed necrotic cell death	2
GO_BP	GO:0062100	positive regulation of programmed necrotic cell death	1
GO_BP	GO:0062111	zinc ion import into organelle	4
GO_BP	GO:0062112	fatty acid primary amide biosynthetic process	1
GO_BP	GO:0062133	negative regulation of L-glutamine biosynthetic process	2
GO_BP	GO:0062172	lutein catabolic process	1
GO_BP	GO:0062173	brexanolone metabolic process	1
GO_BP	GO:0062176	R-loop processing	10
GO_BP	GO:0062177	radial spoke assembly	3
GO_BP	GO:0062196	regulation of lysosome size	1
GO_BP	GO:0062197	cellular response to chemical stress	3
GO_BP	GO:0062208	positive regulation of pattern recognition receptor signaling pathway	1
GO_BP	GO:0062234	platelet activating factor catabolic process	1
GO_BP	GO:0062237	protein localization to postsynapse	1
GO_BP	GO:0065001	specification of axis polarity	1
GO_BP	GO:0065002	intracellular protein transmembrane transport	2
GO_BP	GO:0065003	protein-containing complex assembly	81
GO_BP	GO:0065004	protein-DNA complex assembly	1
GO_BP	GO:0070050	neuron cellular homeostasis	15
GO_BP	GO:0070054	mRNA splicing, via endonucleolytic cleavage and ligation	3
GO_BP	GO:0070059	intrinsic apoptotic signaling pathway in response to endoplasmic reticulum stress	21
GO_BP	GO:0070060	'de novo' actin filament nucleation	1
GO_BP	GO:0070070	proton-transporting V-type ATPase complex assembly	1
GO_BP	GO:0070072	vacuolar proton-transporting V-type ATPase complex assembly	2
GO_BP	GO:0070073	clustering of voltage-gated calcium channels	1
GO_BP	GO:0070075	tear secretion	1
GO_BP	GO:0070086	ubiquitin-dependent endocytosis	4
GO_BP	GO:0070092	regulation of glucagon secretion	2
GO_BP	GO:0070093	negative regulation of glucagon secretion	1
GO_BP	GO:0070094	positive regulation of glucagon secretion	1
GO_BP	GO:0070096	mitochondrial outer membrane translocase complex assembly	3
GO_BP	GO:0070098	chemokine-mediated signaling pathway	12
GO_BP	GO:0070100	negative regulation of chemokine-mediated signaling pathway	4
GO_BP	GO:0070101	positive regulation of chemokine-mediated signaling pathway	2
GO_BP	GO:0070102	interleukin-6-mediated signaling pathway	12
GO_BP	GO:0070104	negative regulation of interleukin-6-mediated signaling pathway	2
GO_BP	GO:0070105	positive regulation of interleukin-6-mediated signaling pathway	1
GO_BP	GO:0070106	interleukin-27-mediated signaling pathway	2
GO_BP	GO:0070120	ciliary neurotrophic factor-mediated signaling pathway	7
GO_BP	GO:0070124	mitochondrial translational initiation	2
GO_BP	GO:0070125	mitochondrial translational elongation	4
GO_BP	GO:0070126	mitochondrial translational termination	5
GO_BP	GO:0070127	tRNA aminoacylation for mitochondrial protein translation	1
GO_BP	GO:0070129	regulation of mitochondrial translation	6
GO_BP	GO:0070130	negative regulation of mitochondrial translation	1
GO_BP	GO:0070131	positive regulation of mitochondrial translation	15
GO_BP	GO:0070141	response to UV-A	3
GO_BP	GO:0070143	mitochondrial alanyl-tRNA aminoacylation	1
GO_BP	GO:0070145	mitochondrial asparaginyl-tRNA aminoacylation	1
GO_BP	GO:0070150	mitochondrial glycyl-tRNA aminoacylation	1
GO_BP	GO:0070159	mitochondrial threonyl-tRNA aminoacylation	1
GO_BP	GO:0070164	negative regulation of adiponectin secretion	2
GO_BP	GO:0070166	enamel mineralization	4
GO_BP	GO:0070168	negative regulation of biomineral tissue development	10
GO_BP	GO:0070169	positive regulation of biomineral tissue development	2
GO_BP	GO:0070171	negative regulation of tooth mineralization	1
GO_BP	GO:0070172	positive regulation of tooth mineralization	1
GO_BP	GO:0070175	positive regulation of enamel mineralization	2
GO_BP	GO:0070179	D-serine biosynthetic process	2
GO_BP	GO:0070183	mitochondrial tryptophanyl-tRNA aminoacylation	1
GO_BP	GO:0070184	mitochondrial tyrosyl-tRNA aminoacylation	1
GO_BP	GO:0070192	chromosome organization involved in meiotic cell cycle	3
GO_BP	GO:0070198	protein localization to chromosome, telomeric region	8
GO_BP	GO:0070200	establishment of protein localization to telomere	4
GO_BP	GO:0070201	regulation of establishment of protein localization	3
GO_BP	GO:0070202	regulation of establishment of protein localization to chromosome	1
GO_BP	GO:0070203	regulation of establishment of protein localization to telomere	2
GO_BP	GO:0070206	protein trimerization	1
GO_BP	GO:0070207	protein homotrimerization	11
GO_BP	GO:0070212	protein poly-ADP-ribosylation	4
GO_BP	GO:0070213	protein auto-ADP-ribosylation	10
GO_BP	GO:0070227	lymphocyte apoptotic process	1
GO_BP	GO:0070231	T cell apoptotic process	4
GO_BP	GO:0070232	regulation of T cell apoptotic process	3
GO_BP	GO:0070233	negative regulation of T cell apoptotic process	1
GO_BP	GO:0070234	positive regulation of T cell apoptotic process	2
GO_BP	GO:0070236	negative regulation of activation-induced cell death of T cells	2
GO_BP	GO:0070242	thymocyte apoptotic process	1
GO_BP	GO:0070244	negative regulation of thymocyte apoptotic process	3
GO_BP	GO:0070245	positive regulation of thymocyte apoptotic process	3
GO_BP	GO:0070252	actin-mediated cell contraction	2
GO_BP	GO:0070254	mucus secretion	3
GO_BP	GO:0070257	positive regulation of mucus secretion	1
GO_BP	GO:0070262	peptidyl-serine dephosphorylation	2
GO_BP	GO:0070266	necroptotic process	4
GO_BP	GO:0070268	cornification	3
GO_BP	GO:0070269	pyroptotic inflammatory response	12
GO_BP	GO:0070278	extracellular matrix constituent secretion	1
GO_BP	GO:0070286	axonemal dynein complex assembly	8
GO_BP	GO:0070291	N-acylethanolamine metabolic process	3
GO_BP	GO:0070292	N-acylphosphatidylethanolamine metabolic process	5
GO_BP	GO:0070293	renal absorption	2
GO_BP	GO:0070294	renal sodium ion absorption	7
GO_BP	GO:0070295	renal water absorption	2
GO_BP	GO:0070296	sarcoplasmic reticulum calcium ion transport	3
GO_BP	GO:0070301	cellular response to hydrogen peroxide	26
GO_BP	GO:0070303	negative regulation of stress-activated protein kinase signaling cascade	1
GO_BP	GO:0070304	positive regulation of stress-activated protein kinase signaling cascade	1
GO_BP	GO:0070305	response to cGMP	1
GO_BP	GO:0070306	lens fiber cell differentiation	6
GO_BP	GO:0070307	lens fiber cell development	4
GO_BP	GO:0070309	lens fiber cell morphogenesis	5
GO_BP	GO:0070314	G1 to G0 transition	6
GO_BP	GO:0070315	G1 to G0 transition involved in cell differentiation	1
GO_BP	GO:0070317	negative regulation of G0 to G1 transition	3
GO_BP	GO:0070318	positive regulation of G0 to G1 transition	3
GO_BP	GO:0070327	thyroid hormone transport	7
GO_BP	GO:0070328	triglyceride homeostasis	12
GO_BP	GO:0070343	white fat cell proliferation	1
GO_BP	GO:0070345	negative regulation of fat cell proliferation	5
GO_BP	GO:0070346	positive regulation of fat cell proliferation	1
GO_BP	GO:0070352	positive regulation of white fat cell proliferation	1
GO_BP	GO:0070358	actin polymerization-dependent cell motility	7
GO_BP	GO:0070365	hepatocyte differentiation	1
GO_BP	GO:0070370	cellular heat acclimation	3
GO_BP	GO:0070371	ERK1 and ERK2 cascade	17
GO_BP	GO:0070372	regulation of ERK1 and ERK2 cascade	18
GO_BP	GO:0070373	negative regulation of ERK1 and ERK2 cascade	39
GO_BP	GO:0070374	positive regulation of ERK1 and ERK2 cascade	100
GO_BP	GO:0070383	DNA cytosine deamination	1
GO_BP	GO:0070407	oxidation-dependent protein catabolic process	1
GO_BP	GO:0070417	cellular response to cold	4
GO_BP	GO:0070424	regulation of nucleotide-binding domain, leucine rich repeat containing receptor signaling pathway	5
GO_BP	GO:0070427	nucleotide-binding oligomerization domain containing 1 signaling pathway	3
GO_BP	GO:0070430	positive regulation of nucleotide-binding oligomerization domain containing 1 signaling pathway	1
GO_BP	GO:0070431	nucleotide-binding oligomerization domain containing 2 signaling pathway	7
GO_BP	GO:0070433	negative regulation of nucleotide-binding oligomerization domain containing 2 signaling pathway	1
GO_BP	GO:0070434	positive regulation of nucleotide-binding oligomerization domain containing 2 signaling pathway	3
GO_BP	GO:0070444	oligodendrocyte progenitor proliferation	1
GO_BP	GO:0070445	regulation of oligodendrocyte progenitor proliferation	1
GO_BP	GO:0070446	negative regulation of oligodendrocyte progenitor proliferation	2
GO_BP	GO:0070447	positive regulation of oligodendrocyte progenitor proliferation	1
GO_BP	GO:0070453	regulation of heme biosynthetic process	1
GO_BP	GO:0070455	positive regulation of heme biosynthetic process	3
GO_BP	GO:0070458	cellular detoxification of nitrogen compound	4
GO_BP	GO:0070459	prolactin secretion	1
GO_BP	GO:0070462	plus-end specific microtubule depolymerization	1
GO_BP	GO:0070472	regulation of uterine smooth muscle contraction	1
GO_BP	GO:0070474	positive regulation of uterine smooth muscle contraction	3
GO_BP	GO:0070475	rRNA base methylation	8
GO_BP	GO:0070476	rRNA (guanine-N7)-methylation	2
GO_BP	GO:0070478	nuclear-transcribed mRNA catabolic process, 3'-5' exonucleolytic nonsense-mediated decay	2
GO_BP	GO:0070481	nuclear-transcribed mRNA catabolic process, non-stop decay	3
GO_BP	GO:0070482	response to oxygen levels	3
GO_BP	GO:0070483	detection of hypoxia	2
GO_BP	GO:0070486	leukocyte aggregation	1
GO_BP	GO:0070487	monocyte aggregation	2
GO_BP	GO:0070488	neutrophil aggregation	1
GO_BP	GO:0070489	T cell aggregation	1
GO_BP	GO:0070493	thrombin-activated receptor signaling pathway	5
GO_BP	GO:0070495	negative regulation of thrombin-activated receptor signaling pathway	3
GO_BP	GO:0070498	interleukin-1-mediated signaling pathway	19
GO_BP	GO:0070507	regulation of microtubule cytoskeleton organization	22
GO_BP	GO:0070508	cholesterol import	5
GO_BP	GO:0070509	calcium ion import	13
GO_BP	GO:0070527	platelet aggregation	25
GO_BP	GO:0070528	protein kinase C signaling	3
GO_BP	GO:0070534	protein K63-linked ubiquitination	48
GO_BP	GO:0070536	protein K63-linked deubiquitination	19
GO_BP	GO:0070542	response to fatty acid	4
GO_BP	GO:0070543	response to linoleic acid	1
GO_BP	GO:0070555	response to interleukin-1	17
GO_BP	GO:0070560	protein secretion by platelet	1
GO_BP	GO:0070561	vitamin D receptor signaling pathway	2
GO_BP	GO:0070562	regulation of vitamin D receptor signaling pathway	1
GO_BP	GO:0070563	negative regulation of vitamin D receptor signaling pathway	1
GO_BP	GO:0070564	positive regulation of vitamin D receptor signaling pathway	3
GO_BP	GO:0070571	negative regulation of neuron projection regeneration	1
GO_BP	GO:0070574	cadmium ion transmembrane transport	5
GO_BP	GO:0070585	protein localization to mitochondrion	31
GO_BP	GO:0070588	calcium ion transmembrane transport	53
GO_BP	GO:0070593	dendrite self-avoidance	11
GO_BP	GO:0070602	regulation of centromeric sister chromatid cohesion	2
GO_BP	GO:0070613	regulation of protein processing	1
GO_BP	GO:0070625	zymogen granule exocytosis	1
GO_BP	GO:0070633	transepithelial transport	8
GO_BP	GO:0070634	transepithelial ammonium transport	2
GO_BP	GO:0070646	protein modification by small protein removal	1
GO_BP	GO:0070649	formin-nucleated actin cable assembly	5
GO_BP	GO:0070651	nonfunctional rRNA decay	2
GO_BP	GO:0070662	mast cell proliferation	1
GO_BP	GO:0070665	positive regulation of leukocyte proliferation	1
GO_BP	GO:0070667	negative regulation of mast cell proliferation	2
GO_BP	GO:0070668	positive regulation of mast cell proliferation	1
GO_BP	GO:0070669	response to interleukin-2	2
GO_BP	GO:0070670	response to interleukin-4	2
GO_BP	GO:0070671	response to interleukin-12	1
GO_BP	GO:0070672	response to interleukin-15	1
GO_BP	GO:0070676	intralumenal vesicle formation	1
GO_BP	GO:0070681	glutaminyl-tRNAGln biosynthesis via transamidation	3
GO_BP	GO:0070682	proteasome regulatory particle assembly	3
GO_BP	GO:0070716	mismatch repair involved in maintenance of fidelity involved in DNA-dependent DNA replication	1
GO_BP	GO:0070723	response to cholesterol	7
GO_BP	GO:0070730	cAMP transport	2
GO_BP	GO:0070731	cGMP transport	1
GO_BP	GO:0070741	response to interleukin-6	3
GO_BP	GO:0070757	interleukin-35-mediated signaling pathway	1
GO_BP	GO:0070777	D-aspartate transmembrane transport	1
GO_BP	GO:0070778	L-aspartate transmembrane transport	2
GO_BP	GO:0070779	D-aspartate import across plasma membrane	3
GO_BP	GO:0070781	response to biotin	1
GO_BP	GO:0070782	phosphatidylserine exposure on apoptotic cell surface	4
GO_BP	GO:0070813	hydrogen sulfide metabolic process	1
GO_BP	GO:0070814	hydrogen sulfide biosynthetic process	3
GO_BP	GO:0070828	heterochromatin organization	10
GO_BP	GO:0070830	bicellular tight junction assembly	15
GO_BP	GO:0070831	basement membrane assembly	3
GO_BP	GO:0070836	caveola assembly	3
GO_BP	GO:0070837	dehydroascorbic acid transport	4
GO_BP	GO:0070842	aggresome assembly	4
GO_BP	GO:0070845	polyubiquitinated misfolded protein transport	1
GO_BP	GO:0070848	response to growth factor	6
GO_BP	GO:0070849	response to epidermal growth factor	3
GO_BP	GO:0070857	regulation of bile acid biosynthetic process	1
GO_BP	GO:0070858	negative regulation of bile acid biosynthetic process	1
GO_BP	GO:0070859	positive regulation of bile acid biosynthetic process	3
GO_BP	GO:0070873	regulation of glycogen metabolic process	1
GO_BP	GO:0070884	regulation of calcineurin-NFAT signaling cascade	1
GO_BP	GO:0070885	negative regulation of calcineurin-NFAT signaling cascade	10
GO_BP	GO:0070886	positive regulation of calcineurin-NFAT signaling cascade	10
GO_BP	GO:0070889	platelet alpha granule organization	1
GO_BP	GO:0070899	mitochondrial tRNA wobble uridine modification	2
GO_BP	GO:0070900	mitochondrial tRNA modification	5
GO_BP	GO:0070901	mitochondrial tRNA methylation	3
GO_BP	GO:0070902	mitochondrial tRNA pseudouridine synthesis	3
GO_BP	GO:0070911	global genome nucleotide-excision repair	2
GO_BP	GO:0070914	UV-damage excision repair	9
GO_BP	GO:0070920	regulation of regulatory ncRNA processing	2
GO_BP	GO:0070922	RISC complex assembly	10
GO_BP	GO:0070925	organelle assembly	6
GO_BP	GO:0070934	CRD-mediated mRNA stabilization	8
GO_BP	GO:0070935	3'-UTR-mediated mRNA stabilization	14
GO_BP	GO:0070936	protein K48-linked ubiquitination	82
GO_BP	GO:0070944	neutrophil-mediated killing of bacterium	1
GO_BP	GO:0070945	neutrophil-mediated killing of gram-negative bacterium	1
GO_BP	GO:0070948	regulation of neutrophil mediated cytotoxicity	1
GO_BP	GO:0070966	nuclear-transcribed mRNA catabolic process, no-go decay	5
GO_BP	GO:0070972	protein localization to endoplasmic reticulum	5
GO_BP	GO:0070977	bone maturation	2
GO_BP	GO:0070979	protein K11-linked ubiquitination	28
GO_BP	GO:0070981	L-asparagine biosynthetic process	1
GO_BP	GO:0070986	left/right axis specification	2
GO_BP	GO:0070987	error-free translesion synthesis	5
GO_BP	GO:0070988	demethylation	1
GO_BP	GO:0071025	RNA surveillance	1
GO_BP	GO:0071027	nuclear RNA surveillance	2
GO_BP	GO:0071028	nuclear mRNA surveillance	7
GO_BP	GO:0071031	nuclear mRNA surveillance of mRNA 3'-end processing	2
GO_BP	GO:0071034	CUT catabolic process	4
GO_BP	GO:0071035	nuclear polyadenylation-dependent rRNA catabolic process	7
GO_BP	GO:0071036	nuclear polyadenylation-dependent snoRNA catabolic process	2
GO_BP	GO:0071037	nuclear polyadenylation-dependent snRNA catabolic process	2
GO_BP	GO:0071038	TRAMP-dependent tRNA surveillance pathway	7
GO_BP	GO:0071039	nuclear polyadenylation-dependent CUT catabolic process	2
GO_BP	GO:0071040	nuclear polyadenylation-dependent antisense transcript catabolic process	1
GO_BP	GO:0071042	nuclear polyadenylation-dependent mRNA catabolic process	1
GO_BP	GO:0071044	histone mRNA catabolic process	10
GO_BP	GO:0071045	nuclear histone mRNA catabolic process	1
GO_BP	GO:0071051	poly(A)-dependent snoRNA 3'-end processing	6
GO_BP	GO:0071071	regulation of phospholipid biosynthetic process	1
GO_BP	GO:0071072	negative regulation of phospholipid biosynthetic process	1
GO_BP	GO:0071073	positive regulation of phospholipid biosynthetic process	2
GO_BP	GO:0071103	DNA conformation change	1
GO_BP	GO:0071104	response to interleukin-9	2
GO_BP	GO:0071105	response to interleukin-11	1
GO_BP	GO:0071107	response to parathyroid hormone	1
GO_BP	GO:0071108	protein K48-linked deubiquitination	18
GO_BP	GO:0071109	superior temporal gyrus development	1
GO_BP	GO:0071139	resolution of DNA recombination intermediates	3
GO_BP	GO:0071140	resolution of mitotic recombination intermediates	3
GO_BP	GO:0071168	protein localization to chromatin	22
GO_BP	GO:0071169	establishment of protein localization to chromatin	8
GO_BP	GO:0071205	protein localization to juxtaparanode region of axon	3
GO_BP	GO:0071211	protein targeting to vacuole involved in autophagy	1
GO_BP	GO:0071218	cellular response to misfolded protein	9
GO_BP	GO:0071219	cellular response to molecule of bacterial origin	4
GO_BP	GO:0071221	cellular response to bacterial lipopeptide	2
GO_BP	GO:0071222	cellular response to lipopolysaccharide	56
GO_BP	GO:0071223	cellular response to lipoteichoic acid	6
GO_BP	GO:0071224	cellular response to peptidoglycan	2
GO_BP	GO:0071225	cellular response to muramyl dipeptide	8
GO_BP	GO:0071226	cellular response to molecule of fungal origin	1
GO_BP	GO:0071228	cellular response to tumor cell	4
GO_BP	GO:0071230	cellular response to amino acid stimulus	33
GO_BP	GO:0071233	cellular response to L-leucine	11
GO_BP	GO:0071236	cellular response to antibiotic	1
GO_BP	GO:0071243	cellular response to arsenic-containing substance	3
GO_BP	GO:0071257	cellular response to electrical stimulus	3
GO_BP	GO:0071260	cellular response to mechanical stimulus	40
GO_BP	GO:0071264	positive regulation of translational initiation in response to starvation	1
GO_BP	GO:0071265	L-methionine biosynthetic process	4
GO_BP	GO:0071267	L-methionine salvage	1
GO_BP	GO:0071276	cellular response to cadmium ion	1
GO_BP	GO:0071277	cellular response to calcium ion	47
GO_BP	GO:0071279	cellular response to cobalt ion	2
GO_BP	GO:0071280	cellular response to copper ion	3
GO_BP	GO:0071281	cellular response to iron ion	5
GO_BP	GO:0071285	cellular response to lithium ion	4
GO_BP	GO:0071286	cellular response to magnesium ion	4
GO_BP	GO:0071287	cellular response to manganese ion	3
GO_BP	GO:0071288	cellular response to mercury ion	1
GO_BP	GO:0071294	cellular response to zinc ion	5
GO_BP	GO:0071300	cellular response to retinoic acid	31
GO_BP	GO:0071305	cellular response to vitamin D	3
GO_BP	GO:0071307	cellular response to vitamin K	2
GO_BP	GO:0071312	cellular response to alkaloid	1
GO_BP	GO:0071313	cellular response to caffeine	6
GO_BP	GO:0071314	cellular response to cocaine	2
GO_BP	GO:0071315	cellular response to morphine	2
GO_BP	GO:0071316	cellular response to nicotine	3
GO_BP	GO:0071318	cellular response to ATP	10
GO_BP	GO:0071320	cellular response to cAMP	28
GO_BP	GO:0071321	cellular response to cGMP	5
GO_BP	GO:0071329	cellular response to sucrose stimulus	1
GO_BP	GO:0071332	cellular response to fructose stimulus	3
GO_BP	GO:0071333	cellular response to glucose stimulus	21
GO_BP	GO:0071338	positive regulation of hair follicle cell proliferation	1
GO_BP	GO:0071340	skeletal muscle acetylcholine-gated channel clustering	1
GO_BP	GO:0071344	diphosphate metabolic process	1
GO_BP	GO:0071345	cellular response to cytokine stimulus	17
GO_BP	GO:0071346	cellular response to type II interferon	19
GO_BP	GO:0071347	cellular response to interleukin-1	19
GO_BP	GO:0071349	cellular response to interleukin-12	1
GO_BP	GO:0071353	cellular response to interleukin-4	5
GO_BP	GO:0071354	cellular response to interleukin-6	7
GO_BP	GO:0071356	cellular response to tumor necrosis factor	37
GO_BP	GO:0071359	cellular response to dsRNA	2
GO_BP	GO:0071360	cellular response to exogenous dsRNA	6
GO_BP	GO:0071361	cellular response to ethanol	3
GO_BP	GO:0071363	cellular response to growth factor stimulus	32
GO_BP	GO:0071364	cellular response to epidermal growth factor stimulus	23
GO_BP	GO:0071371	cellular response to gonadotropin stimulus	2
GO_BP	GO:0071372	cellular response to follicle-stimulating hormone stimulus	1
GO_BP	GO:0071374	cellular response to parathyroid hormone stimulus	1
GO_BP	GO:0071375	cellular response to peptide hormone stimulus	4
GO_BP	GO:0071376	cellular response to corticotropin-releasing hormone stimulus	3
GO_BP	GO:0071377	cellular response to glucagon stimulus	12
GO_BP	GO:0071380	cellular response to prostaglandin E stimulus	6
GO_BP	GO:0071383	cellular response to steroid hormone stimulus	10
GO_BP	GO:0071385	cellular response to glucocorticoid stimulus	14
GO_BP	GO:0071387	cellular response to cortisol stimulus	1
GO_BP	GO:0071389	cellular response to mineralocorticoid stimulus	1
GO_BP	GO:0071391	cellular response to estrogen stimulus	11
GO_BP	GO:0071392	cellular response to estradiol stimulus	16
GO_BP	GO:0071393	cellular response to progesterone stimulus	1
GO_BP	GO:0071394	cellular response to testosterone stimulus	2
GO_BP	GO:0071396	cellular response to lipid	3
GO_BP	GO:0071397	cellular response to cholesterol	7
GO_BP	GO:0071398	cellular response to fatty acid	7
GO_BP	GO:0071400	cellular response to oleic acid	1
GO_BP	GO:0071401	cellular response to triglyceride	1
GO_BP	GO:0071402	cellular response to lipoprotein particle stimulus	3
GO_BP	GO:0071403	cellular response to high density lipoprotein particle stimulus	1
GO_BP	GO:0071404	cellular response to low-density lipoprotein particle stimulus	10
GO_BP	GO:0071415	cellular response to purine-containing compound	2
GO_BP	GO:0071420	cellular response to histamine	6
GO_BP	GO:0071421	manganese ion transmembrane transport	3
GO_BP	GO:0071422	succinate transmembrane transport	2
GO_BP	GO:0071423	malate transmembrane transport	1
GO_BP	GO:0071425	hematopoietic stem cell proliferation	10
GO_BP	GO:0071447	cellular response to hydroperoxide	3
GO_BP	GO:0071449	cellular response to lipid hydroperoxide	1
GO_BP	GO:0071451	cellular response to superoxide	1
GO_BP	GO:0071453	cellular response to oxygen levels	1
GO_BP	GO:0071455	cellular response to hyperoxia	3
GO_BP	GO:0071456	cellular response to hypoxia	57
GO_BP	GO:0071459	protein localization to chromosome, centromeric region	2
GO_BP	GO:0071460	cellular response to cell-matrix adhesion	1
GO_BP	GO:0071464	cellular response to hydrostatic pressure	2
GO_BP	GO:0071466	cellular response to xenobiotic stimulus	19
GO_BP	GO:0071467	cellular response to pH	6
GO_BP	GO:0071468	cellular response to acidic pH	11
GO_BP	GO:0071469	cellular response to alkaline pH	1
GO_BP	GO:0071470	cellular response to osmotic stress	4
GO_BP	GO:0071472	cellular response to salt stress	2
GO_BP	GO:0071474	cellular hyperosmotic response	10
GO_BP	GO:0071475	cellular hyperosmotic salinity response	1
GO_BP	GO:0071476	cellular hypotonic response	6
GO_BP	GO:0071477	cellular hypotonic salinity response	1
GO_BP	GO:0071479	cellular response to ionizing radiation	29
GO_BP	GO:0071480	cellular response to gamma radiation	15
GO_BP	GO:0071481	cellular response to X-ray	3
GO_BP	GO:0071482	cellular response to light stimulus	3
GO_BP	GO:0071486	cellular response to high light intensity	1
GO_BP	GO:0071492	cellular response to UV-A	5
GO_BP	GO:0071493	cellular response to UV-B	10
GO_BP	GO:0071498	cellular response to fluid shear stress	7
GO_BP	GO:0071499	cellular response to laminar fluid shear stress	7
GO_BP	GO:0071500	cellular response to nitrosative stress	2
GO_BP	GO:0071502	cellular response to temperature stimulus	2
GO_BP	GO:0071504	cellular response to heparin	3
GO_BP	GO:0071506	cellular response to mycophenolic acid	2
GO_BP	GO:0071514	genomic imprinting	5
GO_BP	GO:0071526	semaphorin-plexin signaling pathway	40
GO_BP	GO:0071528	tRNA re-export from nucleus	1
GO_BP	GO:0071529	cementum mineralization	1
GO_BP	GO:0071539	protein localization to centrosome	17
GO_BP	GO:0071542	dopaminergic neuron differentiation	11
GO_BP	GO:0071543	diphosphoinositol polyphosphate metabolic process	1
GO_BP	GO:0071544	diphosphoinositol polyphosphate catabolic process	1
GO_BP	GO:0071549	cellular response to dexamethasone stimulus	2
GO_BP	GO:0071550	death-inducing signaling complex assembly	1
GO_BP	GO:0071559	response to transforming growth factor beta	6
GO_BP	GO:0071560	cellular response to transforming growth factor beta stimulus	23
GO_BP	GO:0071569	protein ufmylation	6
GO_BP	GO:0071577	zinc ion transmembrane transport	17
GO_BP	GO:0071578	zinc ion import across plasma membrane	9
GO_BP	GO:0071579	regulation of zinc ion transport	1
GO_BP	GO:0071584	negative regulation of zinc ion transmembrane import	1
GO_BP	GO:0071586	CAAX-box protein processing	2
GO_BP	GO:0071593	lymphocyte aggregation	2
GO_BP	GO:0071596	ubiquitin-dependent protein catabolic process via the N-end rule pathway	5
GO_BP	GO:0071602	phytosphingosine biosynthetic process	1
GO_BP	GO:0071603	endothelial cell-cell adhesion	3
GO_BP	GO:0071604	transforming growth factor beta production	1
GO_BP	GO:0071621	granulocyte chemotaxis	1
GO_BP	GO:0071622	regulation of granulocyte chemotaxis	1
GO_BP	GO:0071625	vocalization behavior	9
GO_BP	GO:0071626	mastication	1
GO_BP	GO:0071629	cytoplasm protein quality control by the ubiquitin-proteasome system	3
GO_BP	GO:0071630	nuclear protein quality control by the ubiquitin-proteasome system	4
GO_BP	GO:0071635	negative regulation of transforming growth factor beta production	2
GO_BP	GO:0071636	positive regulation of transforming growth factor beta production	2
GO_BP	GO:0071638	negative regulation of monocyte chemotactic protein-1 production	1
GO_BP	GO:0071639	positive regulation of monocyte chemotactic protein-1 production	2
GO_BP	GO:0071640	regulation of macrophage inflammatory protein 1 alpha production	1
GO_BP	GO:0071650	negative regulation of chemokine (C-C motif) ligand 5 production	1
GO_BP	GO:0071651	positive regulation of chemokine (C-C motif) ligand 5 production	1
GO_BP	GO:0071656	negative regulation of granulocyte colony-stimulating factor production	1
GO_BP	GO:0071657	positive regulation of granulocyte colony-stimulating factor production	2
GO_BP	GO:0071660	positive regulation of IP-10 production	1
GO_BP	GO:0071670	smooth muscle cell chemotaxis	2
GO_BP	GO:0071672	negative regulation of smooth muscle cell chemotaxis	2
GO_BP	GO:0071673	positive regulation of smooth muscle cell chemotaxis	1
GO_BP	GO:0071674	mononuclear cell migration	1
GO_BP	GO:0071676	negative regulation of mononuclear cell migration	1
GO_BP	GO:0071677	positive regulation of mononuclear cell migration	1
GO_BP	GO:0071679	commissural neuron axon guidance	9
GO_BP	GO:0071681	cellular response to indole-3-methanol	5
GO_BP	GO:0071691	cardiac muscle thin filament assembly	3
GO_BP	GO:0071709	membrane assembly	3
GO_BP	GO:0071711	basement membrane organization	11
GO_BP	GO:0071716	leukotriene transport	3
GO_BP	GO:0071722	detoxification of arsenic-containing substance	1
GO_BP	GO:0071726	cellular response to diacyl bacterial lipopeptide	3
GO_BP	GO:0071727	cellular response to triacyl bacterial lipopeptide	2
GO_BP	GO:0071731	response to nitric oxide	2
GO_BP	GO:0071732	cellular response to nitric oxide	6
GO_BP	GO:0071763	nuclear membrane organization	7
GO_BP	GO:0071765	nuclear inner membrane organization	1
GO_BP	GO:0071773	cellular response to BMP stimulus	14
GO_BP	GO:0071774	response to fibroblast growth factor	2
GO_BP	GO:0071786	endoplasmic reticulum tubular network organization	13
GO_BP	GO:0071787	endoplasmic reticulum tubular network formation	6
GO_BP	GO:0071788	endoplasmic reticulum tubular network maintenance	1
GO_BP	GO:0071799	cellular response to prostaglandin D stimulus	3
GO_BP	GO:0071800	podosome assembly	4
GO_BP	GO:0071801	regulation of podosome assembly	2
GO_BP	GO:0071803	positive regulation of podosome assembly	1
GO_BP	GO:0071805	potassium ion transmembrane transport	84
GO_BP	GO:0071806	protein transmembrane transport	1
GO_BP	GO:0071812	positive regulation of fever generation by positive regulation of prostaglandin secretion	1
GO_BP	GO:0071816	tail-anchored membrane protein insertion into ER membrane	14
GO_BP	GO:0071830	triglyceride-rich lipoprotein particle clearance	1
GO_BP	GO:0071831	intermediate-density lipoprotein particle clearance	1
GO_BP	GO:0071838	cell proliferation in bone marrow	1
GO_BP	GO:0071846	actin filament debranching	1
GO_BP	GO:0071863	regulation of cell proliferation in bone marrow	1
GO_BP	GO:0071864	positive regulation of cell proliferation in bone marrow	2
GO_BP	GO:0071866	negative regulation of apoptotic process in bone marrow cell	1
GO_BP	GO:0071870	cellular response to catecholamine stimulus	6
GO_BP	GO:0071872	cellular response to epinephrine stimulus	6
GO_BP	GO:0071874	cellular response to norepinephrine stimulus	1
GO_BP	GO:0071875	adrenergic receptor signaling pathway	8
GO_BP	GO:0071877	regulation of adenylate cyclase-inhibiting adrenergic receptor signaling pathway	1
GO_BP	GO:0071878	negative regulation of adenylate cyclase-activating adrenergic receptor signaling pathway	3
GO_BP	GO:0071879	positive regulation of adenylate cyclase-activating adrenergic receptor signaling pathway	1
GO_BP	GO:0071880	adenylate cyclase-activating adrenergic receptor signaling pathway	12
GO_BP	GO:0071881	adenylate cyclase-inhibiting adrenergic receptor signaling pathway	3
GO_BP	GO:0071882	phospholipase C-activating adrenergic receptor signaling pathway	2
GO_BP	GO:0071888	macrophage apoptotic process	2
GO_BP	GO:0071895	odontoblast differentiation	3
GO_BP	GO:0071896	protein localization to adherens junction	2
GO_BP	GO:0071897	DNA biosynthetic process	6
GO_BP	GO:0071900	regulation of protein serine/threonine kinase activity	1
GO_BP	GO:0071901	negative regulation of protein serine/threonine kinase activity	4
GO_BP	GO:0071902	positive regulation of protein serine/threonine kinase activity	9
GO_BP	GO:0071907	determination of digestive tract left/right asymmetry	3
GO_BP	GO:0071908	determination of intestine left/right asymmetry	1
GO_BP	GO:0071909	determination of stomach left/right asymmetry	1
GO_BP	GO:0071910	determination of liver left/right asymmetry	4
GO_BP	GO:0071918	urea transmembrane transport	2
GO_BP	GO:0071919	G-quadruplex DNA formation	1
GO_BP	GO:0071926	endocannabinoid signaling pathway	1
GO_BP	GO:0071932	replication fork reversal	5
GO_BP	GO:0071934	thiamine transmembrane transport	2
GO_BP	GO:0071947	protein deubiquitination involved in ubiquitin-dependent protein catabolic process	6
GO_BP	GO:0071951	conversion of methionyl-tRNA to N-formyl-methionyl-tRNA	1
GO_BP	GO:0071955	recycling endosome to Golgi transport	2
GO_BP	GO:0071962	mitotic sister chromatid cohesion, centromeric	1
GO_BP	GO:0071963	establishment or maintenance of cell polarity regulating cell shape	4
GO_BP	GO:0071971	extracellular exosome assembly	1
GO_BP	GO:0071985	multivesicular body sorting pathway	17
GO_BP	GO:0072006	nephron development	6
GO_BP	GO:0072010	glomerular epithelium development	1
GO_BP	GO:0072011	glomerular endothelium development	2
GO_BP	GO:0072012	glomerulus vasculature development	3
GO_BP	GO:0072014	proximal tubule development	1
GO_BP	GO:0072015	podocyte development	4
GO_BP	GO:0072016	glomerular parietal epithelial cell development	1
GO_BP	GO:0072034	renal vesicle induction	2
GO_BP	GO:0072053	renal inner medulla development	1
GO_BP	GO:0072054	renal outer medulla development	1
GO_BP	GO:0072060	outer medullary collecting duct development	1
GO_BP	GO:0072061	inner medullary collecting duct development	2
GO_BP	GO:0072073	kidney epithelium development	2
GO_BP	GO:0072075	metanephric mesenchyme development	4
GO_BP	GO:0072089	stem cell proliferation	6
GO_BP	GO:0072091	regulation of stem cell proliferation	4
GO_BP	GO:0072092	ureteric bud invasion	1
GO_BP	GO:0072095	regulation of branch elongation involved in ureteric bud branching	1
GO_BP	GO:0072102	glomerulus morphogenesis	2
GO_BP	GO:0072104	glomerular capillary formation	1
GO_BP	GO:0072107	positive regulation of ureteric bud formation	2
GO_BP	GO:0072110	glomerular mesangial cell proliferation	1
GO_BP	GO:0072111	cell proliferation involved in kidney development	2
GO_BP	GO:0072112	podocyte differentiation	4
GO_BP	GO:0072125	negative regulation of glomerular mesangial cell proliferation	2
GO_BP	GO:0072126	positive regulation of glomerular mesangial cell proliferation	2
GO_BP	GO:0072133	metanephric mesenchyme morphogenesis	1
GO_BP	GO:0072136	metanephric mesenchymal cell proliferation involved in metanephros development	2
GO_BP	GO:0072138	mesenchymal cell proliferation involved in ureteric bud development	2
GO_BP	GO:0072139	glomerular parietal epithelial cell differentiation	1
GO_BP	GO:0072143	mesangial cell development	1
GO_BP	GO:0072144	glomerular mesangial cell development	1
GO_BP	GO:0072156	distal tubule morphogenesis	2
GO_BP	GO:0072160	nephron tubule epithelial cell differentiation	2
GO_BP	GO:0072162	metanephric mesenchymal cell differentiation	2
GO_BP	GO:0072163	mesonephric epithelium development	1
GO_BP	GO:0072164	mesonephric tubule development	2
GO_BP	GO:0072166	posterior mesonephric tubule development	1
GO_BP	GO:0072168	specification of anterior mesonephric tubule identity	1
GO_BP	GO:0072169	specification of posterior mesonephric tubule identity	1
GO_BP	GO:0072177	mesonephric duct development	3
GO_BP	GO:0072178	nephric duct morphogenesis	1
GO_BP	GO:0072179	nephric duct formation	2
GO_BP	GO:0072180	mesonephric duct morphogenesis	2
GO_BP	GO:0072182	regulation of nephron tubule epithelial cell differentiation	2
GO_BP	GO:0072183	negative regulation of nephron tubule epithelial cell differentiation	1
GO_BP	GO:0072184	renal vesicle progenitor cell differentiation	1
GO_BP	GO:0072189	ureter development	3
GO_BP	GO:0072190	ureter urothelium development	1
GO_BP	GO:0072197	ureter morphogenesis	1
GO_BP	GO:0072200	negative regulation of mesenchymal cell proliferation involved in ureter development	1
GO_BP	GO:0072201	negative regulation of mesenchymal cell proliferation	3
GO_BP	GO:0072205	metanephric collecting duct development	4
GO_BP	GO:0072207	metanephric epithelium development	2
GO_BP	GO:0072208	metanephric smooth muscle tissue development	2
GO_BP	GO:0072213	metanephric capsule development	1
GO_BP	GO:0072214	metanephric cortex development	1
GO_BP	GO:0072218	metanephric ascending thin limb development	3
GO_BP	GO:0072219	metanephric cortical collecting duct development	1
GO_BP	GO:0072227	metanephric macula densa development	1
GO_BP	GO:0072233	metanephric thick ascending limb development	1
GO_BP	GO:0072234	metanephric nephron tubule development	1
GO_BP	GO:0072235	metanephric distal tubule development	1
GO_BP	GO:0072236	metanephric loop of Henle development	2
GO_BP	GO:0072237	metanephric proximal tubule development	1
GO_BP	GO:0072239	metanephric glomerulus vasculature development	1
GO_BP	GO:0072240	metanephric DCT cell differentiation	1
GO_BP	GO:0072254	metanephric glomerular mesangial cell differentiation	1
GO_BP	GO:0072255	metanephric glomerular mesangial cell development	1
GO_BP	GO:0072259	metanephric interstitial fibroblast development	1
GO_BP	GO:0072262	metanephric glomerular mesangial cell proliferation involved in metanephros development	1
GO_BP	GO:0072267	metanephric capsule specification	1
GO_BP	GO:0072268	pattern specification involved in metanephros development	1
GO_BP	GO:0072277	metanephric glomerular capillary formation	2
GO_BP	GO:0072284	metanephric S-shaped body morphogenesis	1
GO_BP	GO:0072285	mesenchymal to epithelial transition involved in metanephric renal vesicle formation	1
GO_BP	GO:0072287	metanephric distal tubule morphogenesis	1
GO_BP	GO:0072289	metanephric nephron tubule formation	2
GO_BP	GO:0072300	positive regulation of metanephric glomerulus development	1
GO_BP	GO:0072303	positive regulation of glomerular metanephric mesangial cell proliferation	1
GO_BP	GO:0072308	negative regulation of metanephric nephron tubule epithelial cell differentiation	1
GO_BP	GO:0072318	clathrin coat disassembly	4
GO_BP	GO:0072319	vesicle uncoating	1
GO_BP	GO:0072331	signal transduction by p53 class mediator	1
GO_BP	GO:0072332	intrinsic apoptotic signaling pathway by p53 class mediator	15
GO_BP	GO:0072334	UDP-galactose transmembrane transport	1
GO_BP	GO:0072344	rescue of stalled cytosolic ribosome	29
GO_BP	GO:0072350	tricarboxylic acid metabolic process	1
GO_BP	GO:0072359	circulatory system development	6
GO_BP	GO:0072378	blood coagulation, fibrin clot formation	4
GO_BP	GO:0072383	plus-end-directed vesicle transport along microtubule	5
GO_BP	GO:0072384	organelle transport along microtubule	4
GO_BP	GO:0072385	minus-end-directed organelle transport along microtubule	3
GO_BP	GO:0072389	flavin adenine dinucleotide catabolic process	1
GO_BP	GO:0072393	microtubule anchoring at microtubule organizing center	2
GO_BP	GO:0072423	response to DNA damage checkpoint signaling	1
GO_BP	GO:0072429	response to intra-S DNA damage checkpoint signaling	3
GO_BP	GO:0072432	response to G1 DNA damage checkpoint signaling	1
GO_BP	GO:0072488	ammonium transmembrane transport	3
GO_BP	GO:0072497	mesenchymal stem cell differentiation	1
GO_BP	GO:0072498	embryonic skeletal joint development	3
GO_BP	GO:0072520	seminiferous tubule development	1
GO_BP	GO:0072530	purine-containing compound transmembrane transport	1
GO_BP	GO:0072531	pyrimidine-containing compound transmembrane transport	2
GO_BP	GO:0072537	fibroblast activation	3
GO_BP	GO:0072538	T-helper 17 type immune response	2
GO_BP	GO:0072539	T-helper 17 cell differentiation	1
GO_BP	GO:0072540	T-helper 17 cell lineage commitment	5
GO_BP	GO:0072553	terminal button organization	1
GO_BP	GO:0072554	blood vessel lumenization	1
GO_BP	GO:0072560	type B pancreatic cell maturation	1
GO_BP	GO:0072573	tolerance induction to lipopolysaccharide	1
GO_BP	GO:0072574	hepatocyte proliferation	1
GO_BP	GO:0072577	endothelial cell apoptotic process	3
GO_BP	GO:0072579	glycine receptor clustering	1
GO_BP	GO:0072583	clathrin-dependent endocytosis	25
GO_BP	GO:0072584	caveolin-mediated endocytosis	5
GO_BP	GO:0072593	reactive oxygen species metabolic process	11
GO_BP	GO:0072594	establishment of protein localization to organelle	5
GO_BP	GO:0072656	maintenance of protein location in mitochondrion	4
GO_BP	GO:0072657	protein localization to membrane	22
GO_BP	GO:0072659	protein localization to plasma membrane	106
GO_BP	GO:0072660	maintenance of protein location in plasma membrane	2
GO_BP	GO:0072663	establishment of protein localization to peroxisome	1
GO_BP	GO:0072672	neutrophil extravasation	3
GO_BP	GO:0072673	lamellipodium morphogenesis	4
GO_BP	GO:0072674	multinuclear osteoclast differentiation	1
GO_BP	GO:0072675	osteoclast fusion	3
GO_BP	GO:0072676	lymphocyte migration	1
GO_BP	GO:0072678	T cell migration	3
GO_BP	GO:0072697	protein localization to cell cortex	1
GO_BP	GO:0072708	response to sorbitol	2
GO_BP	GO:0072710	response to hydroxyurea	1
GO_BP	GO:0072711	cellular response to hydroxyurea	6
GO_BP	GO:0072716	response to actinomycin D	1
GO_BP	GO:0072717	cellular response to actinomycin D	1
GO_BP	GO:0072719	cellular response to cisplatin	2
GO_BP	GO:0072720	response to dithiothreitol	1
GO_BP	GO:0072732	cellular response to calcium ion starvation	2
GO_BP	GO:0072734	cellular response to staurosporine	3
GO_BP	GO:0072739	response to anisomycin	1
GO_BP	GO:0072749	cellular response to cytochalasin B	1
GO_BP	GO:0072752	cellular response to rapamycin	3
GO_BP	GO:0072753	cellular response to glutathione	1
GO_BP	GO:0072757	cellular response to camptothecin	3
GO_BP	GO:0075342	symbiont-mediated disruption of host cell PML body	1
GO_BP	GO:0075506	entry of viral genome into host nucleus through nuclear pore complex via importin	1
GO_BP	GO:0075509	endocytosis involved in viral entry into host cell	3
GO_BP	GO:0075512	clathrin-dependent endocytosis of virus by host cell	1
GO_BP	GO:0075522	IRES-dependent viral translational initiation	11
GO_BP	GO:0075523	viral translational frameshifting	1
GO_BP	GO:0075525	viral translational termination-reinitiation	5
GO_BP	GO:0075713	establishment of integrated proviral latency	1
GO_BP	GO:0075733	intracellular transport of virus	1
GO_BP	GO:0080120	CAAX-box protein maturation	1
GO_BP	GO:0080121	AMP transport	1
GO_BP	GO:0080129	proteasome core complex assembly	2
GO_BP	GO:0080135	regulation of cellular response to stress	8
GO_BP	GO:0080144	intracellular amino acid homeostasis	3
GO_BP	GO:0080154	regulation of fertilization	2
GO_BP	GO:0080164	regulation of nitric oxide metabolic process	1
GO_BP	GO:0080170	hydrogen peroxide transmembrane transport	1
GO_BP	GO:0085020	protein K6-linked ubiquitination	12
GO_BP	GO:0085029	extracellular matrix assembly	7
GO_BP	GO:0086001	cardiac muscle cell action potential	2
GO_BP	GO:0086002	cardiac muscle cell action potential involved in contraction	17
GO_BP	GO:0086003	cardiac muscle cell contraction	3
GO_BP	GO:0086004	regulation of cardiac muscle cell contraction	8
GO_BP	GO:0086005	ventricular cardiac muscle cell action potential	11
GO_BP	GO:0086009	membrane repolarization	10
GO_BP	GO:0086010	membrane depolarization during action potential	10
GO_BP	GO:0086011	membrane repolarization during action potential	5
GO_BP	GO:0086012	membrane depolarization during cardiac muscle cell action potential	8
GO_BP	GO:0086013	membrane repolarization during cardiac muscle cell action potential	5
GO_BP	GO:0086014	atrial cardiac muscle cell action potential	7
GO_BP	GO:0086015	SA node cell action potential	5
GO_BP	GO:0086016	AV node cell action potential	3
GO_BP	GO:0086018	SA node cell to atrial cardiac muscle cell signaling	1
GO_BP	GO:0086027	AV node cell to bundle of His cell signaling	1
GO_BP	GO:0086029	Purkinje myocyte to ventricular cardiac muscle cell signaling	1
GO_BP	GO:0086036	regulation of cardiac muscle cell membrane potential	5
GO_BP	GO:0086043	bundle of His cell action potential	1
GO_BP	GO:0086045	membrane depolarization during AV node cell action potential	4
GO_BP	GO:0086046	membrane depolarization during SA node cell action potential	5
GO_BP	GO:0086047	membrane depolarization during Purkinje myocyte cell action potential	3
GO_BP	GO:0086048	membrane depolarization during bundle of His cell action potential	3
GO_BP	GO:0086050	membrane repolarization during bundle of His cell action potential	1
GO_BP	GO:0086052	membrane repolarization during SA node cell action potential	1
GO_BP	GO:0086053	AV node cell to bundle of His cell communication by electrical coupling	1
GO_BP	GO:0086064	cell communication by electrical coupling involved in cardiac conduction	7
GO_BP	GO:0086066	atrial cardiac muscle cell to AV node cell communication	1
GO_BP	GO:0086067	AV node cell to bundle of His cell communication	1
GO_BP	GO:0086070	SA node cell to atrial cardiac muscle cell communication	1
GO_BP	GO:0086073	bundle of His cell-Purkinje myocyte adhesion involved in cell communication	5
GO_BP	GO:0086091	regulation of heart rate by cardiac conduction	30
GO_BP	GO:0086092	regulation of the force of heart contraction by cardiac conduction	1
GO_BP	GO:0086097	phospholipase C-activating angiotensin-activated signaling pathway	2
GO_BP	GO:0086100	endothelin receptor signaling pathway	6
GO_BP	GO:0086103	G protein-coupled receptor signaling pathway involved in heart process	1
GO_BP	GO:0089709	L-histidine transmembrane transport	3
GO_BP	GO:0089718	amino acid import across plasma membrane	16
GO_BP	GO:0090009	primitive streak formation	2
GO_BP	GO:0090022	regulation of neutrophil chemotaxis	2
GO_BP	GO:0090023	positive regulation of neutrophil chemotaxis	16
GO_BP	GO:0090024	negative regulation of neutrophil chemotaxis	3
GO_BP	GO:0090025	regulation of monocyte chemotaxis	2
GO_BP	GO:0090026	positive regulation of monocyte chemotaxis	9
GO_BP	GO:0090027	negative regulation of monocyte chemotaxis	4
GO_BP	GO:0090035	positive regulation of chaperone-mediated protein complex assembly	1
GO_BP	GO:0090037	positive regulation of protein kinase C signaling	2
GO_BP	GO:0090038	negative regulation of protein kinase C signaling	1
GO_BP	GO:0090042	tubulin deacetylation	2
GO_BP	GO:0090043	regulation of tubulin deacetylation	10
GO_BP	GO:0090045	positive regulation of deacetylase activity	1
GO_BP	GO:0090050	positive regulation of cell migration involved in sprouting angiogenesis	18
GO_BP	GO:0090051	negative regulation of cell migration involved in sprouting angiogenesis	13
GO_BP	GO:0090063	positive regulation of microtubule nucleation	6
GO_BP	GO:0090068	positive regulation of cell cycle process	4
GO_BP	GO:0090069	regulation of ribosome biogenesis	6
GO_BP	GO:0090071	negative regulation of ribosome biogenesis	1
GO_BP	GO:0090076	relaxation of skeletal muscle	2
GO_BP	GO:0090083	regulation of inclusion body assembly	2
GO_BP	GO:0090084	negative regulation of inclusion body assembly	6
GO_BP	GO:0090085	regulation of protein deubiquitination	1
GO_BP	GO:0090086	negative regulation of protein deubiquitination	2
GO_BP	GO:0090090	negative regulation of canonical Wnt signaling pathway	103
GO_BP	GO:0090091	positive regulation of extracellular matrix disassembly	7
GO_BP	GO:0090094	metanephric cap mesenchymal cell proliferation involved in metanephros development	1
GO_BP	GO:0090096	positive regulation of metanephric cap mesenchymal cell proliferation	1
GO_BP	GO:0090102	cochlea development	2
GO_BP	GO:0090103	cochlea morphogenesis	8
GO_BP	GO:0090107	regulation of high-density lipoprotein particle assembly	1
GO_BP	GO:0090108	positive regulation of high-density lipoprotein particle assembly	1
GO_BP	GO:0090110	COPII-coated vesicle cargo loading	14
GO_BP	GO:0090111	regulation of COPII vesicle uncoating	1
GO_BP	GO:0090114	COPII-coated vesicle budding	3
GO_BP	GO:0090117	endosome to lysosome transport of low-density lipoprotein particle	2
GO_BP	GO:0090118	receptor-mediated endocytosis involved in cholesterol transport	2
GO_BP	GO:0090119	vesicle-mediated cholesterol transport	2
GO_BP	GO:0090120	lysosome to ER cholesterol transport	6
GO_BP	GO:0090126	protein-containing complex assembly involved in synapse maturation	1
GO_BP	GO:0090128	regulation of synapse maturation	3
GO_BP	GO:0090129	positive regulation of synapse maturation	7
GO_BP	GO:0090131	mesenchyme migration	2
GO_BP	GO:0090135	actin filament branching	1
GO_BP	GO:0090136	epithelial cell-cell adhesion	7
GO_BP	GO:0090140	regulation of mitochondrial fission	5
GO_BP	GO:0090141	positive regulation of mitochondrial fission	18
GO_BP	GO:0090148	membrane fission	8
GO_BP	GO:0090149	mitochondrial membrane fission	1
GO_BP	GO:0090150	establishment of protein localization to membrane	8
GO_BP	GO:0090155	negative regulation of sphingolipid biosynthetic process	1
GO_BP	GO:0090156	intracellular sphingolipid homeostasis	4
GO_BP	GO:0090158	endoplasmic reticulum membrane organization	5
GO_BP	GO:0090160	Golgi to lysosome transport	13
GO_BP	GO:0090161	Golgi ribbon formation	9
GO_BP	GO:0090162	establishment of epithelial cell polarity	5
GO_BP	GO:0090164	asymmetric Golgi ribbon formation	2
GO_BP	GO:0090166	Golgi disassembly	4
GO_BP	GO:0090168	Golgi reassembly	5
GO_BP	GO:0090169	regulation of spindle assembly	2
GO_BP	GO:0090170	regulation of Golgi inheritance	4
GO_BP	GO:0090174	organelle membrane fusion	1
GO_BP	GO:0090175	regulation of establishment of planar polarity	1
GO_BP	GO:0090176	microtubule cytoskeleton organization involved in establishment of planar polarity	1
GO_BP	GO:0090181	regulation of cholesterol metabolic process	9
GO_BP	GO:0090184	positive regulation of kidney development	3
GO_BP	GO:0090188	negative regulation of pancreatic juice secretion	1
GO_BP	GO:0090190	positive regulation of branching involved in ureteric bud morphogenesis	7
GO_BP	GO:0090191	negative regulation of branching involved in ureteric bud morphogenesis	1
GO_BP	GO:0090193	positive regulation of glomerulus development	2
GO_BP	GO:0090194	negative regulation of glomerulus development	1
GO_BP	GO:0090200	positive regulation of release of cytochrome c from mitochondria	16
GO_BP	GO:0090201	negative regulation of release of cytochrome c from mitochondria	16
GO_BP	GO:0090205	positive regulation of cholesterol metabolic process	3
GO_BP	GO:0090207	regulation of triglyceride metabolic process	1
GO_BP	GO:0090209	negative regulation of triglyceride metabolic process	1
GO_BP	GO:0090210	regulation of establishment of blood-brain barrier	1
GO_BP	GO:0090218	positive regulation of lipid kinase activity	1
GO_BP	GO:0090222	centrosome-templated microtubule nucleation	2
GO_BP	GO:0090234	regulation of kinetochore assembly	2
GO_BP	GO:0090235	regulation of metaphase plate congression	5
GO_BP	GO:0090237	regulation of arachidonate secretion	1
GO_BP	GO:0090238	positive regulation of arachidonate secretion	1
GO_BP	GO:0090249	regulation of cell migration involved in somitogenic axis elongation	2
GO_BP	GO:0090251	protein localization involved in establishment of planar polarity	2
GO_BP	GO:0090257	regulation of muscle system process	1
GO_BP	GO:0090258	negative regulation of mitochondrial fission	1
GO_BP	GO:0090260	negative regulation of retinal ganglion cell axon guidance	2
GO_BP	GO:0090262	regulation of transcription-coupled nucleotide-excision repair	1
GO_BP	GO:0090263	positive regulation of canonical Wnt signaling pathway	81
GO_BP	GO:0090265	positive regulation of immune complex clearance by monocytes and macrophages	2
GO_BP	GO:0090266	regulation of mitotic cell cycle spindle assembly checkpoint	3
GO_BP	GO:0090267	positive regulation of mitotic cell cycle spindle assembly checkpoint	6
GO_BP	GO:0090271	positive regulation of fibroblast growth factor production	2
GO_BP	GO:0090272	negative regulation of fibroblast growth factor production	1
GO_BP	GO:0090277	positive regulation of peptide hormone secretion	4
GO_BP	GO:0090279	regulation of calcium ion import	5
GO_BP	GO:0090280	positive regulation of calcium ion import	5
GO_BP	GO:0090281	negative regulation of calcium ion import	2
GO_BP	GO:0090287	regulation of cellular response to growth factor stimulus	1
GO_BP	GO:0090288	negative regulation of cellular response to growth factor stimulus	2
GO_BP	GO:0090290	positive regulation of osteoclast proliferation	1
GO_BP	GO:0090291	negative regulation of osteoclast proliferation	1
GO_BP	GO:0090292	nuclear matrix anchoring at nuclear membrane	3
GO_BP	GO:0090297	positive regulation of mitochondrial DNA replication	1
GO_BP	GO:0090298	negative regulation of mitochondrial DNA replication	1
GO_BP	GO:0090301	negative regulation of neural crest formation	1
GO_BP	GO:0090303	positive regulation of wound healing	12
GO_BP	GO:0090304	nucleic acid metabolic process	3
GO_BP	GO:0090307	mitotic spindle assembly	27
GO_BP	GO:0090310	negative regulation of DNA methylation-dependent heterochromatin formation	1
GO_BP	GO:0090311	regulation of protein deacetylation	1
GO_BP	GO:0090312	positive regulation of protein deacetylation	1
GO_BP	GO:0090314	positive regulation of protein targeting to membrane	15
GO_BP	GO:0090315	negative regulation of protein targeting to membrane	4
GO_BP	GO:0090316	positive regulation of intracellular protein transport	19
GO_BP	GO:0090318	regulation of chylomicron remodeling	1
GO_BP	GO:0090322	regulation of superoxide metabolic process	1
GO_BP	GO:0090324	negative regulation of oxidative phosphorylation	4
GO_BP	GO:0090330	regulation of platelet aggregation	5
GO_BP	GO:0090331	negative regulation of platelet aggregation	8
GO_BP	GO:0090335	regulation of brown fat cell differentiation	2
GO_BP	GO:0090336	positive regulation of brown fat cell differentiation	10
GO_BP	GO:0090341	negative regulation of secretion of lysosomal enzymes	1
GO_BP	GO:0090346	organofluorine metabolic process	1
GO_BP	GO:0090362	positive regulation of platelet-derived growth factor production	1
GO_BP	GO:0090364	regulation of proteasome assembly	1
GO_BP	GO:0090367	negative regulation of mRNA modification	1
GO_BP	GO:0090370	negative regulation of cholesterol efflux	4
GO_BP	GO:0090382	phagosome maturation	9
GO_BP	GO:0090383	phagosome acidification	4
GO_BP	GO:0090385	phagosome-lysosome fusion	9
GO_BP	GO:0090394	negative regulation of excitatory postsynaptic potential	4
GO_BP	GO:0090398	cellular senescence	33
GO_BP	GO:0090399	replicative senescence	7
GO_BP	GO:0090400	stress-induced premature senescence	3
GO_BP	GO:0090402	oncogene-induced cell senescence	2
GO_BP	GO:0090403	oxidative stress-induced premature senescence	3
GO_BP	GO:0090410	malonate catabolic process	1
GO_BP	GO:0090435	protein localization to nuclear envelope	6
GO_BP	GO:0090461	intracellular glutamate homeostasis	5
GO_BP	GO:0090472	dibasic protein processing	1
GO_BP	GO:0090481	pyrimidine nucleotide-sugar transmembrane transport	1
GO_BP	GO:0090494	dopamine uptake	2
GO_BP	GO:0090521	podocyte cell migration	6
GO_BP	GO:0090557	establishment of endothelial intestinal barrier	5
GO_BP	GO:0090559	regulation of membrane permeability	3
GO_BP	GO:0090594	inflammatory response to wounding	3
GO_BP	GO:0090615	mitochondrial mRNA processing	1
GO_BP	GO:0090625	siRNA-mediated gene silencing by mRNA destabilization	1
GO_BP	GO:0090630	activation of GTPase activity	17
GO_BP	GO:0090646	mitochondrial tRNA processing	2
GO_BP	GO:0090656	t-circle formation	9
GO_BP	GO:0090657	telomeric loop disassembly	2
GO_BP	GO:0090659	walking behavior	1
GO_BP	GO:0090660	cerebrospinal fluid circulation	3
GO_BP	GO:0090666	scaRNA localization to Cajal body	5
GO_BP	GO:0090669	telomerase RNA stabilization	2
GO_BP	GO:0090671	telomerase RNA localization to Cajal body	6
GO_BP	GO:0090673	endothelial cell-matrix adhesion	1
GO_BP	GO:0090721	primary adaptive immune response involving T cells and B cells	1
GO_BP	GO:0090737	telomere maintenance via telomere trimming	2
GO_BP	GO:0095500	acetylcholine receptor signaling pathway	9
GO_BP	GO:0097006	regulation of plasma lipoprotein particle levels	1
GO_BP	GO:0097009	energy homeostasis	35
GO_BP	GO:0097011	cellular response to granulocyte macrophage colony-stimulating factor stimulus	5
GO_BP	GO:0097017	renal protein absorption	2
GO_BP	GO:0097021	lymphocyte migration into lymphoid organs	2
GO_BP	GO:0097022	lymphocyte migration into lymph node	2
GO_BP	GO:0097028	dendritic cell differentiation	7
GO_BP	GO:0097035	regulation of membrane lipid distribution	5
GO_BP	GO:0097037	heme export	2
GO_BP	GO:0097039	protein linear polyubiquitination	2
GO_BP	GO:0097045	phosphatidylserine exposure on blood platelet	1
GO_BP	GO:0097050	type B pancreatic cell apoptotic process	2
GO_BP	GO:0097051	establishment of protein localization to endoplasmic reticulum membrane	3
GO_BP	GO:0097054	L-glutamate biosynthetic process	3
GO_BP	GO:0097055	agmatine biosynthetic process	1
GO_BP	GO:0097061	dendritic spine organization	3
GO_BP	GO:0097062	dendritic spine maintenance	8
GO_BP	GO:0097067	cellular response to thyroid hormone stimulus	5
GO_BP	GO:0097070	ductus arteriosus closure	1
GO_BP	GO:0097080	plasma membrane selenite transport	1
GO_BP	GO:0097084	vascular associated smooth muscle cell development	5
GO_BP	GO:0097089	methyl-branched fatty acid metabolic process	2
GO_BP	GO:0097090	presynaptic membrane organization	1
GO_BP	GO:0097091	synaptic vesicle clustering	7
GO_BP	GO:0097094	craniofacial suture morphogenesis	4
GO_BP	GO:0097101	blood vessel endothelial cell fate specification	1
GO_BP	GO:0097102	endothelial tip cell fate specification	1
GO_BP	GO:0097104	postsynaptic membrane assembly	5
GO_BP	GO:0097105	presynaptic membrane assembly	6
GO_BP	GO:0097106	postsynaptic density organization	1
GO_BP	GO:0097107	postsynaptic density assembly	2
GO_BP	GO:0097111	endoplasmic reticulum-Golgi intermediate compartment organization	2
GO_BP	GO:0097112	gamma-aminobutyric acid receptor clustering	4
GO_BP	GO:0097113	AMPA glutamate receptor clustering	4
GO_BP	GO:0097114	NMDA glutamate receptor clustering	5
GO_BP	GO:0097115	neurexin clustering involved in presynaptic membrane assembly	1
GO_BP	GO:0097116	gephyrin clustering involved in postsynaptic density assembly	4
GO_BP	GO:0097117	guanylate kinase-associated protein clustering	2
GO_BP	GO:0097118	neuroligin clustering involved in postsynaptic membrane assembly	2
GO_BP	GO:0097119	postsynaptic density protein 95 clustering	5
GO_BP	GO:0097120	receptor localization to synapse	7
GO_BP	GO:0097150	neuronal stem cell population maintenance	10
GO_BP	GO:0097151	positive regulation of inhibitory postsynaptic potential	3
GO_BP	GO:0097152	mesenchymal cell apoptotic process	1
GO_BP	GO:0097154	GABAergic neuron differentiation	1
GO_BP	GO:0097155	fasciculation of sensory neuron axon	3
GO_BP	GO:0097156	fasciculation of motor neuron axon	2
GO_BP	GO:0097167	circadian regulation of translation	2
GO_BP	GO:0097176	epoxide metabolic process	2
GO_BP	GO:0097178	ruffle assembly	5
GO_BP	GO:0097186	amelogenesis	4
GO_BP	GO:0097187	dentinogenesis	1
GO_BP	GO:0097190	apoptotic signaling pathway	39
GO_BP	GO:0097191	extrinsic apoptotic signaling pathway	28
GO_BP	GO:0097192	extrinsic apoptotic signaling pathway in absence of ligand	12
GO_BP	GO:0097193	intrinsic apoptotic signaling pathway	22
GO_BP	GO:0097194	execution phase of apoptosis	13
GO_BP	GO:0097205	renal filtration	2
GO_BP	GO:0097210	response to gonadotropin-releasing hormone	1
GO_BP	GO:0097211	cellular response to gonadotropin-releasing hormone	1
GO_BP	GO:0097212	lysosomal membrane organization	5
GO_BP	GO:0097213	regulation of lysosomal membrane permeability	3
GO_BP	GO:0097214	positive regulation of lysosomal membrane permeability	1
GO_BP	GO:0097222	mitochondrial mRNA polyadenylation	4
GO_BP	GO:0097237	cellular response to toxic substance	4
GO_BP	GO:0097241	hematopoietic stem cell migration to bone marrow	4
GO_BP	GO:0097242	amyloid-beta clearance	14
GO_BP	GO:0097250	mitochondrial respirasome assembly	7
GO_BP	GO:0097252	oligodendrocyte apoptotic process	2
GO_BP	GO:0097254	renal tubular secretion	1
GO_BP	GO:0097264	self proteolysis	4
GO_BP	GO:0097267	omega-hydroxylase P450 pathway	2
GO_BP	GO:0097275	intracellular ammonium homeostasis	1
GO_BP	GO:0097278	complement-dependent cytotoxicity	1
GO_BP	GO:0097284	hepatocyte apoptotic process	3
GO_BP	GO:0097291	renal phosphate ion absorption	1
GO_BP	GO:0097294	'de novo' XMP biosynthetic process	3
GO_BP	GO:0097298	regulation of nucleus size	1
GO_BP	GO:0097300	programmed necrotic cell death	4
GO_BP	GO:0097305	response to alcohol	1
GO_BP	GO:0097320	plasma membrane tubulation	13
GO_BP	GO:0097324	melanocyte migration	2
GO_BP	GO:0097326	melanocyte adhesion	1
GO_BP	GO:0097341	zymogen inhibition	1
GO_BP	GO:0097343	ripoptosome assembly	1
GO_BP	GO:0097345	mitochondrial outer membrane permeabilization	5
GO_BP	GO:0097350	neutrophil clearance	2
GO_BP	GO:0097352	autophagosome maturation	38
GO_BP	GO:0097355	protein localization to heterochromatin	3
GO_BP	GO:0097368	establishment of Sertoli cell barrier	1
GO_BP	GO:0097380	dorsal spinal cord interneuron anterior axon guidance	1
GO_BP	GO:0097400	interleukin-17-mediated signaling pathway	5
GO_BP	GO:0097401	synaptic vesicle lumen acidification	2
GO_BP	GO:0097402	neuroblast migration	1
GO_BP	GO:0097403	cellular response to raffinose	1
GO_BP	GO:0097411	hypoxia-inducible factor-1alpha signaling pathway	2
GO_BP	GO:0097421	liver regeneration	2
GO_BP	GO:0097435	supramolecular fiber organization	11
GO_BP	GO:0097466	ubiquitin-dependent glycoprotein ERAD pathway	2
GO_BP	GO:0097475	motor neuron migration	2
GO_BP	GO:0097484	dendrite extension	6
GO_BP	GO:0097485	neuron projection guidance	4
GO_BP	GO:0097490	sympathetic neuron projection extension	5
GO_BP	GO:0097491	sympathetic neuron projection guidance	4
GO_BP	GO:0097494	regulation of vesicle size	6
GO_BP	GO:0097497	blood vessel endothelial cell delamination	1
GO_BP	GO:0097498	endothelial tube lumen extension	2
GO_BP	GO:0097499	protein localization to non-motile cilium	9
GO_BP	GO:0097500	receptor localization to non-motile cilium	2
GO_BP	GO:0097503	sialylation	8
GO_BP	GO:0097510	base-excision repair, AP site formation via deaminated base removal	1
GO_BP	GO:0097527	necroptotic signaling pathway	3
GO_BP	GO:0097530	granulocyte migration	1
GO_BP	GO:0097533	cellular stress response to acid chemical	2
GO_BP	GO:0097535	lymphoid lineage cell migration into thymus	1
GO_BP	GO:0097552	mitochondrial double-strand break repair via homologous recombination	1
GO_BP	GO:0097553	calcium ion transmembrane import into cytosol	7
GO_BP	GO:0097576	vacuole fusion	1
GO_BP	GO:0097581	lamellipodium organization	1
GO_BP	GO:0097623	potassium ion export across plasma membrane	6
GO_BP	GO:0097638	L-arginine import across plasma membrane	4
GO_BP	GO:0097639	L-lysine import across plasma membrane	1
GO_BP	GO:0097640	L-ornithine import across plasma membrane	1
GO_BP	GO:0097646	calcitonin family receptor signaling pathway	2
GO_BP	GO:0097647	amylin receptor signaling pathway	3
GO_BP	GO:0097680	double-strand break repair via classical nonhomologous end joining	9
GO_BP	GO:0097681	double-strand break repair via alternative nonhomologous end joining	9
GO_BP	GO:0097694	establishment of RNA localization to telomere	2
GO_BP	GO:0097695	establishment of protein-containing complex localization to telomere	1
GO_BP	GO:0097696	cell surface receptor signaling pathway via STAT	8
GO_BP	GO:0097700	vascular endothelial cell response to laminar fluid shear stress	18
GO_BP	GO:0097706	vascular endothelial cell response to oscillatory fluid shear stress	5
GO_BP	GO:0097707	ferroptosis	1
GO_BP	GO:0097712	trans-Golgi to periciliary membrane compartment transport	1
GO_BP	GO:0097720	calcineurin-mediated signaling	6
GO_BP	GO:0097734	extracellular exosome biogenesis	1
GO_BP	GO:0097745	mitochondrial tRNA 5'-end processing	3
GO_BP	GO:0097746	blood vessel diameter maintenance	8
GO_BP	GO:0097749	membrane tubulation	4
GO_BP	GO:0097750	endosome membrane tubulation	4
GO_BP	GO:0097752	regulation of DNA stability	1
GO_BP	GO:0097753	membrane bending	3
GO_BP	GO:0098038	non-replicative DNA transposition	1
GO_BP	GO:0098508	endothelial to hematopoietic transition	3
GO_BP	GO:0098528	skeletal muscle fiber differentiation	2
GO_BP	GO:0098530	positive regulation of strand invasion	1
GO_BP	GO:0098534	centriole assembly	5
GO_BP	GO:0098535	de novo centriole assembly involved in multi-ciliated epithelial cell differentiation	4
GO_BP	GO:0098583	learned vocalization behavior	1
GO_BP	GO:0098586	cellular response to virus	21
GO_BP	GO:0098609	cell-cell adhesion	96
GO_BP	GO:0098629	trans-Golgi network membrane organization	2
GO_BP	GO:0098655	monoatomic cation transmembrane transport	18
GO_BP	GO:0098656	monoatomic anion transmembrane transport	5
GO_BP	GO:0098657	import into cell	1
GO_BP	GO:0098658	inorganic anion import across plasma membrane	2
GO_BP	GO:0098659	inorganic cation import across plasma membrane	1
GO_BP	GO:0098664	G protein-coupled serotonin receptor signaling pathway	2
GO_BP	GO:0098670	entry receptor-mediated virion attachment to host cell	1
GO_BP	GO:0098693	regulation of synaptic vesicle cycle	3
GO_BP	GO:0098696	regulation of neurotransmitter receptor localization to postsynaptic specialization membrane	6
GO_BP	GO:0098700	neurotransmitter loading into synaptic vesicle	5
GO_BP	GO:0098703	calcium ion import across plasma membrane	16
GO_BP	GO:0098708	D-glucose import across plasma membrane	4
GO_BP	GO:0098711	iron ion import across plasma membrane	1
GO_BP	GO:0098712	L-glutamate import across plasma membrane	5
GO_BP	GO:0098719	sodium ion import across plasma membrane	14
GO_BP	GO:0098725	symmetric cell division	1
GO_BP	GO:0098735	positive regulation of the force of heart contraction	4
GO_BP	GO:0098736	negative regulation of the force of heart contraction	1
GO_BP	GO:0098737	protein insertion into plasma membrane	1
GO_BP	GO:0098739	import across plasma membrane	3
GO_BP	GO:0098746	fast, calcium ion-dependent exocytosis of neurotransmitter	1
GO_BP	GO:0098759	cellular response to interleukin-8	1
GO_BP	GO:0098773	skin epidermis development	1
GO_BP	GO:0098780	response to mitochondrial depolarisation	3
GO_BP	GO:0098792	xenophagy	2
GO_BP	GO:0098795	global gene silencing by mRNA cleavage	1
GO_BP	GO:0098813	nuclear chromosome segregation	1
GO_BP	GO:0098814	spontaneous synaptic transmission	2
GO_BP	GO:0098815	modulation of excitatory postsynaptic potential	5
GO_BP	GO:0098817	evoked excitatory postsynaptic potential	1
GO_BP	GO:0098829	intestinal folate absorption	1
GO_BP	GO:0098838	folate transmembrane transport	3
GO_BP	GO:0098840	protein transport along microtubule	3
GO_BP	GO:0098849	cellular detoxification of cadmium ion	2
GO_BP	GO:0098856	intestinal lipid absorption	1
GO_BP	GO:0098868	bone growth	4
GO_BP	GO:0098869	cellular oxidant detoxification	3
GO_BP	GO:0098870	action potential propagation	1
GO_BP	GO:0098876	vesicle-mediated transport to the plasma membrane	2
GO_BP	GO:0098883	synapse pruning	8
GO_BP	GO:0098885	modification of postsynaptic actin cytoskeleton	1
GO_BP	GO:0098887	neurotransmitter receptor transport, endosome to postsynaptic membrane	4
GO_BP	GO:0098900	regulation of action potential	2
GO_BP	GO:0098901	regulation of cardiac muscle cell action potential	5
GO_BP	GO:0098902	regulation of membrane depolarization during action potential	1
GO_BP	GO:0098903	regulation of membrane repolarization during action potential	3
GO_BP	GO:0098904	regulation of AV node cell action potential	1
GO_BP	GO:0098907	regulation of SA node cell action potential	3
GO_BP	GO:0098908	regulation of neuronal action potential	5
GO_BP	GO:0098909	regulation of cardiac muscle cell action potential involved in regulation of contraction	5
GO_BP	GO:0098910	regulation of atrial cardiac muscle cell action potential	2
GO_BP	GO:0098911	regulation of ventricular cardiac muscle cell action potential	9
GO_BP	GO:0098912	membrane depolarization during atrial cardiac muscle cell action potential	2
GO_BP	GO:0098914	membrane repolarization during atrial cardiac muscle cell action potential	3
GO_BP	GO:0098915	membrane repolarization during ventricular cardiac muscle cell action potential	3
GO_BP	GO:0098921	retrograde trans-synaptic signaling by endocannabinoid	1
GO_BP	GO:0098930	axonal transport	1
GO_BP	GO:0098942	retrograde trans-synaptic signaling by trans-synaptic protein complex	1
GO_BP	GO:0098943	neurotransmitter receptor transport, postsynaptic endosome to lysosome	1
GO_BP	GO:0098958	retrograde axonal transport of mitochondrion	1
GO_BP	GO:0098964	anterograde dendritic transport of messenger ribonucleoprotein complex	2
GO_BP	GO:0098967	exocytic insertion of neurotransmitter receptor to postsynaptic membrane	1
GO_BP	GO:0098969	neurotransmitter receptor transport to postsynaptic membrane	1
GO_BP	GO:0098970	postsynaptic neurotransmitter receptor diffusion trapping	6
GO_BP	GO:0098971	anterograde dendritic transport of neurotransmitter receptor complex	5
GO_BP	GO:0098974	postsynaptic actin cytoskeleton organization	2
GO_BP	GO:0098976	excitatory chemical synaptic transmission	2
GO_BP	GO:0098989	NMDA selective glutamate receptor signaling pathway	6
GO_BP	GO:0098990	AMPA selective glutamate receptor signaling pathway	5
GO_BP	GO:0099011	neuronal dense core vesicle exocytosis	2
GO_BP	GO:0099017	maintenance of protein localization at cell tip	1
GO_BP	GO:0099040	ceramide translocation	1
GO_BP	GO:0099049	clathrin coat assembly involved in endocytosis	1
GO_BP	GO:0099050	vesicle scission	2
GO_BP	GO:0099054	presynapse assembly	7
GO_BP	GO:0099068	postsynapse assembly	2
GO_BP	GO:0099072	regulation of postsynaptic membrane neurotransmitter receptor levels	7
GO_BP	GO:0099074	mitochondrion to lysosome vesicle-mediated transport	3
GO_BP	GO:0099084	postsynaptic specialization organization	1
GO_BP	GO:0099093	calcium export from the mitochondrion	4
GO_BP	GO:0099111	microtubule-based transport	1
GO_BP	GO:0099123	somato-dendritic dopamine secretion	1
GO_BP	GO:0099140	presynaptic actin cytoskeleton organization	1
GO_BP	GO:0099149	regulation of postsynaptic neurotransmitter receptor internalization	6
GO_BP	GO:0099150	regulation of postsynaptic specialization assembly	1
GO_BP	GO:0099151	regulation of postsynaptic density assembly	4
GO_BP	GO:0099159	regulation of modification of postsynaptic structure	1
GO_BP	GO:0099170	postsynaptic modulation of chemical synaptic transmission	1
GO_BP	GO:0099171	presynaptic modulation of chemical synaptic transmission	6
GO_BP	GO:0099172	presynapse organization	1
GO_BP	GO:0099173	postsynapse organization	1
GO_BP	GO:0099175	regulation of postsynapse organization	8
GO_BP	GO:0099178	regulation of retrograde trans-synaptic signaling by endocanabinoid	1
GO_BP	GO:0099179	regulation of synaptic membrane adhesion	1
GO_BP	GO:0099187	presynaptic cytoskeleton organization	1
GO_BP	GO:0099502	calcium-dependent activation of synaptic vesicle fusion	9
GO_BP	GO:0099504	synaptic vesicle cycle	1
GO_BP	GO:0099509	regulation of presynaptic cytosolic calcium ion concentration	2
GO_BP	GO:0099518	vesicle cytoskeletal trafficking	1
GO_BP	GO:0099519	dense core granule cytoskeletal transport	4
GO_BP	GO:0099525	presynaptic dense core vesicle exocytosis	3
GO_BP	GO:0099527	postsynapse to nucleus signaling pathway	3
GO_BP	GO:0099533	positive regulation of presynaptic cytosolic calcium concentration	1
GO_BP	GO:0099536	synaptic signaling	6
GO_BP	GO:0099538	synaptic signaling via neuropeptide	3
GO_BP	GO:0099545	trans-synaptic signaling by trans-synaptic complex	2
GO_BP	GO:0099550	trans-synaptic signaling, modulating synaptic transmission	8
GO_BP	GO:0099557	trans-synaptic signaling by trans-synaptic complex, modulating synaptic transmission	6
GO_BP	GO:0099558	maintenance of synapse structure	10
GO_BP	GO:0099560	synaptic membrane adhesion	23
GO_BP	GO:0099563	modification of synaptic structure	1
GO_BP	GO:0099566	regulation of postsynaptic cytosolic calcium ion concentration	1
GO_BP	GO:0099577	regulation of translation at presynapse, modulating synaptic transmission	3
GO_BP	GO:0099601	regulation of neurotransmitter receptor activity	1
GO_BP	GO:0099605	regulation of action potential firing rate	2
GO_BP	GO:0099606	microtubule plus-end directed mitotic chromosome migration	1
GO_BP	GO:0099607	lateral attachment of mitotic spindle microtubules to kinetochore	1
GO_BP	GO:0099608	regulation of action potential firing pattern	1
GO_BP	GO:0099612	protein localization to axon	2
GO_BP	GO:0099625	ventricular cardiac muscle cell membrane repolarization	1
GO_BP	GO:0099627	neurotransmitter receptor cycle	1
GO_BP	GO:0099630	postsynaptic neurotransmitter receptor cycle	1
GO_BP	GO:0099637	neurotransmitter receptor transport	1
GO_BP	GO:0099638	endosome to plasma membrane protein transport	4
GO_BP	GO:0099639	neurotransmitter receptor transport, endosome to plasma membrane	1
GO_BP	GO:0099641	anterograde axonal protein transport	7
GO_BP	GO:0099642	retrograde axonal protein transport	2
GO_BP	GO:0099645	neurotransmitter receptor localization to postsynaptic specialization membrane	2
GO_BP	GO:0101023	vascular endothelial cell proliferation	1
GO_BP	GO:0106001	intestinal hexose absorption	1
GO_BP	GO:0106004	tRNA (guanine-N7)-methylation	2
GO_BP	GO:0106015	negative regulation of inflammatory response to wounding	6
GO_BP	GO:0106016	positive regulation of inflammatory response to wounding	2
GO_BP	GO:0106027	neuron projection organization	1
GO_BP	GO:0106028	neuron projection retraction	1
GO_BP	GO:0106030	neuron projection fasciculation	1
GO_BP	GO:0106040	regulation of GABA-A receptor activity	1
GO_BP	GO:0106049	regulation of cellular response to osmotic stress	1
GO_BP	GO:0106056	regulation of calcineurin-mediated signaling	1
GO_BP	GO:0106064	regulation of cobalamin catabolic process	1
GO_BP	GO:0106070	regulation of adenylate cyclase-activating G protein-coupled receptor signaling pathway	2
GO_BP	GO:0106071	positive regulation of adenylate cyclase-activating G protein-coupled receptor signaling pathway	6
GO_BP	GO:0106072	negative regulation of adenylate cyclase-activating G protein-coupled receptor signaling pathway	7
GO_BP	GO:0106074	aminoacyl-tRNA metabolism involved in translational fidelity	1
GO_BP	GO:0106089	negative regulation of cell adhesion involved in sprouting angiogenesis	1
GO_BP	GO:0106091	glial cell projection elongation	3
GO_BP	GO:0106101	ER-dependent peroxisome localization	1
GO_BP	GO:0106134	positive regulation of cardiac muscle cell contraction	2
GO_BP	GO:0106217	tRNA C3-cytosine methylation	4
GO_BP	GO:0106227	peptidyl-lysine glutarylation	1
GO_BP	GO:0106230	protein depropionylation	2
GO_BP	GO:0106272	protein localization to ERGIC	1
GO_BP	GO:0106273	cytosol to ERGIC protein transport	1
GO_BP	GO:0106279	negative regulation of UDP-N-acetylglucosamine biosynthetic process	1
GO_BP	GO:0106288	regulation of deadenylation-dependent decapping of nuclear-transcribed mRNA	1
GO_BP	GO:0106289	negative regulation of deadenylation-dependent decapping of nuclear-transcribed mRNA	1
GO_BP	GO:0106300	protein-DNA covalent cross-linking repair	6
GO_BP	GO:0106354	tRNA surveillance	1
GO_BP	GO:0106383	dAMP salvage	1
GO_BP	GO:0106402	Lewis x epitope biosynthetic process	2
GO_BP	GO:0110002	regulation of tRNA methylation	1
GO_BP	GO:0110024	positive regulation of cardiac muscle myoblast proliferation	2
GO_BP	GO:0110025	DNA strand resection involved in replication fork processing	5
GO_BP	GO:0110026	regulation of DNA strand resection involved in replication fork processing	1
GO_BP	GO:0110031	negative regulation of G2/MI transition of meiotic cell cycle	3
GO_BP	GO:0110032	positive regulation of G2/MI transition of meiotic cell cycle	2
GO_BP	GO:0110051	metabolite repair	1
GO_BP	GO:0110052	toxic metabolite repair	6
GO_BP	GO:0110053	regulation of actin filament organization	4
GO_BP	GO:0110059	negative regulation of blood vessel endothelial cell differentiation	1
GO_BP	GO:0110061	regulation of angiotensin-activated signaling pathway	2
GO_BP	GO:0110062	negative regulation of angiotensin-activated signaling pathway	1
GO_BP	GO:0110063	positive regulation of angiotensin-activated signaling pathway	1
GO_BP	GO:0110064	lncRNA catabolic process	2
GO_BP	GO:0110076	negative regulation of ferroptosis	19
GO_BP	GO:0110077	vesicle-mediated intercellular transport	1
GO_BP	GO:0110089	regulation of hippocampal neuron apoptotic process	1
GO_BP	GO:0110091	negative regulation of hippocampal neuron apoptotic process	2
GO_BP	GO:0110095	cellular detoxification of aldehyde	5
GO_BP	GO:0110097	regulation of calcium import into the mitochondrion	3
GO_BP	GO:0110099	negative regulation of calcium import into the mitochondrion	3
GO_BP	GO:0110104	mRNA alternative polyadenylation	3
GO_BP	GO:0110135	Norrin signaling pathway	3
GO_BP	GO:0110154	RNA decapping	2
GO_BP	GO:0110155	NAD-cap decapping	1
GO_BP	GO:0110156	mRNA methylguanosine-cap decapping	3
GO_BP	GO:0120009	intermembrane lipid transfer	11
GO_BP	GO:0120010	intermembrane phospholipid transfer	7
GO_BP	GO:0120012	intermembrane sphingolipid transfer	1
GO_BP	GO:0120035	regulation of plasma membrane bounded cell projection organization	1
GO_BP	GO:0120036	plasma membrane bounded cell projection organization	1
GO_BP	GO:0120041	positive regulation of macrophage proliferation	5
GO_BP	GO:0120042	negative regulation of macrophage proliferation	1
GO_BP	GO:0120045	stereocilium maintenance	1
GO_BP	GO:0120049	snRNA (adenine-N6)-methylation	1
GO_BP	GO:0120056	large intestinal transit	1
GO_BP	GO:0120078	cell adhesion involved in sprouting angiogenesis	1
GO_BP	GO:0120094	negative regulation of peptidyl-lysine crotonylation	1
GO_BP	GO:0120116	glucagon processing	1
GO_BP	GO:0120158	positive regulation of collagen catabolic process	1
GO_BP	GO:0120161	regulation of cold-induced thermogenesis	2
GO_BP	GO:0120162	positive regulation of cold-induced thermogenesis	77
GO_BP	GO:0120163	negative regulation of cold-induced thermogenesis	41
GO_BP	GO:0120169	detection of cold stimulus involved in thermoception	1
GO_BP	GO:0120183	positive regulation of focal adhesion disassembly	6
GO_BP	GO:0120184	negative regulation of focal adhesion disassembly	1
GO_BP	GO:0120186	negative regulation of protein localization to chromatin	8
GO_BP	GO:0120187	positive regulation of protein localization to chromatin	3
GO_BP	GO:0120188	regulation of bile acid secretion	1
GO_BP	GO:0120192	tight junction assembly	4
GO_BP	GO:0120197	mucociliary clearance	2
GO_BP	GO:0120229	protein localization to motile cilium	3
GO_BP	GO:0120261	regulation of heterochromatin organization	2
GO_BP	GO:0120316	sperm flagellum assembly	13
GO_BP	GO:0120317	sperm mitochondrial sheath assembly	4
GO_BP	GO:0120323	lipid ubiquitination	1
GO_BP	GO:0120329	protein localization to centriolar satellite	1
GO_BP	GO:0120532	glycosaminoglycan-protein linkage region biosynthetic process	3
GO_BP	GO:0120551	2-oxoglutarate decarboxylation to succinyl-CoA	1
GO_BP	GO:0120552	branched-chain alpha-keto acid decarboxylation to branched-chain acyl-CoA	4
GO_BP	GO:0120574	GPI anchor remodelling	3
GO_BP	GO:0140001	morula formation	1
GO_BP	GO:0140009	L-aspartate import across plasma membrane	6
GO_BP	GO:0140013	meiotic nuclear division	1
GO_BP	GO:0140014	mitotic nuclear division	2
GO_BP	GO:0140021	mitochondrial ADP transmembrane transport	2
GO_BP	GO:0140040	mitochondrial polycistronic RNA processing	1
GO_BP	GO:0140041	cellular detoxification of methylglyoxal	1
GO_BP	GO:0140042	lipid droplet formation	12
GO_BP	GO:0140048	manganese ion export across plasma membrane	1
GO_BP	GO:0140052	cellular response to oxidised low-density lipoprotein particle stimulus	8
GO_BP	GO:0140056	organelle localization by membrane tethering	5
GO_BP	GO:0140058	neuron projection arborization	3
GO_BP	GO:0140059	dendrite arborization	3
GO_BP	GO:0140060	axon arborization	1
GO_BP	GO:0140066	peptidyl-lysine crotonylation	1
GO_BP	GO:0140067	peptidyl-lysine butyrylation	1
GO_BP	GO:0140074	cardiac endothelial to mesenchymal transition	1
GO_BP	GO:0140077	positive regulation of lipoprotein transport	4
GO_BP	GO:0140105	interleukin-10-mediated signaling pathway	4
GO_BP	GO:0140112	extracellular vesicle biogenesis	2
GO_BP	GO:0140115	export across plasma membrane	6
GO_BP	GO:0140131	positive regulation of lymphocyte chemotaxis	1
GO_BP	GO:0140141	mitochondrial potassium ion transmembrane transport	3
GO_BP	GO:0140176	positive regulation of pyruvate decarboxylation to acetyl-CoA	2
GO_BP	GO:0140206	dipeptide import across plasma membrane	3
GO_BP	GO:0140207	tripeptide import across plasma membrane	1
GO_BP	GO:0140208	apoptotic process in response to mitochondrial fragmentation	1
GO_BP	GO:0140212	regulation of long-chain fatty acid import into cell	1
GO_BP	GO:0140214	positive regulation of long-chain fatty acid import into cell	1
GO_BP	GO:0140227	serotonin-gated cation-selective signaling pathway	1
GO_BP	GO:0140251	regulation protein catabolic process at presynapse	1
GO_BP	GO:0140253	cell-cell fusion	1
GO_BP	GO:0140277	endoplasmic reticulum N-glycan trimming	1
GO_BP	GO:0140285	endosome fission	3
GO_BP	GO:0140290	peptidyl-serine ADP-deribosylation	1
GO_BP	GO:0140291	peptidyl-glutamate ADP-deribosylation	3
GO_BP	GO:0140298	endocytic iron import into cell	1
GO_BP	GO:0140300	serine import into mitochondrion	3
GO_BP	GO:0140329	lysophospholipid translocation	1
GO_BP	GO:0140331	aminophospholipid translocation	2
GO_BP	GO:0140354	lipid import into cell	1
GO_BP	GO:0140361	cyclic-GMP-AMP transmembrane import across plasma membrane	5
GO_BP	GO:0140367	antibacterial innate immune response	7
GO_BP	GO:0140374	antiviral innate immune response	51
GO_BP	GO:0140447	cytokine precursor processing	3
GO_BP	GO:0140450	protein targeting to Golgi apparatus	3
GO_BP	GO:0140455	cytoplasm protein quality control	3
GO_BP	GO:0140466	iron-sulfur cluster export from the mitochondrion	1
GO_BP	GO:0140467	integrated stress response signaling	6
GO_BP	GO:0140468	HRI-mediated signaling	9
GO_BP	GO:0140469	GCN2-mediated signaling	4
GO_BP	GO:0140493	very long-chain fatty acid beta-oxidation	1
GO_BP	GO:0140501	positive regulation of reticulophagy	3
GO_BP	GO:0140507	granzyme-mediated programmed cell death signaling pathway	3
GO_BP	GO:0140543	positive regulation of piRNA transcription	1
GO_BP	GO:0140569	extraction of mislocalized protein from ER membrane	1
GO_BP	GO:0140570	extraction of mislocalized protein from mitochondrial outer membrane	1
GO_BP	GO:0140576	ascorbate homeostasis	4
GO_BP	GO:0140588	chromatin looping	2
GO_BP	GO:0140591	nuclear envelope budding	1
GO_BP	GO:0140627	ubiquitin-dependent protein catabolic process via the C-end degron rule pathway	14
GO_BP	GO:0140639	positive regulation of pyroptotic inflammatory response	6
GO_BP	GO:0140647	P450-containing electron transport chain	1
GO_BP	GO:0140650	radial glia-guided pyramidal neuron migration	1
GO_BP	GO:0140673	transcription elongation-coupled chromatin remodeling	11
GO_BP	GO:0140694	membraneless organelle assembly	11
GO_BP	GO:0140706	protein-containing complex localization to centriolar satellite	2
GO_BP	GO:0140708	CAT tailing	1
GO_BP	GO:0140718	facultative heterochromatin formation	1
GO_BP	GO:0140719	constitutive heterochromatin formation	6
GO_BP	GO:0140744	negative regulation of lncRNA transcription	2
GO_BP	GO:0140754	reorganization of cellular membranes to establish viral sites of replication	1
GO_BP	GO:0140861	DNA repair-dependent chromatin remodeling	22
GO_BP	GO:0140882	zinc export across plasma membrane	3
GO_BP	GO:0140889	DNA replication-dependent chromatin disassembly	2
GO_BP	GO:0140896	cGAS/STING signaling pathway	5
GO_BP	GO:0140914	zinc ion import into secretory vesicle	1
GO_BP	GO:0140915	zinc ion import into zymogen granule	1
GO_BP	GO:0140916	zinc ion import into lysosome	4
GO_BP	GO:0140917	zinc ion import into mitochondrion	1
GO_BP	GO:0140924	L-kynurenine transmembrane transport	1
GO_BP	GO:0140958	target-directed miRNA degradation	3
GO_BP	GO:0140970	AIM2 inflammasome complex assembly	1
GO_BP	GO:0140972	negative regulation of AIM2 inflammasome complex assembly	1
GO_BP	GO:0140973	positive regulation of AIM2 inflammasome complex assembly	1
GO_BP	GO:0141005	transposable element silencing by heterochromatin formation	6
GO_BP	GO:0141006	transposable element silencing by piRNA-mediated heterochromatin formation	1
GO_BP	GO:0141008	transposable element silencing by mRNA destabilization	3
GO_BP	GO:0141014	cytosolic ribosome hibernation	3
GO_BP	GO:0141065	maternal mRNA clearance	1
GO_BP	GO:0141111	positive regulation of cGAS/STING signaling pathway	12
GO_BP	GO:0141112	broken chromosome clustering	2
GO_BP	GO:0141119	chromosomal DNA methylation maintenance following DNA replication	2
GO_BP	GO:0141124	intracellular signaling cassette	1
GO_BP	GO:0141137	positive regulation of gene expression, epigenetic	3
GO_BP	GO:0141150	positive regulation of nitric oxide-cGMP mediated signal transduction	2
GO_BP	GO:0141151	negative regulation of nitric oxide-cGMP mediated signal transduction	2
GO_BP	GO:0141156	cAMP/PKA signal transduction	9
GO_BP	GO:0141161	regulation of cAMP/PKA signal transduction	2
GO_BP	GO:0141162	negative regulation of cAMP/PKA signal transduction	24
GO_BP	GO:0141163	positive regulation of cAMP/PKA signal transduction	10
GO_BP	GO:0141164	mitochondrial protein quality control	4
GO_BP	GO:0141167	chromosomal 5-methylcytosine DNA demethylation, oxidation pathway	1
GO_BP	GO:0141191	negative regulation of HRI-mediated signaling	2
GO_BP	GO:0141194	siRNA-mediated heterochromatin formation	1
GO_BP	GO:0141196	transposable element silencing by piRNA-mediated DNA methylation	3
GO_BP	GO:0141198	protein branched polyubiquitination	18
GO_BP	GO:0141201	pyroptotic cell death	2
GO_BP	GO:0141204	dipeptide transmembrane transport from lysosomal lumen to cytosol	1
GO_BP	GO:0141212	phospholipase C/protein kinase C signal transduction	3
GO_BP	GO:0141214	positive regulation of phospholipase C/protein kinase C signal transduction	2
GO_BP	GO:0141217	glycoRNA biosynthetic process	1
GO_BP	GO:0150003	regulation of spontaneous synaptic transmission	3
GO_BP	GO:0150007	clathrin-dependent synaptic vesicle endocytosis	2
GO_BP	GO:0150011	regulation of neuron projection arborization	6
GO_BP	GO:0150012	positive regulation of neuron projection arborization	8
GO_BP	GO:0150018	basal dendrite development	1
GO_BP	GO:0150019	basal dendrite morphogenesis	1
GO_BP	GO:0150020	basal dendrite arborization	3
GO_BP	GO:0150024	oxidised low-density lipoprotein particle clearance	1
GO_BP	GO:0150032	positive regulation of protein localization to lysosome	3
GO_BP	GO:0150033	negative regulation of protein localization to lysosome	2
GO_BP	GO:0150052	regulation of postsynapse assembly	6
GO_BP	GO:0150059	amylin receptor 1 signaling pathway	3
GO_BP	GO:0150060	amylin receptor 2 signaling pathway	3
GO_BP	GO:0150061	amylin receptor 3 signaling pathway	2
GO_BP	GO:0150062	complement-mediated synapse pruning	4
GO_BP	GO:0150064	vertebrate eye-specific patterning	3
GO_BP	GO:0150076	neuroinflammatory response	2
GO_BP	GO:0150077	regulation of neuroinflammatory response	6
GO_BP	GO:0150078	positive regulation of neuroinflammatory response	7
GO_BP	GO:0150079	negative regulation of neuroinflammatory response	6
GO_BP	GO:0150090	multiple spine synapse organization, single dendrite	1
GO_BP	GO:0150093	amyloid-beta clearance by transcytosis	7
GO_BP	GO:0150094	amyloid-beta clearance by cellular catabolic process	8
GO_BP	GO:0150098	glial cell-neuron signaling	1
GO_BP	GO:0150099	neuron-glial cell signaling	4
GO_BP	GO:0150101	regulation of microtubule anchoring at centrosome	1
GO_BP	GO:0150102	negative regulation of monocyte activation	1
GO_BP	GO:0150103	reactive gliosis	1
GO_BP	GO:0150104	transport across blood-brain barrier	10
GO_BP	GO:0150105	protein localization to cell-cell junction	7
GO_BP	GO:0150106	regulation of protein localization to cell-cell junction	1
GO_BP	GO:0150107	positive regulation of protein localization to cell-cell junction	3
GO_BP	GO:0150111	regulation of transepithelial transport	1
GO_BP	GO:0150115	cell-substrate junction organization	1
GO_BP	GO:0150116	regulation of cell-substrate junction organization	1
GO_BP	GO:0150172	regulation of phosphatidylcholine metabolic process	2
GO_BP	GO:0150175	regulation of phosphatidylethanolamine metabolic process	1
GO_BP	GO:0160007	glutathione import into mitochondrion	1
GO_BP	GO:0160020	positive regulation of ferroptosis	9
GO_BP	GO:0160023	sneeze reflex	1
GO_BP	GO:0160025	sensory perception of itch	1
GO_BP	GO:0160040	mitocytosis	1
GO_BP	GO:0160049	negative regulation of cGAS/STING signaling pathway	15
GO_BP	GO:0160054	microfibril assembly	1
GO_BP	GO:0160063	multi-pass transmembrane protein insertion into ER membrane	6
GO_BP	GO:0160069	surfactant secretion	2
GO_BP	GO:0160075	non-canonical inflammasome complex assembly	1
GO_BP	GO:0160076	negative regulation of non-canonical inflammasome complex assembly	1
GO_BP	GO:0160077	lipid droplet fusion	3
GO_BP	GO:0160087	spermatid cytoplasm removal during spermiation of flagellated sperm	1
GO_BP	GO:0160091	spliceosome-depend formation of circular RNA	4
GO_BP	GO:0160127	protein-RNA covalent cross-linking repair	3
GO_BP	GO:0160135	phospholipase C-activating endothelin receptor signaling pathway	1
GO_BP	GO:0160144	GDF15-GFRAL signaling pathway	1
GO_BP	GO:0160145	negative regulation of GDF15-GFRAL signaling pathway	1
GO_BP	GO:0160162	CD27 signaling pathway	3
GO_BP	GO:0160176	magnesium ion transport from cytosol to endoplasmic reticulum	1
GO_BP	GO:0160177	positive regulation of autophagosome-lysosome fusion	2
GO_BP	GO:0160179	intestinal iron absorption	1
GO_BP	GO:0160184	paracellular transport	2
GO_BP	GO:0160192	autophagosome-dependent secretion	1
GO_BP	GO:0160194	stereocilium bundle organization	2
GO_BP	GO:0160195	negative regulation of phospholipase C/protein kinase C signal transduction	3
GO_BP	GO:0160203	protein import into the intermembrane space via the disulfide relay system	2
GO_BP	GO:0160217	negative regulation of transcription initiation-coupled chromatin remodeling	2
GO_BP	GO:0160218	negative regulation of pyruvate decarboxylation to acetyl-CoA	2
GO_BP	GO:0160221	Rho-activating G protein-coupled receptor signaling pathway	6
GO_BP	GO:0160234	integrator complex assembly	1
GO_BP	GO:0160239	transcription pausing by RNA polymerase II	5
GO_BP	GO:0160240	RNA polymerase II transcription initiation surveillance	18
GO_BP	GO:0160254	tRNA queuosine(34) biosynthetic process from salvaged queuosine or its precursors	2
GO_BP	GO:0160255	tRNA queuosine(34) biosynthetic process from salvaged queuine	1
GO_BP	GO:0160257	complement activation, GZMK pathway	2
GO_BP	GO:0160274	beige fat cell differentiation	2
GO_BP	GO:0160275	negative regulation of white fat cell differentiation	2
GO_BP	GO:0160276	negative regulation of beige fat cell differentiation	3
GO_BP	GO:0170037	export from the mitochondrion	1
GO_BP	GO:0170063	transmembrane transport from lysosomal lumen to cytosol	1
GO_BP	GO:0170064	lysosome fission	1
GO_BP	GO:0180010	co-transcriptional mRNA 3'-end processing, cleavage and polyadenylation pathway	11
GO_BP	GO:0180026	mitochondrial small ribosomal subunit assembly	8
GO_BP	GO:0180034	co-transcriptional lncRNA 3' end processing, cleavage and polyadenylation pathway	1
GO_BP	GO:0180046	GPI anchored protein biosynthesis	6
GO_BP	GO:0180047	dolichol phosphate mannose biosynthetic process	3
GO_BP	GO:0180057	protein post-translational transfer of dolichol-linked oligosaccharide	1
GO_BP	GO:0180058	protein co-translational transfer of dolichol-linked oligosaccharide	2
GO_BP	GO:0180059	protein O-linked glycosylation via glucose	6
GO_BP	GO:0180062	protein O-linked glycosylation via galactose	2
GO_BP	GO:0180064	protein O-linked glycosylation via xylose	1
GO_BP	GO:1900006	positive regulation of dendrite development	11
GO_BP	GO:1900015	regulation of cytokine production involved in inflammatory response	4
GO_BP	GO:1900016	negative regulation of cytokine production involved in inflammatory response	24
GO_BP	GO:1900017	positive regulation of cytokine production involved in inflammatory response	16
GO_BP	GO:1900020	positive regulation of protein kinase C activity	2
GO_BP	GO:1900024	regulation of substrate adhesion-dependent cell spreading	3
GO_BP	GO:1900025	negative regulation of substrate adhesion-dependent cell spreading	8
GO_BP	GO:1900026	positive regulation of substrate adhesion-dependent cell spreading	28
GO_BP	GO:1900027	regulation of ruffle assembly	2
GO_BP	GO:1900028	negative regulation of ruffle assembly	5
GO_BP	GO:1900029	positive regulation of ruffle assembly	11
GO_BP	GO:1900034	regulation of cellular response to heat	12
GO_BP	GO:1900036	positive regulation of cellular response to heat	1
GO_BP	GO:1900037	regulation of cellular response to hypoxia	4
GO_BP	GO:1900038	negative regulation of cellular response to hypoxia	2
GO_BP	GO:1900044	regulation of protein K63-linked ubiquitination	1
GO_BP	GO:1900045	negative regulation of protein K63-linked ubiquitination	3
GO_BP	GO:1900053	negative regulation of retinoic acid biosynthetic process	1
GO_BP	GO:1900060	negative regulation of ceramide biosynthetic process	4
GO_BP	GO:1900069	regulation of cellular hyperosmotic salinity response	4
GO_BP	GO:1900076	regulation of cellular response to insulin stimulus	4
GO_BP	GO:1900077	negative regulation of cellular response to insulin stimulus	1
GO_BP	GO:1900078	positive regulation of cellular response to insulin stimulus	1
GO_BP	GO:1900079	regulation of arginine biosynthetic process	1
GO_BP	GO:1900082	negative regulation of arginine catabolic process	1
GO_BP	GO:1900086	positive regulation of peptidyl-tyrosine autophosphorylation	1
GO_BP	GO:1900087	positive regulation of G1/S transition of mitotic cell cycle	27
GO_BP	GO:1900100	positive regulation of plasma cell differentiation	2
GO_BP	GO:1900101	regulation of endoplasmic reticulum unfolded protein response	1
GO_BP	GO:1900102	negative regulation of endoplasmic reticulum unfolded protein response	3
GO_BP	GO:1900103	positive regulation of endoplasmic reticulum unfolded protein response	3
GO_BP	GO:1900106	positive regulation of hyaluranon cable assembly	3
GO_BP	GO:1900108	negative regulation of nodal signaling pathway	3
GO_BP	GO:1900116	extracellular negative regulation of signal transduction	2
GO_BP	GO:1900118	negative regulation of execution phase of apoptosis	5
GO_BP	GO:1900119	positive regulation of execution phase of apoptosis	10
GO_BP	GO:1900121	negative regulation of receptor binding	1
GO_BP	GO:1900126	negative regulation of hyaluronan biosynthetic process	3
GO_BP	GO:1900127	positive regulation of hyaluronan biosynthetic process	3
GO_BP	GO:1900131	negative regulation of lipid binding	1
GO_BP	GO:1900134	negative regulation of renin secretion into blood stream	2
GO_BP	GO:1900139	negative regulation of arachidonate secretion	1
GO_BP	GO:1900142	negative regulation of oligodendrocyte apoptotic process	1
GO_BP	GO:1900148	negative regulation of Schwann cell migration	1
GO_BP	GO:1900151	regulation of nuclear-transcribed mRNA catabolic process, deadenylation-dependent decay	1
GO_BP	GO:1900152	negative regulation of nuclear-transcribed mRNA catabolic process, deadenylation-dependent decay	7
GO_BP	GO:1900153	positive regulation of nuclear-transcribed mRNA catabolic process, deadenylation-dependent decay	11
GO_BP	GO:1900158	negative regulation of bone mineralization involved in bone maturation	1
GO_BP	GO:1900159	positive regulation of bone mineralization involved in bone maturation	1
GO_BP	GO:1900163	positive regulation of phospholipid scramblase activity	1
GO_BP	GO:1900168	positive regulation of glial cell-derived neurotrophic factor production	2
GO_BP	GO:1900180	regulation of protein localization to nucleus	2
GO_BP	GO:1900181	negative regulation of protein localization to nucleus	11
GO_BP	GO:1900182	positive regulation of protein localization to nucleus	27
GO_BP	GO:1900186	negative regulation of clathrin-dependent endocytosis	3
GO_BP	GO:1900194	negative regulation of oocyte maturation	1
GO_BP	GO:1900208	regulation of cardiolipin metabolic process	3
GO_BP	GO:1900221	regulation of amyloid-beta clearance	3
GO_BP	GO:1900222	negative regulation of amyloid-beta clearance	5
GO_BP	GO:1900223	positive regulation of amyloid-beta clearance	6
GO_BP	GO:1900225	regulation of NLRP3 inflammasome complex assembly	2
GO_BP	GO:1900226	negative regulation of NLRP3 inflammasome complex assembly	13
GO_BP	GO:1900227	positive regulation of NLRP3 inflammasome complex assembly	23
GO_BP	GO:1900235	negative regulation of Kit signaling pathway	1
GO_BP	GO:1900240	negative regulation of phenotypic switching	1
GO_BP	GO:1900241	positive regulation of phenotypic switching	1
GO_BP	GO:1900242	regulation of synaptic vesicle endocytosis	2
GO_BP	GO:1900244	positive regulation of synaptic vesicle endocytosis	2
GO_BP	GO:1900245	positive regulation of MDA-5 signaling pathway	3
GO_BP	GO:1900246	positive regulation of RIG-I signaling pathway	9
GO_BP	GO:1900248	negative regulation of cytoplasmic translational elongation	2
GO_BP	GO:1900249	positive regulation of cytoplasmic translational elongation	1
GO_BP	GO:1900260	negative regulation of RNA-dependent RNA polymerase activity	1
GO_BP	GO:1900264	positive regulation of DNA-directed DNA polymerase activity	6
GO_BP	GO:1900271	regulation of long-term synaptic potentiation	6
GO_BP	GO:1900272	negative regulation of long-term synaptic potentiation	9
GO_BP	GO:1900273	positive regulation of long-term synaptic potentiation	11
GO_BP	GO:1900383	regulation of synaptic plasticity by receptor localization to synapse	1
GO_BP	GO:1900407	regulation of cellular response to oxidative stress	6
GO_BP	GO:1900424	regulation of defense response to bacterium	1
GO_BP	GO:1900425	negative regulation of defense response to bacterium	2
GO_BP	GO:1900426	positive regulation of defense response to bacterium	4
GO_BP	GO:1900449	regulation of glutamate receptor signaling pathway	3
GO_BP	GO:1900450	negative regulation of glutamate receptor signaling pathway	2
GO_BP	GO:1900451	positive regulation of glutamate receptor signaling pathway	8
GO_BP	GO:1900452	regulation of long-term synaptic depression	4
GO_BP	GO:1900453	negative regulation of long-term synaptic depression	1
GO_BP	GO:1900454	positive regulation of long-term synaptic depression	5
GO_BP	GO:1900535	palmitic acid biosynthetic process	1
GO_BP	GO:1900542	regulation of purine nucleotide metabolic process	1
GO_BP	GO:1900625	positive regulation of monocyte aggregation	2
GO_BP	GO:1900737	negative regulation of phospholipase C-activating G protein-coupled receptor signaling pathway	2
GO_BP	GO:1900738	positive regulation of phospholipase C-activating G protein-coupled receptor signaling pathway	5
GO_BP	GO:1900744	regulation of p38MAPK cascade	4
GO_BP	GO:1900745	positive regulation of p38MAPK cascade	16
GO_BP	GO:1900746	regulation of vascular endothelial growth factor signaling pathway	1
GO_BP	GO:1900747	negative regulation of vascular endothelial growth factor signaling pathway	9
GO_BP	GO:1900748	positive regulation of vascular endothelial growth factor signaling pathway	12
GO_BP	GO:1900753	doxorubicin transport	1
GO_BP	GO:1900825	regulation of membrane depolarization during cardiac muscle cell action potential	1
GO_BP	GO:1900827	positive regulation of membrane depolarization during cardiac muscle cell action potential	1
GO_BP	GO:1901026	ripoptosome assembly involved in necroptotic process	1
GO_BP	GO:1901028	regulation of mitochondrial outer membrane permeabilization involved in apoptotic signaling pathway	1
GO_BP	GO:1901029	negative regulation of mitochondrial outer membrane permeabilization involved in apoptotic signaling pathway	7
GO_BP	GO:1901030	positive regulation of mitochondrial outer membrane permeabilization involved in apoptotic signaling pathway	7
GO_BP	GO:1901076	positive regulation of engulfment of apoptotic cell	2
GO_BP	GO:1901077	regulation of relaxation of muscle	1
GO_BP	GO:1901078	negative regulation of relaxation of muscle	1
GO_BP	GO:1901081	negative regulation of relaxation of smooth muscle	1
GO_BP	GO:1901082	positive regulation of relaxation of smooth muscle	2
GO_BP	GO:1901096	regulation of autophagosome maturation	6
GO_BP	GO:1901097	negative regulation of autophagosome maturation	5
GO_BP	GO:1901098	positive regulation of autophagosome maturation	4
GO_BP	GO:1901136	carbohydrate derivative catabolic process	1
GO_BP	GO:1901142	insulin metabolic process	2
GO_BP	GO:1901143	insulin catabolic process	1
GO_BP	GO:1901163	regulation of trophoblast cell migration	2
GO_BP	GO:1901164	negative regulation of trophoblast cell migration	4
GO_BP	GO:1901165	positive regulation of trophoblast cell migration	6
GO_BP	GO:1901166	neural crest cell migration involved in autonomic nervous system development	3
GO_BP	GO:1901176	lycopene catabolic process	1
GO_BP	GO:1901184	regulation of ERBB signaling pathway	1
GO_BP	GO:1901185	negative regulation of ERBB signaling pathway	2
GO_BP	GO:1901186	positive regulation of ERBB signaling pathway	1
GO_BP	GO:1901189	positive regulation of ephrin receptor signaling pathway	1
GO_BP	GO:1901194	negative regulation of formation of translation preinitiation complex	1
GO_BP	GO:1901201	regulation of extracellular matrix assembly	3
GO_BP	GO:1901202	negative regulation of extracellular matrix assembly	1
GO_BP	GO:1901203	positive regulation of extracellular matrix assembly	7
GO_BP	GO:1901207	regulation of heart looping	1
GO_BP	GO:1901208	negative regulation of heart looping	1
GO_BP	GO:1901211	negative regulation of cardiac chamber formation	1
GO_BP	GO:1901222	regulation of non-canonical NF-kappaB signal transduction	3
GO_BP	GO:1901223	negative regulation of non-canonical NF-kappaB signal transduction	20
GO_BP	GO:1901224	positive regulation of non-canonical NF-kappaB signal transduction	25
GO_BP	GO:1901248	positive regulation of lung ciliated cell differentiation	2
GO_BP	GO:1901254	positive regulation of intracellular transport of viral material	1
GO_BP	GO:1901255	nucleotide-excision repair involved in interstrand cross-link repair	2
GO_BP	GO:1901256	regulation of macrophage colony-stimulating factor production	1
GO_BP	GO:1901258	positive regulation of macrophage colony-stimulating factor production	1
GO_BP	GO:1901264	carbohydrate derivative transport	5
GO_BP	GO:1901275	tartrate metabolic process	1
GO_BP	GO:1901289	succinyl-CoA catabolic process	2
GO_BP	GO:1901290	succinyl-CoA biosynthetic process	3
GO_BP	GO:1901291	negative regulation of double-strand break repair via single-strand annealing	1
GO_BP	GO:1901292	nucleoside phosphate catabolic process	1
GO_BP	GO:1901293	nucleoside phosphate biosynthetic process	1
GO_BP	GO:1901299	negative regulation of hydrogen peroxide-mediated programmed cell death	2
GO_BP	GO:1901301	regulation of cargo loading into COPII-coated vesicle	1
GO_BP	GO:1901303	negative regulation of cargo loading into COPII-coated vesicle	1
GO_BP	GO:1901307	positive regulation of spermidine biosynthetic process	1
GO_BP	GO:1901317	regulation of flagellated sperm motility	3
GO_BP	GO:1901329	regulation of odontoblast differentiation	2
GO_BP	GO:1901330	negative regulation of odontoblast differentiation	1
GO_BP	GO:1901331	positive regulation of odontoblast differentiation	6
GO_BP	GO:1901335	lactone catabolic process	2
GO_BP	GO:1901340	negative regulation of store-operated calcium channel activity	1
GO_BP	GO:1901341	positive regulation of store-operated calcium channel activity	1
GO_BP	GO:1901373	lipid hydroperoxide transport	1
GO_BP	GO:1901379	regulation of potassium ion transmembrane transport	21
GO_BP	GO:1901380	negative regulation of potassium ion transmembrane transport	5
GO_BP	GO:1901381	positive regulation of potassium ion transmembrane transport	7
GO_BP	GO:1901382	regulation of chorionic trophoblast cell proliferation	1
GO_BP	GO:1901383	negative regulation of chorionic trophoblast cell proliferation	1
GO_BP	GO:1901385	regulation of voltage-gated calcium channel activity	1
GO_BP	GO:1901386	negative regulation of voltage-gated calcium channel activity	2
GO_BP	GO:1901387	positive regulation of voltage-gated calcium channel activity	2
GO_BP	GO:1901475	pyruvate transmembrane transport	2
GO_BP	GO:1901491	negative regulation of lymphangiogenesis	2
GO_BP	GO:1901509	regulation of endothelial tube morphogenesis	2
GO_BP	GO:1901524	regulation of mitophagy	10
GO_BP	GO:1901525	negative regulation of mitophagy	4
GO_BP	GO:1901526	positive regulation of mitophagy	12
GO_BP	GO:1901529	positive regulation of anion channel activity	1
GO_BP	GO:1901532	regulation of hematopoietic progenitor cell differentiation	1
GO_BP	GO:1901533	negative regulation of hematopoietic progenitor cell differentiation	1
GO_BP	GO:1901534	positive regulation of hematopoietic progenitor cell differentiation	2
GO_BP	GO:1901557	response to fenofibrate	1
GO_BP	GO:1901610	positive regulation of vesicle transport along microtubule	1
GO_BP	GO:1901621	negative regulation of smoothened signaling pathway involved in dorsal/ventral neural tube patterning	1
GO_BP	GO:1901623	regulation of lymphocyte chemotaxis	1
GO_BP	GO:1901627	negative regulation of postsynaptic membrane organization	1
GO_BP	GO:1901631	positive regulation of presynaptic membrane organization	2
GO_BP	GO:1901642	nucleoside transmembrane transport	3
GO_BP	GO:1901647	positive regulation of synoviocyte proliferation	1
GO_BP	GO:1901660	calcium ion export	3
GO_BP	GO:1901662	quinone catabolic process	1
GO_BP	GO:1901668	regulation of superoxide dismutase activity	1
GO_BP	GO:1901671	positive regulation of superoxide dismutase activity	1
GO_BP	GO:1901673	regulation of mitotic spindle assembly	20
GO_BP	GO:1901679	nucleotide transmembrane transport	1
GO_BP	GO:1901687	glutathione derivative biosynthetic process	1
GO_BP	GO:1901696	cannabinoid biosynthetic process	1
GO_BP	GO:1901704	L-glutamine biosynthetic process	1
GO_BP	GO:1901706	mesenchymal cell differentiation involved in bone development	1
GO_BP	GO:1901723	negative regulation of cell proliferation involved in kidney development	1
GO_BP	GO:1901731	positive regulation of platelet aggregation	6
GO_BP	GO:1901739	regulation of myoblast fusion	1
GO_BP	GO:1901740	negative regulation of myoblast fusion	1
GO_BP	GO:1901741	positive regulation of myoblast fusion	6
GO_BP	GO:1901750	leukotriene D4 biosynthetic process	2
GO_BP	GO:1901751	leukotriene A4 metabolic process	1
GO_BP	GO:1901796	regulation of signal transduction by p53 class mediator	30
GO_BP	GO:1901797	negative regulation of signal transduction by p53 class mediator	10
GO_BP	GO:1901798	positive regulation of signal transduction by p53 class mediator	11
GO_BP	GO:1901799	negative regulation of proteasomal protein catabolic process	8
GO_BP	GO:1901800	positive regulation of proteasomal protein catabolic process	11
GO_BP	GO:1901826	zeaxanthin catabolic process	1
GO_BP	GO:1901835	positive regulation of deadenylation-independent decapping of nuclear-transcribed mRNA	1
GO_BP	GO:1901837	negative regulation of transcription of nucleolar large rRNA by RNA polymerase I	4
GO_BP	GO:1901838	positive regulation of transcription of nucleolar large rRNA by RNA polymerase I	10
GO_BP	GO:1901842	negative regulation of high voltage-gated calcium channel activity	2
GO_BP	GO:1901843	positive regulation of high voltage-gated calcium channel activity	2
GO_BP	GO:1901844	regulation of cell communication by electrical coupling involved in cardiac conduction	7
GO_BP	GO:1901847	nicotinate metabolic process	9
GO_BP	GO:1901856	negative regulation of cellular respiration	2
GO_BP	GO:1901857	positive regulation of cellular respiration	2
GO_BP	GO:1901858	regulation of mitochondrial DNA metabolic process	1
GO_BP	GO:1901873	regulation of post-translational protein modification	1
GO_BP	GO:1901874	negative regulation of post-translational protein modification	2
GO_BP	GO:1901875	positive regulation of post-translational protein modification	1
GO_BP	GO:1901888	regulation of cell junction assembly	6
GO_BP	GO:1901894	regulation of ATPase-coupled calcium transmembrane transporter activity	1
GO_BP	GO:1901895	negative regulation of ATPase-coupled calcium transmembrane transporter activity	2
GO_BP	GO:1901896	positive regulation of ATPase-coupled calcium transmembrane transporter activity	2
GO_BP	GO:1901897	regulation of relaxation of cardiac muscle	1
GO_BP	GO:1901898	negative regulation of relaxation of cardiac muscle	2
GO_BP	GO:1901907	diadenosine pentaphosphate catabolic process	1
GO_BP	GO:1901909	diadenosine hexaphosphate catabolic process	1
GO_BP	GO:1901911	adenosine 5'-(hexahydrogen pentaphosphate) catabolic process	1
GO_BP	GO:1901953	positive regulation of anterograde dense core granule transport	2
GO_BP	GO:1901984	negative regulation of protein acetylation	1
GO_BP	GO:1901985	positive regulation of protein acetylation	3
GO_BP	GO:1901987	regulation of cell cycle phase transition	7
GO_BP	GO:1901988	negative regulation of cell cycle phase transition	1
GO_BP	GO:1901990	regulation of mitotic cell cycle phase transition	7
GO_BP	GO:1901991	negative regulation of mitotic cell cycle phase transition	3
GO_BP	GO:1901992	positive regulation of mitotic cell cycle phase transition	2
GO_BP	GO:1902000	homogentisate catabolic process	1
GO_BP	GO:1902003	regulation of amyloid-beta formation	2
GO_BP	GO:1902004	positive regulation of amyloid-beta formation	16
GO_BP	GO:1902010	negative regulation of translation in response to endoplasmic reticulum stress	2
GO_BP	GO:1902017	regulation of cilium assembly	19
GO_BP	GO:1902018	negative regulation of cilium assembly	20
GO_BP	GO:1902024	L-histidine transport	3
GO_BP	GO:1902031	regulation of NADP metabolic process	2
GO_BP	GO:1902033	regulation of hematopoietic stem cell proliferation	2
GO_BP	GO:1902034	negative regulation of hematopoietic stem cell proliferation	1
GO_BP	GO:1902035	positive regulation of hematopoietic stem cell proliferation	3
GO_BP	GO:1902036	regulation of hematopoietic stem cell differentiation	8
GO_BP	GO:1902037	negative regulation of hematopoietic stem cell differentiation	1
GO_BP	GO:1902038	positive regulation of hematopoietic stem cell differentiation	1
GO_BP	GO:1902041	regulation of extrinsic apoptotic signaling pathway via death domain receptors	4
GO_BP	GO:1902042	negative regulation of extrinsic apoptotic signaling pathway via death domain receptors	18
GO_BP	GO:1902043	positive regulation of extrinsic apoptotic signaling pathway via death domain receptors	2
GO_BP	GO:1902044	regulation of Fas signaling pathway	1
GO_BP	GO:1902045	negative regulation of Fas signaling pathway	2
GO_BP	GO:1902047	polyamine transmembrane transport	4
GO_BP	GO:1902065	response to L-glutamate	1
GO_BP	GO:1902070	positive regulation of sphingolipid mediated signaling pathway	1
GO_BP	GO:1902072	negative regulation of hypoxia-inducible factor-1alpha signaling pathway	1
GO_BP	GO:1902073	positive regulation of hypoxia-inducible factor-1alpha signaling pathway	1
GO_BP	GO:1902081	negative regulation of calcium ion import into sarcoplasmic reticulum	1
GO_BP	GO:1902082	positive regulation of calcium ion import into sarcoplasmic reticulum	1
GO_BP	GO:1902093	positive regulation of flagellated sperm motility	5
GO_BP	GO:1902108	regulation of mitochondrial membrane permeability involved in apoptotic process	3
GO_BP	GO:1902109	negative regulation of mitochondrial membrane permeability involved in apoptotic process	1
GO_BP	GO:1902110	positive regulation of mitochondrial membrane permeability involved in apoptotic process	1
GO_BP	GO:1902115	regulation of organelle assembly	4
GO_BP	GO:1902117	positive regulation of organelle assembly	1
GO_BP	GO:1902153	regulation of response to DNA damage checkpoint signaling	1
GO_BP	GO:1902166	negative regulation of intrinsic apoptotic signaling pathway in response to DNA damage by p53 class mediator	10
GO_BP	GO:1902167	positive regulation of intrinsic apoptotic signaling pathway in response to DNA damage by p53 class mediator	1
GO_BP	GO:1902170	cellular response to reactive nitrogen species	1
GO_BP	GO:1902172	regulation of keratinocyte apoptotic process	2
GO_BP	GO:1902174	positive regulation of keratinocyte apoptotic process	3
GO_BP	GO:1902175	regulation of oxidative stress-induced intrinsic apoptotic signaling pathway	2
GO_BP	GO:1902176	negative regulation of oxidative stress-induced intrinsic apoptotic signaling pathway	11
GO_BP	GO:1902177	positive regulation of oxidative stress-induced intrinsic apoptotic signaling pathway	2
GO_BP	GO:1902178	fibroblast growth factor receptor apoptotic signaling pathway	1
GO_BP	GO:1902202	regulation of hepatocyte growth factor receptor signaling pathway	2
GO_BP	GO:1902204	positive regulation of hepatocyte growth factor receptor signaling pathway	1
GO_BP	GO:1902206	negative regulation of interleukin-2-mediated signaling pathway	1
GO_BP	GO:1902207	positive regulation of interleukin-2-mediated signaling pathway	1
GO_BP	GO:1902215	negative regulation of interleukin-4-mediated signaling pathway	1
GO_BP	GO:1902216	positive regulation of interleukin-4-mediated signaling pathway	1
GO_BP	GO:1902219	negative regulation of intrinsic apoptotic signaling pathway in response to osmotic stress	2
GO_BP	GO:1902227	negative regulation of macrophage colony-stimulating factor signaling pathway	3
GO_BP	GO:1902228	positive regulation of macrophage colony-stimulating factor signaling pathway	1
GO_BP	GO:1902230	negative regulation of intrinsic apoptotic signaling pathway in response to DNA damage	9
GO_BP	GO:1902231	positive regulation of intrinsic apoptotic signaling pathway in response to DNA damage	3
GO_BP	GO:1902232	regulation of positive thymic T cell selection	1
GO_BP	GO:1902233	negative regulation of positive thymic T cell selection	1
GO_BP	GO:1902235	regulation of endoplasmic reticulum stress-induced intrinsic apoptotic signaling pathway	1
GO_BP	GO:1902236	negative regulation of endoplasmic reticulum stress-induced intrinsic apoptotic signaling pathway	14
GO_BP	GO:1902237	positive regulation of endoplasmic reticulum stress-induced intrinsic apoptotic signaling pathway	6
GO_BP	GO:1902247	geranylgeranyl diphosphate catabolic process	1
GO_BP	GO:1902254	negative regulation of intrinsic apoptotic signaling pathway by p53 class mediator	4
GO_BP	GO:1902255	positive regulation of intrinsic apoptotic signaling pathway by p53 class mediator	6
GO_BP	GO:1902256	regulation of apoptotic process involved in outflow tract morphogenesis	1
GO_BP	GO:1902259	regulation of delayed rectifier potassium channel activity	1
GO_BP	GO:1902260	negative regulation of delayed rectifier potassium channel activity	1
GO_BP	GO:1902269	positive regulation of polyamine transmembrane transport	2
GO_BP	GO:1902275	regulation of chromatin organization	7
GO_BP	GO:1902280	regulation of RNA helicase activity	1
GO_BP	GO:1902305	regulation of sodium ion transmembrane transport	10
GO_BP	GO:1902306	negative regulation of sodium ion transmembrane transport	5
GO_BP	GO:1902307	positive regulation of sodium ion transmembrane transport	1
GO_BP	GO:1902311	regulation of copper ion transmembrane transport	1
GO_BP	GO:1902339	positive regulation of apoptotic process involved in morphogenesis	3
GO_BP	GO:1902340	negative regulation of chromosome condensation	2
GO_BP	GO:1902358	sulfate transmembrane transport	10
GO_BP	GO:1902365	positive regulation of protein localization to spindle pole body	1
GO_BP	GO:1902369	negative regulation of RNA catabolic process	1
GO_BP	GO:1902373	negative regulation of mRNA catabolic process	1
GO_BP	GO:1902389	ceramide 1-phosphate transport	1
GO_BP	GO:1902396	protein localization to bicellular tight junction	2
GO_BP	GO:1902410	mitotic cytokinetic process	2
GO_BP	GO:1902412	regulation of mitotic cytokinesis	1
GO_BP	GO:1902414	protein localization to cell junction	5
GO_BP	GO:1902424	negative regulation of attachment of mitotic spindle microtubules to kinetochore	1
GO_BP	GO:1902425	positive regulation of attachment of mitotic spindle microtubules to kinetochore	4
GO_BP	GO:1902426	deactivation of mitotic spindle assembly checkpoint	2
GO_BP	GO:1902430	negative regulation of amyloid-beta formation	18
GO_BP	GO:1902445	regulation of mitochondrial membrane permeability involved in programmed necrotic cell death	2
GO_BP	GO:1902455	negative regulation of stem cell population maintenance	2
GO_BP	GO:1902459	positive regulation of stem cell population maintenance	5
GO_BP	GO:1902462	positive regulation of mesenchymal stem cell proliferation	6
GO_BP	GO:1902463	protein localization to cell leading edge	1
GO_BP	GO:1902473	regulation of protein localization to synapse	1
GO_BP	GO:1902474	positive regulation of protein localization to synapse	1
GO_BP	GO:1902475	L-alpha-amino acid transmembrane transport	3
GO_BP	GO:1902476	chloride transmembrane transport	48
GO_BP	GO:1902480	protein localization to mitotic spindle	2
GO_BP	GO:1902498	regulation of protein autoubiquitination	1
GO_BP	GO:1902499	positive regulation of protein autoubiquitination	3
GO_BP	GO:1902510	regulation of apoptotic DNA fragmentation	1
GO_BP	GO:1902511	negative regulation of apoptotic DNA fragmentation	2
GO_BP	GO:1902512	positive regulation of apoptotic DNA fragmentation	2
GO_BP	GO:1902513	regulation of organelle transport along microtubule	4
GO_BP	GO:1902514	regulation of calcium ion transmembrane transport via high voltage-gated calcium channel	6
GO_BP	GO:1902523	positive regulation of protein K63-linked ubiquitination	6
GO_BP	GO:1902524	positive regulation of protein K48-linked ubiquitination	3
GO_BP	GO:1902527	positive regulation of protein monoubiquitination	5
GO_BP	GO:1902530	positive regulation of protein linear polyubiquitination	2
GO_BP	GO:1902531	regulation of intracellular signal transduction	17
GO_BP	GO:1902532	negative regulation of intracellular signal transduction	6
GO_BP	GO:1902533	positive regulation of intracellular signal transduction	17
GO_BP	GO:1902548	negative regulation of cellular response to vascular endothelial growth factor stimulus	1
GO_BP	GO:1902553	positive regulation of catalase activity	1
GO_BP	GO:1902558	5'-adenylyl sulfate transmembrane transport	2
GO_BP	GO:1902564	negative regulation of neutrophil activation	3
GO_BP	GO:1902565	positive regulation of neutrophil activation	2
GO_BP	GO:1902570	protein localization to nucleolus	8
GO_BP	GO:1902600	proton transmembrane transport	22
GO_BP	GO:1902601	silver ion transmembrane transport	1
GO_BP	GO:1902603	carnitine transmembrane transport	2
GO_BP	GO:1902605	heterotrimeric G-protein complex assembly	1
GO_BP	GO:1902613	negative regulation of anti-Mullerian hormone signaling pathway	1
GO_BP	GO:1902622	regulation of neutrophil migration	3
GO_BP	GO:1902624	positive regulation of neutrophil migration	3
GO_BP	GO:1902626	assembly of large subunit precursor of preribosome	1
GO_BP	GO:1902632	positive regulation of membrane hyperpolarization	1
GO_BP	GO:1902633	1-phosphatidyl-1D-myo-inositol 4,5-bisphosphate metabolic process	3
GO_BP	GO:1902634	1-phosphatidyl-1D-myo-inositol 4,5-bisphosphate catabolic process	1
GO_BP	GO:1902635	1-phosphatidyl-1D-myo-inositol 4,5-bisphosphate biosynthetic process	4
GO_BP	GO:1902648	positive regulation of 1-phosphatidyl-1D-myo-inositol 4,5-bisphosphate biosynthetic process	3
GO_BP	GO:1902656	calcium ion import into cytosol	1
GO_BP	GO:1902661	positive regulation of glucose mediated signaling pathway	2
GO_BP	GO:1902667	regulation of axon guidance	4
GO_BP	GO:1902669	positive regulation of axon guidance	1
GO_BP	GO:1902680	positive regulation of RNA biosynthetic process	1
GO_BP	GO:1902685	positive regulation of receptor localization to synapse	4
GO_BP	GO:1902686	mitochondrial outer membrane permeabilization involved in programmed cell death	2
GO_BP	GO:1902688	regulation of NAD metabolic process	1
GO_BP	GO:1902692	regulation of neuroblast proliferation	3
GO_BP	GO:1902723	negative regulation of skeletal muscle satellite cell proliferation	2
GO_BP	GO:1902725	negative regulation of satellite cell differentiation	3
GO_BP	GO:1902726	positive regulation of skeletal muscle satellite cell differentiation	2
GO_BP	GO:1902729	negative regulation of proteoglycan biosynthetic process	2
GO_BP	GO:1902730	positive regulation of proteoglycan biosynthetic process	2
GO_BP	GO:1902731	negative regulation of chondrocyte proliferation	3
GO_BP	GO:1902732	positive regulation of chondrocyte proliferation	2
GO_BP	GO:1902742	apoptotic process involved in development	7
GO_BP	GO:1902743	regulation of lamellipodium organization	2
GO_BP	GO:1902745	positive regulation of lamellipodium organization	2
GO_BP	GO:1902747	negative regulation of lens fiber cell differentiation	5
GO_BP	GO:1902748	positive regulation of lens fiber cell differentiation	1
GO_BP	GO:1902749	regulation of cell cycle G2/M phase transition	3
GO_BP	GO:1902750	negative regulation of cell cycle G2/M phase transition	2
GO_BP	GO:1902751	positive regulation of cell cycle G2/M phase transition	2
GO_BP	GO:1902766	skeletal muscle satellite cell migration	2
GO_BP	GO:1902774	late endosome to lysosome transport	13
GO_BP	GO:1902775	mitochondrial large ribosomal subunit assembly	14
GO_BP	GO:1902803	regulation of synaptic vesicle transport	2
GO_BP	GO:1902806	regulation of cell cycle G1/S phase transition	8
GO_BP	GO:1902807	negative regulation of cell cycle G1/S phase transition	4
GO_BP	GO:1902808	positive regulation of cell cycle G1/S phase transition	8
GO_BP	GO:1902811	positive regulation of skeletal muscle fiber differentiation	1
GO_BP	GO:1902817	negative regulation of protein localization to microtubule	5
GO_BP	GO:1902823	negative regulation of late endosome to lysosome transport	2
GO_BP	GO:1902824	positive regulation of late endosome to lysosome transport	1
GO_BP	GO:1902846	positive regulation of mitotic spindle elongation	1
GO_BP	GO:1902847	regulation of neuronal signal transduction	1
GO_BP	GO:1902850	microtubule cytoskeleton organization involved in mitosis	2
GO_BP	GO:1902857	positive regulation of non-motile cilium assembly	4
GO_BP	GO:1902858	propionyl-CoA metabolic process	2
GO_BP	GO:1902859	propionyl-CoA catabolic process	2
GO_BP	GO:1902860	propionyl-CoA biosynthetic process	1
GO_BP	GO:1902871	positive regulation of amacrine cell differentiation	1
GO_BP	GO:1902882	regulation of response to oxidative stress	2
GO_BP	GO:1902883	negative regulation of response to oxidative stress	6
GO_BP	GO:1902884	positive regulation of response to oxidative stress	2
GO_BP	GO:1902888	protein localization to astral microtubule	1
GO_BP	GO:1902889	protein localization to spindle microtubule	1
GO_BP	GO:1902894	negative regulation of miRNA transcription	20
GO_BP	GO:1902895	positive regulation of miRNA transcription	35
GO_BP	GO:1902897	regulation of postsynaptic density protein 95 clustering	1
GO_BP	GO:1902902	negative regulation of autophagosome assembly	10
GO_BP	GO:1902903	regulation of supramolecular fiber organization	1
GO_BP	GO:1902904	negative regulation of supramolecular fiber organization	1
GO_BP	GO:1902905	positive regulation of supramolecular fiber organization	1
GO_BP	GO:1902914	regulation of protein polyubiquitination	1
GO_BP	GO:1902915	negative regulation of protein polyubiquitination	1
GO_BP	GO:1902916	positive regulation of protein polyubiquitination	2
GO_BP	GO:1902946	protein localization to early endosome	3
GO_BP	GO:1902950	regulation of dendritic spine maintenance	3
GO_BP	GO:1902951	negative regulation of dendritic spine maintenance	5
GO_BP	GO:1902952	positive regulation of dendritic spine maintenance	2
GO_BP	GO:1902953	positive regulation of ER to Golgi vesicle-mediated transport	4
GO_BP	GO:1902957	negative regulation of mitochondrial electron transport, NADH to ubiquinone	1
GO_BP	GO:1902958	positive regulation of mitochondrial electron transport, NADH to ubiquinone	2
GO_BP	GO:1902966	positive regulation of protein localization to early endosome	10
GO_BP	GO:1902969	mitotic DNA replication	2
GO_BP	GO:1902975	mitotic DNA replication initiation	4
GO_BP	GO:1902977	mitotic DNA replication preinitiation complex assembly	1
GO_BP	GO:1902985	mitotic pre-replicative complex assembly	1
GO_BP	GO:1902988	neurofibrillary tangle assembly	1
GO_BP	GO:1902990	mitotic telomere maintenance via semi-conservative replication	3
GO_BP	GO:1902991	regulation of amyloid precursor protein catabolic process	3
GO_BP	GO:1902992	negative regulation of amyloid precursor protein catabolic process	4
GO_BP	GO:1902993	positive regulation of amyloid precursor protein catabolic process	9
GO_BP	GO:1902995	positive regulation of phospholipid efflux	3
GO_BP	GO:1902996	regulation of neurofibrillary tangle assembly	3
GO_BP	GO:1902997	negative regulation of neurofibrillary tangle assembly	1
GO_BP	GO:1902998	positive regulation of neurofibrillary tangle assembly	2
GO_BP	GO:1902999	negative regulation of phospholipid efflux	1
GO_BP	GO:1903001	negative regulation of lipid transport across blood-brain barrier	1
GO_BP	GO:1903002	positive regulation of lipid transport across blood-brain barrier	1
GO_BP	GO:1903003	positive regulation of protein deubiquitination	3
GO_BP	GO:1903006	positive regulation of protein K63-linked deubiquitination	2
GO_BP	GO:1903008	organelle disassembly	4
GO_BP	GO:1903010	regulation of bone development	1
GO_BP	GO:1903012	positive regulation of bone development	2
GO_BP	GO:1903020	positive regulation of glycoprotein metabolic process	2
GO_BP	GO:1903025	regulation of RNA polymerase II regulatory region sequence-specific DNA binding	1
GO_BP	GO:1903028	positive regulation of opsonization	3
GO_BP	GO:1903037	regulation of leukocyte cell-cell adhesion	2
GO_BP	GO:1903038	negative regulation of leukocyte cell-cell adhesion	5
GO_BP	GO:1903039	positive regulation of leukocyte cell-cell adhesion	3
GO_BP	GO:1903044	protein localization to membrane raft	3
GO_BP	GO:1903053	regulation of extracellular matrix organization	5
GO_BP	GO:1903055	positive regulation of extracellular matrix organization	2
GO_BP	GO:1903056	regulation of melanosome organization	1
GO_BP	GO:1903059	regulation of protein lipidation	5
GO_BP	GO:1903061	positive regulation of protein lipidation	4
GO_BP	GO:1903064	positive regulation of reverse cholesterol transport	2
GO_BP	GO:1903073	negative regulation of death-inducing signaling complex assembly	1
GO_BP	GO:1903076	regulation of protein localization to plasma membrane	18
GO_BP	GO:1903077	negative regulation of protein localization to plasma membrane	19
GO_BP	GO:1903078	positive regulation of protein localization to plasma membrane	39
GO_BP	GO:1903082	positive regulation of C-C chemokine receptor CCR7 signaling pathway	1
GO_BP	GO:1903084	protein localization to condensed nuclear chromosome	1
GO_BP	GO:1903093	regulation of protein K48-linked deubiquitination	1
GO_BP	GO:1903094	negative regulation of protein K48-linked deubiquitination	2
GO_BP	GO:1903100	1-phosphatidyl-1D-myo-inositol 3,5-bisphosphate metabolic process	3
GO_BP	GO:1903108	regulation of mitochondrial transcription	4
GO_BP	GO:1903109	positive regulation of mitochondrial transcription	1
GO_BP	GO:1903119	protein localization to actin cytoskeleton	4
GO_BP	GO:1903122	negative regulation of TRAIL-activated apoptotic signaling pathway	1
GO_BP	GO:1903126	negative regulation of centriole-centriole cohesion	1
GO_BP	GO:1903140	regulation of establishment of endothelial barrier	6
GO_BP	GO:1903141	negative regulation of establishment of endothelial barrier	3
GO_BP	GO:1903142	positive regulation of establishment of endothelial barrier	5
GO_BP	GO:1903146	regulation of autophagy of mitochondrion	5
GO_BP	GO:1903169	regulation of calcium ion transmembrane transport	2
GO_BP	GO:1903170	negative regulation of calcium ion transmembrane transport	2
GO_BP	GO:1903180	negative regulation of dopamine biosynthetic process	1
GO_BP	GO:1903181	positive regulation of dopamine biosynthetic process	1
GO_BP	GO:1903189	glyoxal metabolic process	1
GO_BP	GO:1903225	negative regulation of endodermal cell differentiation	2
GO_BP	GO:1903226	positive regulation of endodermal cell differentiation	1
GO_BP	GO:1903232	melanosome assembly	3
GO_BP	GO:1903233	regulation of calcium ion-dependent exocytosis of neurotransmitter	1
GO_BP	GO:1903234	negative regulation of calcium ion-dependent exocytosis of neurotransmitter	1
GO_BP	GO:1903235	positive regulation of calcium ion-dependent exocytosis of neurotransmitter	3
GO_BP	GO:1903236	regulation of leukocyte tethering or rolling	1
GO_BP	GO:1903237	negative regulation of leukocyte tethering or rolling	2
GO_BP	GO:1903238	positive regulation of leukocyte tethering or rolling	3
GO_BP	GO:1903241	U2-type prespliceosome assembly	6
GO_BP	GO:1903243	negative regulation of cardiac muscle hypertrophy in response to stress	4
GO_BP	GO:1903244	positive regulation of cardiac muscle hypertrophy in response to stress	1
GO_BP	GO:1903249	negative regulation of citrulline biosynthetic process	1
GO_BP	GO:1903251	multi-ciliated epithelial cell differentiation	3
GO_BP	GO:1903259	exon-exon junction complex disassembly	1
GO_BP	GO:1903265	positive regulation of tumor necrosis factor-mediated signaling pathway	8
GO_BP	GO:1903278	positive regulation of sodium ion export across plasma membrane	7
GO_BP	GO:1903285	positive regulation of hydrogen peroxide catabolic process	1
GO_BP	GO:1903286	regulation of potassium ion import	1
GO_BP	GO:1903288	positive regulation of potassium ion import across plasma membrane	5
GO_BP	GO:1903292	protein localization to Golgi membrane	6
GO_BP	GO:1903294	regulation of glutamate secretion, neurotransmission	1
GO_BP	GO:1903298	negative regulation of hypoxia-induced intrinsic apoptotic signaling pathway	2
GO_BP	GO:1903301	positive regulation of hexokinase activity	1
GO_BP	GO:1903302	regulation of pyruvate kinase activity	1
GO_BP	GO:1903305	regulation of regulated secretory pathway	1
GO_BP	GO:1903307	positive regulation of regulated secretory pathway	4
GO_BP	GO:1903318	negative regulation of protein maturation	1
GO_BP	GO:1903319	positive regulation of protein maturation	1
GO_BP	GO:1903331	positive regulation of iron-sulfur cluster assembly	1
GO_BP	GO:1903332	regulation of protein folding	1
GO_BP	GO:1903333	negative regulation of protein folding	3
GO_BP	GO:1903334	positive regulation of protein folding	3
GO_BP	GO:1903347	negative regulation of bicellular tight junction assembly	3
GO_BP	GO:1903348	positive regulation of bicellular tight junction assembly	6
GO_BP	GO:1903351	cellular response to dopamine	4
GO_BP	GO:1903352	L-ornithine transmembrane transport	2
GO_BP	GO:1903358	regulation of Golgi organization	12
GO_BP	GO:1903361	protein localization to basolateral plasma membrane	3
GO_BP	GO:1903371	regulation of endoplasmic reticulum tubular network organization	2
GO_BP	GO:1903373	positive regulation of endoplasmic reticulum tubular network organization	3
GO_BP	GO:1903376	regulation of oxidative stress-induced neuron intrinsic apoptotic signaling pathway	2
GO_BP	GO:1903377	negative regulation of oxidative stress-induced neuron intrinsic apoptotic signaling pathway	8
GO_BP	GO:1903378	positive regulation of oxidative stress-induced neuron intrinsic apoptotic signaling pathway	2
GO_BP	GO:1903381	regulation of endoplasmic reticulum stress-induced neuron intrinsic apoptotic signaling pathway	1
GO_BP	GO:1903384	negative regulation of hydrogen peroxide-induced neuron intrinsic apoptotic signaling pathway	3
GO_BP	GO:1903385	regulation of homophilic cell adhesion	1
GO_BP	GO:1903387	positive regulation of homophilic cell adhesion	1
GO_BP	GO:1903391	regulation of adherens junction organization	1
GO_BP	GO:1903392	negative regulation of adherens junction organization	2
GO_BP	GO:1903393	positive regulation of adherens junction organization	2
GO_BP	GO:1903394	protein localization to kinetochore involved in kinetochore assembly	1
GO_BP	GO:1903401	L-lysine transmembrane transport	5
GO_BP	GO:1903403	negative regulation of renal phosphate excretion	1
GO_BP	GO:1903409	reactive oxygen species biosynthetic process	2
GO_BP	GO:1903412	response to bile acid	1
GO_BP	GO:1903413	cellular response to bile acid	2
GO_BP	GO:1903416	response to glycoside	2
GO_BP	GO:1903420	protein localization to endoplasmic reticulum tubular network	1
GO_BP	GO:1903421	regulation of synaptic vesicle recycling	1
GO_BP	GO:1903423	positive regulation of synaptic vesicle recycling	1
GO_BP	GO:1903426	regulation of reactive oxygen species biosynthetic process	5
GO_BP	GO:1903427	negative regulation of reactive oxygen species biosynthetic process	7
GO_BP	GO:1903428	positive regulation of reactive oxygen species biosynthetic process	8
GO_BP	GO:1903432	regulation of TORC1 signaling	7
GO_BP	GO:1903434	negative regulation of constitutive secretory pathway	1
GO_BP	GO:1903435	positive regulation of constitutive secretory pathway	1
GO_BP	GO:1903438	positive regulation of mitotic cytokinetic process	4
GO_BP	GO:1903441	protein localization to ciliary membrane	4
GO_BP	GO:1903442	response to lipoic acid	1
GO_BP	GO:1903444	negative regulation of brown fat cell differentiation	3
GO_BP	GO:1903445	protein transport from ciliary membrane to plasma membrane	2
GO_BP	GO:1903450	regulation of G1 to G0 transition	3
GO_BP	GO:1903451	negative regulation of G1 to G0 transition	1
GO_BP	GO:1903457	lactate catabolic process	1
GO_BP	GO:1903461	Okazaki fragment processing involved in mitotic DNA replication	1
GO_BP	GO:1903467	negative regulation of mitotic DNA replication initiation	1
GO_BP	GO:1903479	mitotic actomyosin contractile ring assembly actin filament organization	2
GO_BP	GO:1903489	positive regulation of lactation	1
GO_BP	GO:1903490	positive regulation of mitotic cytokinesis	1
GO_BP	GO:1903512	phytanic acid metabolic process	1
GO_BP	GO:1903514	release of sequestered calcium ion into cytosol by endoplasmic reticulum	1
GO_BP	GO:1903515	calcium ion transport from cytosol to endoplasmic reticulum	2
GO_BP	GO:1903523	negative regulation of blood circulation	1
GO_BP	GO:1903526	negative regulation of membrane tubulation	2
GO_BP	GO:1903527	positive regulation of membrane tubulation	3
GO_BP	GO:1903531	negative regulation of secretion by cell	2
GO_BP	GO:1903537	meiotic cell cycle process involved in oocyte maturation	1
GO_BP	GO:1903538	regulation of meiotic cell cycle process involved in oocyte maturation	1
GO_BP	GO:1903539	protein localization to postsynaptic membrane	1
GO_BP	GO:1903542	negative regulation of exosomal secretion	4
GO_BP	GO:1903543	positive regulation of exosomal secretion	13
GO_BP	GO:1903546	protein localization to photoreceptor outer segment	2
GO_BP	GO:1903551	regulation of extracellular exosome assembly	2
GO_BP	GO:1903553	positive regulation of extracellular exosome assembly	3
GO_BP	GO:1903556	negative regulation of tumor necrosis factor superfamily cytokine production	1
GO_BP	GO:1903564	regulation of protein localization to cilium	1
GO_BP	GO:1903565	negative regulation of protein localization to cilium	2
GO_BP	GO:1903566	positive regulation of protein localization to cilium	4
GO_BP	GO:1903568	negative regulation of protein localization to ciliary membrane	4
GO_BP	GO:1903569	positive regulation of protein localization to ciliary membrane	1
GO_BP	GO:1903573	negative regulation of response to endoplasmic reticulum stress	6
GO_BP	GO:1903575	cornified envelope assembly	3
GO_BP	GO:1903577	cellular response to L-arginine	2
GO_BP	GO:1903579	negative regulation of ATP metabolic process	1
GO_BP	GO:1903580	positive regulation of ATP metabolic process	1
GO_BP	GO:1903588	negative regulation of blood vessel endothelial cell proliferation involved in sprouting angiogenesis	5
GO_BP	GO:1903589	positive regulation of blood vessel endothelial cell proliferation involved in sprouting angiogenesis	7
GO_BP	GO:1903595	positive regulation of histamine secretion by mast cell	3
GO_BP	GO:1903597	negative regulation of gap junction assembly	1
GO_BP	GO:1903598	positive regulation of gap junction assembly	4
GO_BP	GO:1903599	positive regulation of autophagy of mitochondrion	2
GO_BP	GO:1903604	cytochrome metabolic process	2
GO_BP	GO:1903607	cytochrome c biosynthetic process	1
GO_BP	GO:1903608	protein localization to cytoplasmic stress granule	7
GO_BP	GO:1903621	protein localization to photoreceptor connecting cilium	1
GO_BP	GO:1903660	negative regulation of complement-dependent cytotoxicity	1
GO_BP	GO:1903670	regulation of sprouting angiogenesis	6
GO_BP	GO:1903671	negative regulation of sprouting angiogenesis	10
GO_BP	GO:1903672	positive regulation of sprouting angiogenesis	14
GO_BP	GO:1903673	mitotic cleavage furrow formation	2
GO_BP	GO:1903676	positive regulation of cap-dependent translational initiation	2
GO_BP	GO:1903679	positive regulation of cap-independent translational initiation	3
GO_BP	GO:1903690	negative regulation of wound healing, spreading of epidermal cells	4
GO_BP	GO:1903691	positive regulation of wound healing, spreading of epidermal cells	3
GO_BP	GO:1903697	negative regulation of microvillus assembly	1
GO_BP	GO:1903698	positive regulation of microvillus assembly	5
GO_BP	GO:1903701	substantia propria of cornea development	1
GO_BP	GO:1903706	regulation of hemopoiesis	3
GO_BP	GO:1903707	negative regulation of hemopoiesis	1
GO_BP	GO:1903710	spermine transmembrane transport	1
GO_BP	GO:1903712	L-cysteine transmembrane transport	1
GO_BP	GO:1903713	asparagine transmembrane transport	1
GO_BP	GO:1903715	regulation of aerobic respiration	7
GO_BP	GO:1903716	guanine transmembrane transport	3
GO_BP	GO:1903721	positive regulation of I-kappaB phosphorylation	1
GO_BP	GO:1903723	negative regulation of centriole elongation	2
GO_BP	GO:1903724	positive regulation of centriole elongation	5
GO_BP	GO:1903744	positive regulation of anterograde synaptic vesicle transport	1
GO_BP	GO:1903747	regulation of protein localization to mitochondrion	4
GO_BP	GO:1903748	negative regulation of protein localization to mitochondrion	5
GO_BP	GO:1903749	positive regulation of protein localization to mitochondrion	25
GO_BP	GO:1903751	negative regulation of intrinsic apoptotic signaling pathway in response to hydrogen peroxide	4
GO_BP	GO:1903753	negative regulation of p38MAPK cascade	6
GO_BP	GO:1903764	regulation of potassium ion export across plasma membrane	2
GO_BP	GO:1903765	negative regulation of potassium ion export across plasma membrane	5
GO_BP	GO:1903766	positive regulation of potassium ion export across plasma membrane	1
GO_BP	GO:1903774	positive regulation of viral budding via host ESCRT complex	3
GO_BP	GO:1903775	regulation of DNA double-strand break processing	1
GO_BP	GO:1903778	protein localization to vacuolar membrane	1
GO_BP	GO:1903779	regulation of cardiac conduction	15
GO_BP	GO:1903783	negative regulation of sodium ion import across plasma membrane	1
GO_BP	GO:1903784	positive regulation of sodium ion import across plasma membrane	1
GO_BP	GO:1903791	uracil transmembrane transport	3
GO_BP	GO:1903799	negative regulation of miRNA processing	1
GO_BP	GO:1903800	positive regulation of miRNA processing	1
GO_BP	GO:1903801	L-leucine import across plasma membrane	3
GO_BP	GO:1903803	L-glutamine import across plasma membrane	5
GO_BP	GO:1903804	glycine import across plasma membrane	3
GO_BP	GO:1903810	L-histidine import across plasma membrane	2
GO_BP	GO:1903811	L-asparagine import across plasma membrane	1
GO_BP	GO:1903812	L-serine import across plasma membrane	3
GO_BP	GO:1903818	positive regulation of voltage-gated potassium channel activity	2
GO_BP	GO:1903826	L-arginine transmembrane transport	9
GO_BP	GO:1903829	positive regulation of protein localization	13
GO_BP	GO:1903830	magnesium ion transmembrane transport	4
GO_BP	GO:1903841	cellular response to arsenite(3-)	1
GO_BP	GO:1903843	cellular response to arsenite ion	2
GO_BP	GO:1903850	regulation of cristae formation	1
GO_BP	GO:1903852	positive regulation of cristae formation	3
GO_BP	GO:1903861	positive regulation of dendrite extension	16
GO_BP	GO:1903862	positive regulation of oxidative phosphorylation	3
GO_BP	GO:1903882	negative regulation of interleukin-17-mediated signaling pathway	1
GO_BP	GO:1903891	regulation of ATF6-mediated unfolded protein response	1
GO_BP	GO:1903892	negative regulation of ATF6-mediated unfolded protein response	1
GO_BP	GO:1903893	positive regulation of ATF6-mediated unfolded protein response	1
GO_BP	GO:1903894	regulation of IRE1-mediated unfolded protein response	3
GO_BP	GO:1903895	negative regulation of IRE1-mediated unfolded protein response	5
GO_BP	GO:1903896	positive regulation of IRE1-mediated unfolded protein response	7
GO_BP	GO:1903897	regulation of PERK-mediated unfolded protein response	1
GO_BP	GO:1903898	negative regulation of PERK-mediated unfolded protein response	9
GO_BP	GO:1903899	positive regulation of PERK-mediated unfolded protein response	2
GO_BP	GO:1903901	negative regulation of viral life cycle	2
GO_BP	GO:1903902	positive regulation of viral life cycle	3
GO_BP	GO:1903903	regulation of establishment of T cell polarity	1
GO_BP	GO:1903904	negative regulation of establishment of T cell polarity	1
GO_BP	GO:1903905	positive regulation of establishment of T cell polarity	4
GO_BP	GO:1903906	regulation of plasma membrane raft polarization	1
GO_BP	GO:1903909	regulation of receptor clustering	1
GO_BP	GO:1903911	positive regulation of receptor clustering	2
GO_BP	GO:1903912	negative regulation of endoplasmic reticulum stress-induced eIF2 alpha phosphorylation	1
GO_BP	GO:1903919	negative regulation of actin filament severing	1
GO_BP	GO:1903923	positive regulation of protein processing in phagocytic vesicle	2
GO_BP	GO:1903936	cellular response to sodium arsenite	1
GO_BP	GO:1903939	regulation of TORC2 signaling	1
GO_BP	GO:1903940	negative regulation of TORC2 signaling	3
GO_BP	GO:1903942	positive regulation of respiratory gaseous exchange	2
GO_BP	GO:1903944	negative regulation of hepatocyte apoptotic process	3
GO_BP	GO:1903946	negative regulation of ventricular cardiac muscle cell action potential	1
GO_BP	GO:1903949	positive regulation of atrial cardiac muscle cell action potential	1
GO_BP	GO:1903974	positive regulation of cellular response to macrophage colony-stimulating factor stimulus	2
GO_BP	GO:1903976	negative regulation of glial cell migration	1
GO_BP	GO:1903977	positive regulation of glial cell migration	1
GO_BP	GO:1903978	regulation of microglial cell activation	2
GO_BP	GO:1903979	negative regulation of microglial cell activation	5
GO_BP	GO:1903980	positive regulation of microglial cell activation	3
GO_BP	GO:1903984	positive regulation of TRAIL-activated apoptotic signaling pathway	1
GO_BP	GO:1903985	regulation of intestinal D-glucose absorption	1
GO_BP	GO:1903988	iron ion export across plasma membrane	1
GO_BP	GO:1903998	regulation of eating behavior	2
GO_BP	GO:1903999	negative regulation of eating behavior	1
GO_BP	GO:1904000	positive regulation of eating behavior	3
GO_BP	GO:1904015	cellular response to serotonin	1
GO_BP	GO:1904018	positive regulation of vasculature development	4
GO_BP	GO:1904021	negative regulation of G protein-coupled receptor internalization	2
GO_BP	GO:1904022	positive regulation of G protein-coupled receptor internalization	2
GO_BP	GO:1904025	positive regulation of glucose catabolic process to lactate via pyruvate	1
GO_BP	GO:1904026	regulation of collagen fibril organization	2
GO_BP	GO:1904027	negative regulation of collagen fibril organization	2
GO_BP	GO:1904028	positive regulation of collagen fibril organization	3
GO_BP	GO:1904031	positive regulation of cyclin-dependent protein kinase activity	1
GO_BP	GO:1904036	negative regulation of epithelial cell apoptotic process	3
GO_BP	GO:1904037	positive regulation of epithelial cell apoptotic process	1
GO_BP	GO:1904040	positive regulation of iron export across plasma membrane	1
GO_BP	GO:1904046	negative regulation of vascular endothelial growth factor production	1
GO_BP	GO:1904049	negative regulation of spontaneous neurotransmitter secretion	1
GO_BP	GO:1904057	negative regulation of sensory perception of pain	1
GO_BP	GO:1904058	positive regulation of sensory perception of pain	2
GO_BP	GO:1904059	regulation of locomotor rhythm	2
GO_BP	GO:1904062	regulation of monoatomic cation transmembrane transport	10
GO_BP	GO:1904063	negative regulation of cation transmembrane transport	1
GO_BP	GO:1904071	presynaptic active zone assembly	3
GO_BP	GO:1904075	positive regulation of trophectodermal cell proliferation	1
GO_BP	GO:1904082	pyrimidine nucleobase transmembrane transport	2
GO_BP	GO:1904093	negative regulation of autophagic cell death	3
GO_BP	GO:1904094	positive regulation of autophagic cell death	1
GO_BP	GO:1904105	positive regulation of convergent extension involved in gastrulation	1
GO_BP	GO:1904108	protein localization to ciliary inversin compartment	1
GO_BP	GO:1904117	cellular response to vasopressin	1
GO_BP	GO:1904139	regulation of microglial cell migration	2
GO_BP	GO:1904141	positive regulation of microglial cell migration	5
GO_BP	GO:1904150	negative regulation of microglial cell mediated cytotoxicity	1
GO_BP	GO:1904151	positive regulation of microglial cell mediated cytotoxicity	4
GO_BP	GO:1904153	negative regulation of retrograde protein transport, ER to cytosol	8
GO_BP	GO:1904154	positive regulation of retrograde protein transport, ER to cytosol	3
GO_BP	GO:1904157	DN4 thymocyte differentiation	1
GO_BP	GO:1904158	axonemal central apparatus assembly	5
GO_BP	GO:1904172	positive regulation of bleb assembly	2
GO_BP	GO:1904177	regulation of adipose tissue development	1
GO_BP	GO:1904178	negative regulation of adipose tissue development	4
GO_BP	GO:1904179	positive regulation of adipose tissue development	7
GO_BP	GO:1904181	positive regulation of membrane depolarization	1
GO_BP	GO:1904188	negative regulation of transformation of host cell by virus	1
GO_BP	GO:1904199	positive regulation of regulation of vascular associated smooth muscle cell membrane depolarization	1
GO_BP	GO:1904200	iodide transmembrane transport	2
GO_BP	GO:1904237	positive regulation of substrate-dependent cell migration, cell attachment to substrate	2
GO_BP	GO:1904238	pericyte cell differentiation	1
GO_BP	GO:1904240	negative regulation of VCP-NPL4-UFD1 AAA ATPase complex assembly	1
GO_BP	GO:1904246	negative regulation of polynucleotide adenylyltransferase activity	1
GO_BP	GO:1904247	positive regulation of polynucleotide adenylyltransferase activity	1
GO_BP	GO:1904257	zinc ion import into Golgi lumen	3
GO_BP	GO:1904262	negative regulation of TORC1 signaling	44
GO_BP	GO:1904263	positive regulation of TORC1 signaling	53
GO_BP	GO:1904270	pyroptosome complex assembly	1
GO_BP	GO:1904271	L-proline import across plasma membrane	2
GO_BP	GO:1904273	L-alanine import across plasma membrane	4
GO_BP	GO:1904274	tricellular tight junction assembly	1
GO_BP	GO:1904283	negative regulation of antigen processing and presentation of endogenous peptide antigen via MHC class I	1
GO_BP	GO:1904291	positive regulation of mitotic DNA damage checkpoint	1
GO_BP	GO:1904292	regulation of ERAD pathway	2
GO_BP	GO:1904293	negative regulation of ERAD pathway	7
GO_BP	GO:1904294	positive regulation of ERAD pathway	15
GO_BP	GO:1904298	regulation of transcytosis	1
GO_BP	GO:1904300	positive regulation of transcytosis	1
GO_BP	GO:1904322	cellular response to forskolin	11
GO_BP	GO:1904333	positive regulation of error-prone translesion synthesis	1
GO_BP	GO:1904338	regulation of dopaminergic neuron differentiation	1
GO_BP	GO:1904339	negative regulation of dopaminergic neuron differentiation	1
GO_BP	GO:1904352	positive regulation of protein catabolic process in the vacuole	1
GO_BP	GO:1904353	regulation of telomere capping	1
GO_BP	GO:1904354	negative regulation of telomere capping	5
GO_BP	GO:1904355	positive regulation of telomere capping	4
GO_BP	GO:1904357	negative regulation of telomere maintenance via telomere lengthening	7
GO_BP	GO:1904358	positive regulation of telomere maintenance via telomere lengthening	4
GO_BP	GO:1904375	regulation of protein localization to cell periphery	1
GO_BP	GO:1904377	positive regulation of protein localization to cell periphery	3
GO_BP	GO:1904380	endoplasmic reticulum mannose trimming	12
GO_BP	GO:1904381	Golgi apparatus N-glycan mannose trimming	3
GO_BP	GO:1904382	mannose trimming involved in glycoprotein ERAD pathway	3
GO_BP	GO:1904385	cellular response to angiotensin	4
GO_BP	GO:1904393	regulation of skeletal muscle acetylcholine-gated channel clustering	1
GO_BP	GO:1904394	negative regulation of skeletal muscle acetylcholine-gated channel clustering	1
GO_BP	GO:1904395	positive regulation of skeletal muscle acetylcholine-gated channel clustering	5
GO_BP	GO:1904398	positive regulation of neuromuscular junction development	2
GO_BP	GO:1904401	cellular response to Thyroid stimulating hormone	1
GO_BP	GO:1904414	positive regulation of cardiac ventricle development	1
GO_BP	GO:1904417	positive regulation of xenophagy	2
GO_BP	GO:1904426	positive regulation of GTP binding	1
GO_BP	GO:1904427	positive regulation of calcium ion transmembrane transport	1
GO_BP	GO:1904428	negative regulation of tubulin deacetylation	1
GO_BP	GO:1904430	negative regulation of t-circle formation	3
GO_BP	GO:1904431	positive regulation of t-circle formation	2
GO_BP	GO:1904447	folate import across plasma membrane	3
GO_BP	GO:1904450	positive regulation of aspartate secretion	1
GO_BP	GO:1904464	regulation of matrix metallopeptidase secretion	1
GO_BP	GO:1904465	negative regulation of matrix metallopeptidase secretion	1
GO_BP	GO:1904466	positive regulation of matrix metallopeptidase secretion	3
GO_BP	GO:1904472	positive regulation of endothelin production	1
GO_BP	GO:1904478	regulation of intestinal absorption	1
GO_BP	GO:1904491	protein localization to ciliary transition zone	5
GO_BP	GO:1904504	positive regulation of lipophagy	4
GO_BP	GO:1904506	negative regulation of telomere maintenance in response to DNA damage	1
GO_BP	GO:1904515	positive regulation of TORC2 signaling	6
GO_BP	GO:1904518	protein localization to cytoplasmic microtubule plus-end	1
GO_BP	GO:1904535	positive regulation of telomeric loop disassembly	1
GO_BP	GO:1904544	positive regulation of free ubiquitin chain polymerization	2
GO_BP	GO:1904550	response to arachidonate	1
GO_BP	GO:1904551	cellular response to arachidonate	3
GO_BP	GO:1904556	L-tryptophan transmembrane transport	2
GO_BP	GO:1904557	L-alanine transmembrane transport	1
GO_BP	GO:1904562	phosphatidylinositol 5-phosphate metabolic process	2
GO_BP	GO:1904580	regulation of intracellular mRNA localization	1
GO_BP	GO:1904582	positive regulation of intracellular mRNA localization	2
GO_BP	GO:1904589	regulation of protein import	1
GO_BP	GO:1904591	positive regulation of protein import	1
GO_BP	GO:1904592	positive regulation of protein refolding	1
GO_BP	GO:1904595	positive regulation of termination of RNA polymerase II transcription	1
GO_BP	GO:1904613	cellular response to 2,3,7,8-tetrachlorodibenzodioxine	2
GO_BP	GO:1904628	cellular response to phorbol 13-acetate 12-myristate	2
GO_BP	GO:1904635	positive regulation of podocyte apoptotic process	1
GO_BP	GO:1904637	cellular response to ionomycin	1
GO_BP	GO:1904645	response to amyloid-beta	8
GO_BP	GO:1904646	cellular response to amyloid-beta	28
GO_BP	GO:1904649	regulation of fat cell apoptotic process	1
GO_BP	GO:1904659	D-glucose transmembrane transport	7
GO_BP	GO:1904667	negative regulation of ubiquitin protein ligase activity	3
GO_BP	GO:1904668	positive regulation of ubiquitin protein ligase activity	1
GO_BP	GO:1904669	ATP export	3
GO_BP	GO:1904672	regulation of somatic stem cell population maintenance	3
GO_BP	GO:1904679	myo-inositol import across plasma membrane	1
GO_BP	GO:1904690	positive regulation of cytoplasmic translational initiation	2
GO_BP	GO:1904691	negative regulation of type B pancreatic cell proliferation	1
GO_BP	GO:1904692	positive regulation of type B pancreatic cell proliferation	1
GO_BP	GO:1904693	midbrain morphogenesis	2
GO_BP	GO:1904694	negative regulation of vascular associated smooth muscle contraction	2
GO_BP	GO:1904695	positive regulation of vascular associated smooth muscle contraction	1
GO_BP	GO:1904702	regulation of protein localization to adherens junction	1
GO_BP	GO:1904706	negative regulation of vascular associated smooth muscle cell proliferation	14
GO_BP	GO:1904707	positive regulation of vascular associated smooth muscle cell proliferation	21
GO_BP	GO:1904708	regulation of granulosa cell apoptotic process	1
GO_BP	GO:1904714	regulation of chaperone-mediated autophagy	3
GO_BP	GO:1904715	negative regulation of chaperone-mediated autophagy	3
GO_BP	GO:1904716	positive regulation of chaperone-mediated autophagy	1
GO_BP	GO:1904717	regulation of AMPA glutamate receptor clustering	1
GO_BP	GO:1904719	positive regulation of AMPA glutamate receptor clustering	1
GO_BP	GO:1904729	regulation of intestinal lipid absorption	1
GO_BP	GO:1904749	regulation of protein localization to nucleolus	3
GO_BP	GO:1904750	negative regulation of protein localization to nucleolus	1
GO_BP	GO:1904751	positive regulation of protein localization to nucleolus	2
GO_BP	GO:1904753	negative regulation of vascular associated smooth muscle cell migration	4
GO_BP	GO:1904754	positive regulation of vascular associated smooth muscle cell migration	9
GO_BP	GO:1904761	negative regulation of myofibroblast differentiation	3
GO_BP	GO:1904764	chaperone-mediated autophagy translocation complex disassembly	1
GO_BP	GO:1904775	positive regulation of ubiquinone biosynthetic process	1
GO_BP	GO:1904776	regulation of protein localization to cell cortex	1
GO_BP	GO:1904777	negative regulation of protein localization to cell cortex	1
GO_BP	GO:1904778	positive regulation of protein localization to cell cortex	5
GO_BP	GO:1904779	regulation of protein localization to centrosome	1
GO_BP	GO:1904780	negative regulation of protein localization to centrosome	2
GO_BP	GO:1904781	positive regulation of protein localization to centrosome	7
GO_BP	GO:1904791	negative regulation of shelterin complex assembly	1
GO_BP	GO:1904792	positive regulation of shelterin complex assembly	1
GO_BP	GO:1904798	positive regulation of core promoter binding	2
GO_BP	GO:1904803	regulation of translation involved in cellular response to UV	1
GO_BP	GO:1904812	rRNA acetylation involved in maturation of SSU-rRNA	1
GO_BP	GO:1904815	negative regulation of protein localization to chromosome, telomeric region	1
GO_BP	GO:1904816	positive regulation of protein localization to chromosome, telomeric region	3
GO_BP	GO:1904823	purine nucleobase transmembrane transport	3
GO_BP	GO:1904825	protein localization to microtubule plus-end	1
GO_BP	GO:1904828	positive regulation of hydrogen sulfide biosynthetic process	1
GO_BP	GO:1904831	positive regulation of aortic smooth muscle cell differentiation	2
GO_BP	GO:1904850	negative regulation of establishment of protein localization to telomere	1
GO_BP	GO:1904851	positive regulation of establishment of protein localization to telomere	3
GO_BP	GO:1904860	DNA synthesis involved in mitotic DNA replication	1
GO_BP	GO:1904861	excitatory synapse assembly	9
GO_BP	GO:1904862	inhibitory synapse assembly	19
GO_BP	GO:1904864	negative regulation of beta-catenin-TCF complex assembly	1
GO_BP	GO:1904867	protein localization to Cajal body	2
GO_BP	GO:1904871	positive regulation of protein localization to Cajal body	8
GO_BP	GO:1904872	regulation of telomerase RNA localization to Cajal body	3
GO_BP	GO:1904874	positive regulation of telomerase RNA localization to Cajal body	8
GO_BP	GO:1904878	negative regulation of calcium ion transmembrane transport via high voltage-gated calcium channel	2
GO_BP	GO:1904879	positive regulation of calcium ion transmembrane transport via high voltage-gated calcium channel	1
GO_BP	GO:1904881	cellular response to hydrogen sulfide	1
GO_BP	GO:1904884	positive regulation of telomerase catalytic core complex assembly	2
GO_BP	GO:1904885	beta-catenin destruction complex assembly	1
GO_BP	GO:1904886	beta-catenin destruction complex disassembly	1
GO_BP	GO:1904887	Wnt signalosome assembly	1
GO_BP	GO:1904888	cranial skeletal system development	2
GO_BP	GO:1904890	negative regulation of excitatory synapse assembly	1
GO_BP	GO:1904891	positive regulation of excitatory synapse assembly	3
GO_BP	GO:1904893	negative regulation of receptor signaling pathway via STAT	2
GO_BP	GO:1904894	positive regulation of receptor signaling pathway via STAT	4
GO_BP	GO:1904903	ESCRT III complex disassembly	1
GO_BP	GO:1904906	positive regulation of endothelial cell-matrix adhesion	4
GO_BP	GO:1904908	negative regulation of maintenance of mitotic sister chromatid cohesion, telomeric	1
GO_BP	GO:1904911	negative regulation of establishment of RNA localization to telomere	1
GO_BP	GO:1904935	positive regulation of cell proliferation in midbrain	1
GO_BP	GO:1904936	interneuron migration	1
GO_BP	GO:1904948	midbrain dopaminergic neuron differentiation	6
GO_BP	GO:1904950	negative regulation of establishment of protein localization	1
GO_BP	GO:1904951	positive regulation of establishment of protein localization	5
GO_BP	GO:1904959	regulation of cytochrome-c oxidase activity	1
GO_BP	GO:1904970	brush border assembly	1
GO_BP	GO:1904973	positive regulation of viral translation	2
GO_BP	GO:1904976	cellular response to bleomycin	2
GO_BP	GO:1904977	lymphatic endothelial cell migration	1
GO_BP	GO:1904978	regulation of endosome organization	2
GO_BP	GO:1904980	positive regulation of endosome organization	1
GO_BP	GO:1904983	glycine import into mitochondrion	1
GO_BP	GO:1904992	positive regulation of adenylate cyclase-inhibiting dopamine receptor signaling pathway	1
GO_BP	GO:1904996	positive regulation of leukocyte adhesion to vascular endothelial cell	7
GO_BP	GO:1904997	regulation of leukocyte adhesion to arterial endothelial cell	1
GO_BP	GO:1904998	negative regulation of leukocyte adhesion to arterial endothelial cell	1
GO_BP	GO:1904999	positive regulation of leukocyte adhesion to arterial endothelial cell	2
GO_BP	GO:1905006	negative regulation of epithelial to mesenchymal transition involved in endocardial cushion formation	1
GO_BP	GO:1905007	positive regulation of epithelial to mesenchymal transition involved in endocardial cushion formation	4
GO_BP	GO:1905024	regulation of membrane repolarization during ventricular cardiac muscle cell action potential	1
GO_BP	GO:1905026	positive regulation of membrane repolarization during ventricular cardiac muscle cell action potential	3
GO_BP	GO:1905031	regulation of membrane repolarization during cardiac muscle cell action potential	1
GO_BP	GO:1905033	positive regulation of membrane repolarization during cardiac muscle cell action potential	1
GO_BP	GO:1905035	negative regulation of antifungal innate immune response	2
GO_BP	GO:1905036	positive regulation of antifungal innate immune response	3
GO_BP	GO:1905037	autophagosome organization	3
GO_BP	GO:1905039	carboxylic acid transmembrane transport	3
GO_BP	GO:1905042	negative regulation of epithelium regeneration	1
GO_BP	GO:1905048	regulation of metallopeptidase activity	1
GO_BP	GO:1905049	negative regulation of metallopeptidase activity	2
GO_BP	GO:1905051	regulation of base-excision repair	2
GO_BP	GO:1905053	positive regulation of base-excision repair	2
GO_BP	GO:1905062	positive regulation of cardioblast proliferation	1
GO_BP	GO:1905064	negative regulation of vascular associated smooth muscle cell differentiation	7
GO_BP	GO:1905065	positive regulation of vascular associated smooth muscle cell differentiation	3
GO_BP	GO:1905069	allantois development	2
GO_BP	GO:1905072	cardiac jelly development	3
GO_BP	GO:1905075	positive regulation of tight junction disassembly	2
GO_BP	GO:1905090	negative regulation of type 2 mitophagy	1
GO_BP	GO:1905091	positive regulation of type 2 mitophagy	6
GO_BP	GO:1905098	negative regulation of guanyl-nucleotide exchange factor activity	1
GO_BP	GO:1905135	biotin import across plasma membrane	2
GO_BP	GO:1905143	eukaryotic translation initiation factor 2 complex assembly	1
GO_BP	GO:1905144	response to acetylcholine	2
GO_BP	GO:1905145	cellular response to acetylcholine	2
GO_BP	GO:1905146	lysosomal protein catabolic process	7
GO_BP	GO:1905150	regulation of voltage-gated sodium channel activity	1
GO_BP	GO:1905152	positive regulation of voltage-gated sodium channel activity	2
GO_BP	GO:1905161	protein localization to phagocytic vesicle	1
GO_BP	GO:1905162	regulation of phagosome maturation	1
GO_BP	GO:1905164	positive regulation of phagosome maturation	1
GO_BP	GO:1905165	regulation of lysosomal protein catabolic process	1
GO_BP	GO:1905166	negative regulation of lysosomal protein catabolic process	4
GO_BP	GO:1905167	positive regulation of lysosomal protein catabolic process	5
GO_BP	GO:1905168	positive regulation of double-strand break repair via homologous recombination	39
GO_BP	GO:1905171	positive regulation of protein localization to phagocytic vesicle	1
GO_BP	GO:1905174	regulation of vascular associated smooth muscle cell dedifferentiation	1
GO_BP	GO:1905176	positive regulation of vascular associated smooth muscle cell dedifferentiation	1
GO_BP	GO:1905179	negative regulation of cardiac muscle tissue regeneration	2
GO_BP	GO:1905198	manchette assembly	4
GO_BP	GO:1905203	regulation of connective tissue replacement	1
GO_BP	GO:1905205	positive regulation of connective tissue replacement	2
GO_BP	GO:1905208	negative regulation of cardiocyte differentiation	1
GO_BP	GO:1905213	negative regulation of mitotic chromosome condensation	2
GO_BP	GO:1905221	positive regulation of platelet formation	1
GO_BP	GO:1905222	atrioventricular canal morphogenesis	4
GO_BP	GO:1905223	epicardium morphogenesis	1
GO_BP	GO:1905232	cellular response to L-glutamate	1
GO_BP	GO:1905244	regulation of modification of synaptic structure	3
GO_BP	GO:1905247	positive regulation of aspartic-type peptidase activity	1
GO_BP	GO:1905259	negative regulation of nitrosative stress-induced intrinsic apoptotic signaling pathway	2
GO_BP	GO:1905269	positive regulation of chromatin organization	1
GO_BP	GO:1905273	positive regulation of proton-transporting ATP synthase activity, rotational mechanism	1
GO_BP	GO:1905274	regulation of modification of postsynaptic actin cytoskeleton	1
GO_BP	GO:1905278	positive regulation of epithelial tube formation	5
GO_BP	GO:1905279	regulation of retrograde transport, endosome to Golgi	3
GO_BP	GO:1905280	negative regulation of retrograde transport, endosome to Golgi	1
GO_BP	GO:1905281	positive regulation of retrograde transport, endosome to Golgi	1
GO_BP	GO:1905285	fibrous ring of heart morphogenesis	1
GO_BP	GO:1905289	regulation of CAMKK-AMPK signaling cascade	2
GO_BP	GO:1905291	positive regulation of CAMKK-AMPK signaling cascade	2
GO_BP	GO:1905300	positive regulation of intestinal epithelial cell development	1
GO_BP	GO:1905302	negative regulation of macropinocytosis	1
GO_BP	GO:1905303	positive regulation of macropinocytosis	2
GO_BP	GO:1905305	negative regulation of cardiac myofibril assembly	1
GO_BP	GO:1905312	positive regulation of cardiac neural crest cell migration involved in outflow tract morphogenesis	1
GO_BP	GO:1905314	semi-lunar valve development	1
GO_BP	GO:1905317	inferior endocardial cushion morphogenesis	1
GO_BP	GO:1905322	positive regulation of mesenchymal stem cell migration	1
GO_BP	GO:1905323	telomerase holoenzyme complex assembly	5
GO_BP	GO:1905324	telomere-telomerase complex assembly	1
GO_BP	GO:1905325	regulation of meiosis I spindle assembly checkpoint	1
GO_BP	GO:1905332	positive regulation of morphogenesis of an epithelium	2
GO_BP	GO:1905336	negative regulation of aggrephagy	2
GO_BP	GO:1905337	positive regulation of aggrephagy	4
GO_BP	GO:1905342	positive regulation of protein localization to kinetochore	1
GO_BP	GO:1905344	prostaglandin catabolic process	1
GO_BP	GO:1905345	protein localization to cleavage furrow	1
GO_BP	GO:1905349	ciliary transition zone assembly	3
GO_BP	GO:1905355	spine apparatus assembly	1
GO_BP	GO:1905364	regulation of endosomal vesicle fusion	1
GO_BP	GO:1905366	negative regulation of intralumenal vesicle formation	2
GO_BP	GO:1905367	positive regulation of intralumenal vesicle formation	2
GO_BP	GO:1905382	positive regulation of snRNA transcription by RNA polymerase II	1
GO_BP	GO:1905386	positive regulation of protein localization to presynapse	2
GO_BP	GO:1905396	cellular response to flavonoid	1
GO_BP	GO:1905404	positive regulation of activated CD8-positive, alpha-beta T cell apoptotic process	1
GO_BP	GO:1905413	regulation of dense core granule exocytosis	1
GO_BP	GO:1905429	response to glycine	1
GO_BP	GO:1905430	cellular response to glycine	1
GO_BP	GO:1905443	regulation of clathrin coat assembly	2
GO_BP	GO:1905448	positive regulation of mitochondrial ATP synthesis coupled electron transport	2
GO_BP	GO:1905450	negative regulation of Fc-gamma receptor signaling pathway involved in phagocytosis	1
GO_BP	GO:1905451	positive regulation of Fc-gamma receptor signaling pathway involved in phagocytosis	1
GO_BP	GO:1905453	regulation of myeloid progenitor cell differentiation	1
GO_BP	GO:1905454	negative regulation of myeloid progenitor cell differentiation	1
GO_BP	GO:1905457	negative regulation of lymphoid progenitor cell differentiation	1
GO_BP	GO:1905458	positive regulation of lymphoid progenitor cell differentiation	1
GO_BP	GO:1905460	negative regulation of vascular associated smooth muscle cell apoptotic process	2
GO_BP	GO:1905461	positive regulation of vascular associated smooth muscle cell apoptotic process	4
GO_BP	GO:1905475	regulation of protein localization to membrane	3
GO_BP	GO:1905477	positive regulation of protein localization to membrane	5
GO_BP	GO:1905492	positive regulation of branching morphogenesis of a nerve	1
GO_BP	GO:1905503	regulation of motile cilium assembly	1
GO_BP	GO:1905504	negative regulation of motile cilium assembly	3
GO_BP	GO:1905505	positive regulation of motile cilium assembly	1
GO_BP	GO:1905515	non-motile cilium assembly	30
GO_BP	GO:1905516	positive regulation of fertilization	3
GO_BP	GO:1905517	macrophage migration	1
GO_BP	GO:1905520	positive regulation of presynaptic active zone assembly	1
GO_BP	GO:1905521	regulation of macrophage migration	2
GO_BP	GO:1905522	negative regulation of macrophage migration	2
GO_BP	GO:1905523	positive regulation of macrophage migration	2
GO_BP	GO:1905524	negative regulation of protein autoubiquitination	1
GO_BP	GO:1905537	positive regulation of eukaryotic translation initiation factor 4F complex assembly	1
GO_BP	GO:1905551	negative regulation of protein localization to endoplasmic reticulum	1
GO_BP	GO:1905552	positive regulation of protein localization to endoplasmic reticulum	3
GO_BP	GO:1905554	negative regulation of blood vessel branching	1
GO_BP	GO:1905555	positive regulation of blood vessel branching	5
GO_BP	GO:1905559	positive regulation of mitotic nuclear envelope disassembly	1
GO_BP	GO:1905562	regulation of vascular endothelial cell proliferation	1
GO_BP	GO:1905563	negative regulation of vascular endothelial cell proliferation	2
GO_BP	GO:1905564	positive regulation of vascular endothelial cell proliferation	10
GO_BP	GO:1905572	ganglioside GM1 transport to membrane	1
GO_BP	GO:1905580	positive regulation of ERBB3 signaling pathway	1
GO_BP	GO:1905581	positive regulation of low-density lipoprotein particle clearance	4
GO_BP	GO:1905590	fibronectin fibril organization	2
GO_BP	GO:1905601	negative regulation of receptor-mediated endocytosis involved in cholesterol transport	1
GO_BP	GO:1905602	positive regulation of receptor-mediated endocytosis involved in cholesterol transport	2
GO_BP	GO:1905604	negative regulation of blood-brain barrier permeability	2
GO_BP	GO:1905605	positive regulation of blood-brain barrier permeability	2
GO_BP	GO:1905606	regulation of presynapse assembly	16
GO_BP	GO:1905609	positive regulation of smooth muscle cell-matrix adhesion	1
GO_BP	GO:1905634	regulation of protein localization to chromatin	3
GO_BP	GO:1905638	negative regulation of mitochondrial mRNA catabolic process	2
GO_BP	GO:1905653	positive regulation of artery morphogenesis	3
GO_BP	GO:1905664	regulation of calcium ion import across plasma membrane	2
GO_BP	GO:1905667	negative regulation of protein localization to endosome	1
GO_BP	GO:1905668	positive regulation of protein localization to endosome	3
GO_BP	GO:1905669	TORC1 complex assembly	2
GO_BP	GO:1905670	TORC2 complex disassembly	1
GO_BP	GO:1905671	regulation of lysosome organization	4
GO_BP	GO:1905672	negative regulation of lysosome organization	3
GO_BP	GO:1905673	positive regulation of lysosome organization	4
GO_BP	GO:1905676	positive regulation of adaptive immune memory response	1
GO_BP	GO:1905684	regulation of plasma membrane repair	3
GO_BP	GO:1905691	lipid droplet disassembly	7
GO_BP	GO:1905701	positive regulation of xenobiotic detoxification by transmembrane export across the plasma membrane	1
GO_BP	GO:1905702	regulation of inhibitory synapse assembly	1
GO_BP	GO:1905703	negative regulation of inhibitory synapse assembly	1
GO_BP	GO:1905704	positive regulation of inhibitory synapse assembly	2
GO_BP	GO:1905706	regulation of mitochondrial ATP synthesis coupled proton transport	3
GO_BP	GO:1905709	negative regulation of membrane permeability	2
GO_BP	GO:1905710	positive regulation of membrane permeability	1
GO_BP	GO:1905719	protein localization to perinuclear region of cytoplasm	6
GO_BP	GO:1905737	positive regulation of L-proline import across plasma membrane	1
GO_BP	GO:1905747	negative regulation of saliva secretion	1
GO_BP	GO:1905748	hard palate morphogenesis	1
GO_BP	GO:1905750	negative regulation of endosome to plasma membrane protein transport	1
GO_BP	GO:1905751	positive regulation of endosome to plasma membrane protein transport	1
GO_BP	GO:1905765	negative regulation of protection from non-homologous end joining at telomere	2
GO_BP	GO:1905772	positive regulation of mesodermal cell differentiation	1
GO_BP	GO:1905782	positive regulation of phosphatidylserine exposure on apoptotic cell surface	1
GO_BP	GO:1905784	regulation of anaphase-promoting complex-dependent catabolic process	2
GO_BP	GO:1905786	positive regulation of anaphase-promoting complex-dependent catabolic process	2
GO_BP	GO:1905793	protein localization to pericentriolar material	2
GO_BP	GO:1905799	regulation of intraciliary retrograde transport	2
GO_BP	GO:1905801	positive regulation of intraciliary retrograde transport	1
GO_BP	GO:1905805	excitatory synapse pruning	1
GO_BP	GO:1905808	positive regulation of synapse pruning	1
GO_BP	GO:1905810	regulation of excitatory synapse pruning	1
GO_BP	GO:1905818	regulation of chromosome separation	1
GO_BP	GO:1905820	positive regulation of chromosome separation	1
GO_BP	GO:1905821	positive regulation of chromosome condensation	4
GO_BP	GO:1905828	regulation of prostaglandin catabolic process	1
GO_BP	GO:1905832	positive regulation of spindle assembly	4
GO_BP	GO:1905833	negative regulation of microtubule nucleation	1
GO_BP	GO:1905835	cellular response to pyrimidine ribonucleotide	1
GO_BP	GO:1905839	negative regulation of telomeric D-loop disassembly	2
GO_BP	GO:1905856	negative regulation of pentose-phosphate shunt	1
GO_BP	GO:1905869	negative regulation of 3'-UTR-mediated mRNA stabilization	3
GO_BP	GO:1905870	positive regulation of 3'-UTR-mediated mRNA stabilization	6
GO_BP	GO:1905872	negative regulation of protein localization to cell leading edge	1
GO_BP	GO:1905883	regulation of triglyceride transport	1
GO_BP	GO:1905885	positive regulation of triglyceride transport	2
GO_BP	GO:1905890	regulation of cellular response to very-low-density lipoprotein particle stimulus	1
GO_BP	GO:1905897	regulation of response to endoplasmic reticulum stress	4
GO_BP	GO:1905898	positive regulation of response to endoplasmic reticulum stress	2
GO_BP	GO:1905906	regulation of amyloid fibril formation	2
GO_BP	GO:1905907	negative regulation of amyloid fibril formation	10
GO_BP	GO:1905908	positive regulation of amyloid fibril formation	5
GO_BP	GO:1905913	negative regulation of calcium ion export across plasma membrane	1
GO_BP	GO:1905945	regulation of response to calcium ion	1
GO_BP	GO:1990000	amyloid fibril formation	15
GO_BP	GO:1990034	calcium ion export across plasma membrane	7
GO_BP	GO:1990036	calcium ion import into sarcoplasmic reticulum	2
GO_BP	GO:1990044	protein localization to lipid droplet	3
GO_BP	GO:1990046	stress-induced mitochondrial fusion	2
GO_BP	GO:1990048	anterograde neuronal dense core vesicle transport	3
GO_BP	GO:1990049	retrograde neuronal dense core vesicle transport	5
GO_BP	GO:1990074	polyuridylation-dependent mRNA catabolic process	4
GO_BP	GO:1990079	cartilage homeostasis	1
GO_BP	GO:1990086	lens fiber cell apoptotic process	1
GO_BP	GO:1990090	cellular response to nerve growth factor stimulus	12
GO_BP	GO:1990108	protein linear deubiquitination	3
GO_BP	GO:1990114	RNA polymerase II core complex assembly	1
GO_BP	GO:1990116	ribosome-associated ubiquitin-dependent protein catabolic process	7
GO_BP	GO:1990117	B cell receptor apoptotic signaling pathway	1
GO_BP	GO:1990138	neuron projection extension	11
GO_BP	GO:1990144	intrinsic apoptotic signaling pathway in response to hypoxia	1
GO_BP	GO:1990145	maintenance of translational fidelity	2
GO_BP	GO:1990166	protein localization to site of double-strand break	13
GO_BP	GO:1990167	protein K27-linked deubiquitination	3
GO_BP	GO:1990168	protein K33-linked deubiquitination	3
GO_BP	GO:1990172	G protein-coupled receptor catabolic process	1
GO_BP	GO:1990173	protein localization to nucleoplasm	2
GO_BP	GO:1990180	mitochondrial tRNA 3'-end processing	4
GO_BP	GO:1990182	exosomal secretion	3
GO_BP	GO:1990253	cellular response to leucine starvation	11
GO_BP	GO:1990256	signal clustering	1
GO_BP	GO:1990261	pre-mRNA catabolic process	1
GO_BP	GO:1990262	anti-Mullerian hormone receptor signaling pathway	4
GO_BP	GO:1990266	neutrophil migration	2
GO_BP	GO:1990280	RNA localization to chromatin	1
GO_BP	GO:1990314	cellular response to insulin-like growth factor stimulus	2
GO_BP	GO:1990349	gap junction-mediated intercellular transport	2
GO_BP	GO:1990379	lipid transport across blood-brain barrier	5
GO_BP	GO:1990384	hyaloid vascular plexus regression	4
GO_BP	GO:1990390	protein K33-linked ubiquitination	2
GO_BP	GO:1990401	embryonic lung development	1
GO_BP	GO:1990402	embryonic liver development	1
GO_BP	GO:1990403	embryonic brain development	4
GO_BP	GO:1990408	calcitonin gene-related peptide receptor signaling pathway	4
GO_BP	GO:1990410	adrenomedullin receptor signaling pathway	4
GO_BP	GO:1990414	replication-born double-strand break repair via sister chromatid exchange	2
GO_BP	GO:1990416	cellular response to brain-derived neurotrophic factor stimulus	4
GO_BP	GO:1990418	response to insulin-like growth factor stimulus	2
GO_BP	GO:1990426	mitotic recombination-dependent replication fork processing	1
GO_BP	GO:1990428	miRNA transport	3
GO_BP	GO:1990478	response to ultrasound	1
GO_BP	GO:1990481	mRNA pseudouridine synthesis	10
GO_BP	GO:1990502	dense core granule maturation	3
GO_BP	GO:1990506	mitotic DNA-templated DNA replication	1
GO_BP	GO:1990516	ribonucleotide excision repair	1
GO_BP	GO:1990519	pyrimidine nucleotide import into mitochondrion	2
GO_BP	GO:1990523	bone regeneration	2
GO_BP	GO:1990535	neuron projection maintenance	11
GO_BP	GO:1990539	fructose import across plasma membrane	1
GO_BP	GO:1990540	mitochondrial manganese ion transmembrane transport	1
GO_BP	GO:1990542	mitochondrial transmembrane transport	8
GO_BP	GO:1990544	mitochondrial ATP transmembrane transport	3
GO_BP	GO:1990548	mitochondrial FAD transmembrane transport	1
GO_BP	GO:1990559	mitochondrial coenzyme A transmembrane transport	2
GO_BP	GO:1990569	UDP-N-acetylglucosamine transmembrane transport	2
GO_BP	GO:1990573	potassium ion import across plasma membrane	31
GO_BP	GO:1990575	mitochondrial L-ornithine transmembrane transport	2
GO_BP	GO:1990592	protein K69-linked ufmylation	5
GO_BP	GO:1990611	regulation of cytoplasmic translational initiation in response to stress	1
GO_BP	GO:1990627	mitochondrial inner membrane fusion	3
GO_BP	GO:1990641	response to iron ion starvation	3
GO_BP	GO:1990680	response to melanocyte-stimulating hormone	3
GO_BP	GO:1990683	DNA double-strand break attachment to nuclear envelope	3
GO_BP	GO:1990697	protein depalmitoleylation	1
GO_BP	GO:1990700	nucleolar chromatin organization	1
GO_BP	GO:1990709	presynaptic active zone organization	1
GO_BP	GO:1990743	protein sialylation	2
GO_BP	GO:1990748	cellular detoxification	6
GO_BP	GO:1990755	mitotic spindle microtubule depolymerization	1
GO_BP	GO:1990764	myofibroblast contraction	1
GO_BP	GO:1990776	response to angiotensin	4
GO_BP	GO:1990778	protein localization to cell periphery	1
GO_BP	GO:1990786	cellular response to dsDNA	2
GO_BP	GO:1990791	dorsal root ganglion development	2
GO_BP	GO:1990799	mitochondrial tRNA wobble position uridine thiolation	1
GO_BP	GO:1990809	endoplasmic reticulum tubular network membrane organization	8
GO_BP	GO:1990822	basic amino acid transmembrane transport	1
GO_BP	GO:1990830	cellular response to leukemia inhibitory factor	1
GO_BP	GO:1990834	response to odorant	3
GO_BP	GO:1990845	adaptive thermogenesis	12
GO_BP	GO:1990858	cellular response to lectin	2
GO_BP	GO:1990869	cellular response to chemokine	14
GO_BP	GO:1990880	cellular detoxification of copper ion	1
GO_BP	GO:1990911	response to psychosocial stress	1
GO_BP	GO:1990918	double-strand break repair involved in meiotic recombination	4
GO_BP	GO:1990926	short-term synaptic potentiation	1
GO_BP	GO:1990927	calcium ion regulated lysosome exocytosis	3
GO_BP	GO:1990928	response to amino acid starvation	3
GO_BP	GO:1990961	xenobiotic detoxification by transmembrane export across the plasma membrane	5
GO_BP	GO:1990963	establishment of blood-retinal barrier	1
GO_BP	GO:1990966	ATP generation from poly-ADP-D-ribose	4
GO_BP	GO:1990983	regulation of translational initiation by tRNA modification	1
GO_BP	GO:1990986	DNA recombinase disassembly	1
GO_BP	GO:2000001	regulation of DNA damage checkpoint	6
GO_BP	GO:2000002	negative regulation of DNA damage checkpoint	1
GO_BP	GO:2000003	positive regulation of DNA damage checkpoint	2
GO_BP	GO:2000005	negative regulation of metanephric S-shaped body morphogenesis	1
GO_BP	GO:2000007	negative regulation of metanephric comma-shaped body morphogenesis	1
GO_BP	GO:2000008	regulation of protein localization to cell surface	10
GO_BP	GO:2000009	negative regulation of protein localization to cell surface	8
GO_BP	GO:2000010	positive regulation of protein localization to cell surface	11
GO_BP	GO:2000016	negative regulation of determination of dorsal identity	2
GO_BP	GO:2000017	positive regulation of determination of dorsal identity	1
GO_BP	GO:2000019	negative regulation of male gonad development	1
GO_BP	GO:2000020	positive regulation of male gonad development	3
GO_BP	GO:2000027	regulation of animal organ morphogenesis	1
GO_BP	GO:2000035	regulation of stem cell division	8
GO_BP	GO:2000036	regulation of stem cell population maintenance	7
GO_BP	GO:2000042	negative regulation of double-strand break repair via homologous recombination	20
GO_BP	GO:2000043	regulation of cardiac cell fate specification	1
GO_BP	GO:2000045	regulation of G1/S transition of mitotic cell cycle	18
GO_BP	GO:2000048	negative regulation of cell-cell adhesion mediated by cadherin	8
GO_BP	GO:2000049	positive regulation of cell-cell adhesion mediated by cadherin	4
GO_BP	GO:2000050	regulation of non-canonical Wnt signaling pathway	2
GO_BP	GO:2000051	negative regulation of non-canonical Wnt signaling pathway	4
GO_BP	GO:2000052	positive regulation of non-canonical Wnt signaling pathway	5
GO_BP	GO:2000058	regulation of ubiquitin-dependent protein catabolic process	4
GO_BP	GO:2000059	negative regulation of ubiquitin-dependent protein catabolic process	12
GO_BP	GO:2000060	positive regulation of ubiquitin-dependent protein catabolic process	16
GO_BP	GO:2000062	negative regulation of ureter smooth muscle cell differentiation	1
GO_BP	GO:2000063	positive regulation of ureter smooth muscle cell differentiation	1
GO_BP	GO:2000064	regulation of cortisol biosynthetic process	2
GO_BP	GO:2000065	negative regulation of cortisol biosynthetic process	4
GO_BP	GO:2000066	positive regulation of cortisol biosynthetic process	1
GO_BP	GO:2000074	regulation of type B pancreatic cell development	4
GO_BP	GO:2000077	negative regulation of type B pancreatic cell development	2
GO_BP	GO:2000078	positive regulation of type B pancreatic cell development	3
GO_BP	GO:2000095	regulation of Wnt signaling pathway, planar cell polarity pathway	3
GO_BP	GO:2000096	positive regulation of Wnt signaling pathway, planar cell polarity pathway	5
GO_BP	GO:2000097	regulation of smooth muscle cell-matrix adhesion	1
GO_BP	GO:2000098	negative regulation of smooth muscle cell-matrix adhesion	2
GO_BP	GO:2000104	negative regulation of DNA-templated DNA replication	2
GO_BP	GO:2000107	negative regulation of leukocyte apoptotic process	2
GO_BP	GO:2000110	negative regulation of macrophage apoptotic process	1
GO_BP	GO:2000111	positive regulation of macrophage apoptotic process	2
GO_BP	GO:2000114	regulation of establishment of cell polarity	13
GO_BP	GO:2000118	regulation of sodium-dependent phosphate transport	1
GO_BP	GO:2000119	negative regulation of sodium-dependent phosphate transport	1
GO_BP	GO:2000120	positive regulation of sodium-dependent phosphate transport	1
GO_BP	GO:2000121	regulation of removal of superoxide radicals	3
GO_BP	GO:2000124	regulation of endocannabinoid signaling pathway	2
GO_BP	GO:2000134	negative regulation of G1/S transition of mitotic cell cycle	25
GO_BP	GO:2000137	negative regulation of cell proliferation involved in heart morphogenesis	3
GO_BP	GO:2000138	positive regulation of cell proliferation involved in heart morphogenesis	2
GO_BP	GO:2000143	negative regulation of DNA-templated transcription initiation	1
GO_BP	GO:2000144	positive regulation of DNA-templated transcription initiation	8
GO_BP	GO:2000145	regulation of cell motility	13
GO_BP	GO:2000146	negative regulation of cell motility	7
GO_BP	GO:2000147	positive regulation of cell motility	9
GO_BP	GO:2000156	regulation of retrograde vesicle-mediated transport, Golgi to ER	1
GO_BP	GO:2000158	positive regulation of ubiquitin-specific protease activity	1
GO_BP	GO:2000171	negative regulation of dendrite development	3
GO_BP	GO:2000172	regulation of branching morphogenesis of a nerve	2
GO_BP	GO:2000176	positive regulation of pro-T cell differentiation	1
GO_BP	GO:2000177	regulation of neural precursor cell proliferation	2
GO_BP	GO:2000178	negative regulation of neural precursor cell proliferation	4
GO_BP	GO:2000179	positive regulation of neural precursor cell proliferation	12
GO_BP	GO:2000180	negative regulation of androgen biosynthetic process	1
GO_BP	GO:2000182	regulation of progesterone biosynthetic process	2
GO_BP	GO:2000184	positive regulation of progesterone biosynthetic process	1
GO_BP	GO:2000191	regulation of fatty acid transport	2
GO_BP	GO:2000192	negative regulation of fatty acid transport	1
GO_BP	GO:2000204	negative regulation of ribosomal large subunit export from nucleus	1
GO_BP	GO:2000208	positive regulation of ribosomal small subunit export from nucleus	1
GO_BP	GO:2000209	regulation of anoikis	1
GO_BP	GO:2000210	positive regulation of anoikis	4
GO_BP	GO:2000225	negative regulation of testosterone biosynthetic process	1
GO_BP	GO:2000232	regulation of rRNA processing	3
GO_BP	GO:2000233	negative regulation of rRNA processing	1
GO_BP	GO:2000234	positive regulation of rRNA processing	10
GO_BP	GO:2000236	negative regulation of tRNA processing	1
GO_BP	GO:2000253	positive regulation of feeding behavior	3
GO_BP	GO:2000256	positive regulation of male germ cell proliferation	1
GO_BP	GO:2000270	negative regulation of fibroblast apoptotic process	2
GO_BP	GO:2000271	positive regulation of fibroblast apoptotic process	6
GO_BP	GO:2000272	negative regulation of signaling receptor activity	1
GO_BP	GO:2000278	regulation of DNA biosynthetic process	6
GO_BP	GO:2000279	negative regulation of DNA biosynthetic process	3
GO_BP	GO:2000288	positive regulation of myoblast proliferation	1
GO_BP	GO:2000291	regulation of myoblast proliferation	1
GO_BP	GO:2000292	regulation of defecation	2
GO_BP	GO:2000297	negative regulation of synapse maturation	2
GO_BP	GO:2000300	regulation of synaptic vesicle exocytosis	17
GO_BP	GO:2000301	negative regulation of synaptic vesicle exocytosis	3
GO_BP	GO:2000302	positive regulation of synaptic vesicle exocytosis	2
GO_BP	GO:2000303	regulation of ceramide biosynthetic process	3
GO_BP	GO:2000304	positive regulation of ceramide biosynthetic process	4
GO_BP	GO:2000310	regulation of NMDA receptor activity	4
GO_BP	GO:2000311	regulation of AMPA receptor activity	11
GO_BP	GO:2000317	negative regulation of T-helper 17 type immune response	1
GO_BP	GO:2000318	positive regulation of T-helper 17 type immune response	2
GO_BP	GO:2000320	negative regulation of T-helper 17 cell differentiation	4
GO_BP	GO:2000321	positive regulation of T-helper 17 cell differentiation	3
GO_BP	GO:2000323	negative regulation of nuclear receptor-mediated glucocorticoid signaling pathway	6
GO_BP	GO:2000324	positive regulation of nuclear receptor-mediated glucocorticoid signaling pathway	1
GO_BP	GO:2000329	negative regulation of T-helper 17 cell lineage commitment	4
GO_BP	GO:2000330	positive regulation of T-helper 17 cell lineage commitment	3
GO_BP	GO:2000331	regulation of terminal button organization	1
GO_BP	GO:2000340	positive regulation of chemokine (C-X-C motif) ligand 1 production	2
GO_BP	GO:2000341	regulation of chemokine (C-X-C motif) ligand 2 production	1
GO_BP	GO:2000342	negative regulation of chemokine (C-X-C motif) ligand 2 production	2
GO_BP	GO:2000343	positive regulation of chemokine (C-X-C motif) ligand 2 production	5
GO_BP	GO:2000344	positive regulation of acrosome reaction	4
GO_BP	GO:2000346	negative regulation of hepatocyte proliferation	1
GO_BP	GO:2000347	positive regulation of hepatocyte proliferation	4
GO_BP	GO:2000348	regulation of CD40 signaling pathway	1
GO_BP	GO:2000349	negative regulation of CD40 signaling pathway	1
GO_BP	GO:2000350	positive regulation of CD40 signaling pathway	1
GO_BP	GO:2000351	regulation of endothelial cell apoptotic process	1
GO_BP	GO:2000352	negative regulation of endothelial cell apoptotic process	20
GO_BP	GO:2000353	positive regulation of endothelial cell apoptotic process	11
GO_BP	GO:2000357	negative regulation of kidney smooth muscle cell differentiation	1
GO_BP	GO:2000358	positive regulation of kidney smooth muscle cell differentiation	1
GO_BP	GO:2000367	regulation of acrosomal vesicle exocytosis	1
GO_BP	GO:2000369	regulation of clathrin-dependent endocytosis	7
GO_BP	GO:2000370	positive regulation of clathrin-dependent endocytosis	3
GO_BP	GO:2000373	positive regulation of DNA topoisomerase (ATP-hydrolyzing) activity	1
GO_BP	GO:2000374	regulation of oxygen metabolic process	1
GO_BP	GO:2000377	regulation of reactive oxygen species metabolic process	13
GO_BP	GO:2000378	negative regulation of reactive oxygen species metabolic process	4
GO_BP	GO:2000379	positive regulation of reactive oxygen species metabolic process	17
GO_BP	GO:2000380	regulation of mesoderm development	1
GO_BP	GO:2000381	negative regulation of mesoderm development	1
GO_BP	GO:2000391	positive regulation of neutrophil extravasation	2
GO_BP	GO:2000392	regulation of lamellipodium morphogenesis	1
GO_BP	GO:2000393	negative regulation of lamellipodium morphogenesis	2
GO_BP	GO:2000394	positive regulation of lamellipodium morphogenesis	5
GO_BP	GO:2000401	regulation of lymphocyte migration	2
GO_BP	GO:2000402	negative regulation of lymphocyte migration	3
GO_BP	GO:2000403	positive regulation of lymphocyte migration	1
GO_BP	GO:2000404	regulation of T cell migration	1
GO_BP	GO:2000405	negative regulation of T cell migration	4
GO_BP	GO:2000406	positive regulation of T cell migration	8
GO_BP	GO:2000412	positive regulation of thymocyte migration	1
GO_BP	GO:2000420	negative regulation of eosinophil extravasation	1
GO_BP	GO:2000424	positive regulation of eosinophil chemotaxis	1
GO_BP	GO:2000425	regulation of apoptotic cell clearance	1
GO_BP	GO:2000427	positive regulation of apoptotic cell clearance	1
GO_BP	GO:2000434	regulation of protein neddylation	5
GO_BP	GO:2000435	negative regulation of protein neddylation	1
GO_BP	GO:2000436	positive regulation of protein neddylation	4
GO_BP	GO:2000438	negative regulation of monocyte extravasation	1
GO_BP	GO:2000439	positive regulation of monocyte extravasation	3
GO_BP	GO:2000448	positive regulation of macrophage migration inhibitory factor signaling pathway	2
GO_BP	GO:2000451	positive regulation of CD8-positive, alpha-beta T cell extravasation	1
GO_BP	GO:2000454	positive regulation of CD8-positive, alpha-beta cytotoxic T cell extravasation	1
GO_BP	GO:2000458	regulation of astrocyte chemotaxis	1
GO_BP	GO:2000463	positive regulation of excitatory postsynaptic potential	18
GO_BP	GO:2000464	positive regulation of astrocyte chemotaxis	1
GO_BP	GO:2000465	regulation of glycogen (starch) synthase activity	1
GO_BP	GO:2000466	negative regulation of glycogen (starch) synthase activity	1
GO_BP	GO:2000473	positive regulation of hematopoietic stem cell migration	1
GO_BP	GO:2000474	regulation of opioid receptor signaling pathway	2
GO_BP	GO:2000480	negative regulation of cAMP-dependent protein kinase activity	1
GO_BP	GO:2000481	positive regulation of cAMP-dependent protein kinase activity	2
GO_BP	GO:2000493	negative regulation of interleukin-18-mediated signaling pathway	1
GO_BP	GO:2000504	positive regulation of blood vessel remodeling	1
GO_BP	GO:2000510	positive regulation of dendritic cell chemotaxis	3
GO_BP	GO:2000515	negative regulation of CD4-positive, alpha-beta T cell activation	1
GO_BP	GO:2000521	negative regulation of immunological synapse formation	1
GO_BP	GO:2000522	positive regulation of immunological synapse formation	1
GO_BP	GO:2000533	negative regulation of renal albumin absorption	1
GO_BP	GO:2000535	regulation of entry of bacterium into host cell	4
GO_BP	GO:2000536	negative regulation of entry of bacterium into host cell	1
GO_BP	GO:2000538	positive regulation of B cell chemotaxis	1
GO_BP	GO:2000543	positive regulation of gastrulation	6
GO_BP	GO:2000544	regulation of endothelial cell chemotaxis to fibroblast growth factor	2
GO_BP	GO:2000546	positive regulation of endothelial cell chemotaxis to fibroblast growth factor	2
GO_BP	GO:2000553	positive regulation of T-helper 2 cell cytokine production	5
GO_BP	GO:2000556	positive regulation of T-helper 1 cell cytokine production	2
GO_BP	GO:2000562	negative regulation of CD4-positive, alpha-beta T cell proliferation	3
GO_BP	GO:2000563	positive regulation of CD4-positive, alpha-beta T cell proliferation	2
GO_BP	GO:2000564	regulation of CD8-positive, alpha-beta T cell proliferation	3
GO_BP	GO:2000565	negative regulation of CD8-positive, alpha-beta T cell proliferation	2
GO_BP	GO:2000568	positive regulation of memory T cell activation	1
GO_BP	GO:2000570	positive regulation of T-helper 2 cell activation	1
GO_BP	GO:2000573	positive regulation of DNA biosynthetic process	7
GO_BP	GO:2000583	regulation of platelet-derived growth factor receptor-alpha signaling pathway	3
GO_BP	GO:2000584	negative regulation of platelet-derived growth factor receptor-alpha signaling pathway	1
GO_BP	GO:2000587	negative regulation of platelet-derived growth factor receptor-beta signaling pathway	3
GO_BP	GO:2000588	positive regulation of platelet-derived growth factor receptor-beta signaling pathway	2
GO_BP	GO:2000591	positive regulation of metanephric mesenchymal cell migration	1
GO_BP	GO:2000601	positive regulation of Arp2/3 complex-mediated actin nucleation	7
GO_BP	GO:2000611	positive regulation of thyroid hormone generation	2
GO_BP	GO:2000622	regulation of nuclear-transcribed mRNA catabolic process, nonsense-mediated decay	2
GO_BP	GO:2000623	negative regulation of nuclear-transcribed mRNA catabolic process, nonsense-mediated decay	6
GO_BP	GO:2000626	negative regulation of miRNA catabolic process	2
GO_BP	GO:2000627	positive regulation of miRNA catabolic process	4
GO_BP	GO:2000628	regulation of miRNA metabolic process	2
GO_BP	GO:2000630	positive regulation of miRNA metabolic process	2
GO_BP	GO:2000632	negative regulation of pre-miRNA processing	2
GO_BP	GO:2000633	positive regulation of pre-miRNA processing	2
GO_BP	GO:2000635	negative regulation of primary miRNA processing	2
GO_BP	GO:2000636	positive regulation of primary miRNA processing	2
GO_BP	GO:2000637	positive regulation of miRNA-mediated gene silencing	6
GO_BP	GO:2000638	regulation of SREBP signaling pathway	1
GO_BP	GO:2000639	negative regulation of SREBP signaling pathway	1
GO_BP	GO:2000640	positive regulation of SREBP signaling pathway	3
GO_BP	GO:2000641	regulation of early endosome to late endosome transport	7
GO_BP	GO:2000642	negative regulation of early endosome to late endosome transport	2
GO_BP	GO:2000643	positive regulation of early endosome to late endosome transport	8
GO_BP	GO:2000645	negative regulation of receptor catabolic process	1
GO_BP	GO:2000646	positive regulation of receptor catabolic process	4
GO_BP	GO:2000647	negative regulation of stem cell proliferation	1
GO_BP	GO:2000648	positive regulation of stem cell proliferation	4
GO_BP	GO:2000651	positive regulation of sodium ion transmembrane transporter activity	2
GO_BP	GO:2000654	regulation of cellular response to testosterone stimulus	1
GO_BP	GO:2000655	negative regulation of cellular response to testosterone stimulus	1
GO_BP	GO:2000659	regulation of interleukin-1-mediated signaling pathway	1
GO_BP	GO:2000660	negative regulation of interleukin-1-mediated signaling pathway	2
GO_BP	GO:2000669	negative regulation of dendritic cell apoptotic process	3
GO_BP	GO:2000670	positive regulation of dendritic cell apoptotic process	2
GO_BP	GO:2000671	regulation of motor neuron apoptotic process	1
GO_BP	GO:2000672	negative regulation of motor neuron apoptotic process	1
GO_BP	GO:2000675	negative regulation of type B pancreatic cell apoptotic process	4
GO_BP	GO:2000677	regulation of transcription regulatory region DNA binding	4
GO_BP	GO:2000678	negative regulation of transcription regulatory region DNA binding	1
GO_BP	GO:2000679	positive regulation of transcription regulatory region DNA binding	5
GO_BP	GO:2000683	regulation of cellular response to X-ray	1
GO_BP	GO:2000691	negative regulation of cardiac muscle cell myoblast differentiation	1
GO_BP	GO:2000696	regulation of epithelial cell differentiation involved in kidney development	1
GO_BP	GO:2000697	negative regulation of epithelial cell differentiation involved in kidney development	1
GO_BP	GO:2000706	negative regulation of dense core granule biogenesis	1
GO_BP	GO:2000707	positive regulation of dense core granule biogenesis	1
GO_BP	GO:2000719	negative regulation of maintenance of mitotic sister chromatid cohesion, centromeric	1
GO_BP	GO:2000723	negative regulation of cardiac vascular smooth muscle cell differentiation	1
GO_BP	GO:2000724	positive regulation of cardiac vascular smooth muscle cell differentiation	1
GO_BP	GO:2000726	negative regulation of cardiac muscle cell differentiation	4
GO_BP	GO:2000727	positive regulation of cardiac muscle cell differentiation	3
GO_BP	GO:2000729	positive regulation of mesenchymal cell proliferation involved in ureter development	1
GO_BP	GO:2000736	regulation of stem cell differentiation	4
GO_BP	GO:2000737	negative regulation of stem cell differentiation	8
GO_BP	GO:2000738	positive regulation of stem cell differentiation	4
GO_BP	GO:2000739	regulation of mesenchymal stem cell differentiation	2
GO_BP	GO:2000740	negative regulation of mesenchymal stem cell differentiation	2
GO_BP	GO:2000741	positive regulation of mesenchymal stem cell differentiation	5
GO_BP	GO:2000752	regulation of glucosylceramide catabolic process	1
GO_BP	GO:2000753	positive regulation of glucosylceramide catabolic process	1
GO_BP	GO:2000755	positive regulation of sphingomyelin catabolic process	1
GO_BP	GO:2000757	negative regulation of peptidyl-lysine acetylation	2
GO_BP	GO:2000758	positive regulation of peptidyl-lysine acetylation	2
GO_BP	GO:2000765	regulation of cytoplasmic translation	2
GO_BP	GO:2000766	negative regulation of cytoplasmic translation	10
GO_BP	GO:2000767	positive regulation of cytoplasmic translation	10
GO_BP	GO:2000768	positive regulation of nephron tubule epithelial cell differentiation	1
GO_BP	GO:2000772	regulation of cellular senescence	7
GO_BP	GO:2000773	negative regulation of cellular senescence	12
GO_BP	GO:2000774	positive regulation of cellular senescence	8
GO_BP	GO:2000779	regulation of double-strand break repair	5
GO_BP	GO:2000780	negative regulation of double-strand break repair	3
GO_BP	GO:2000781	positive regulation of double-strand break repair	21
GO_BP	GO:2000785	regulation of autophagosome assembly	12
GO_BP	GO:2000786	positive regulation of autophagosome assembly	18
GO_BP	GO:2000791	negative regulation of mesenchymal cell proliferation involved in lung development	2
GO_BP	GO:2000793	cell proliferation involved in heart valve development	1
GO_BP	GO:2000795	negative regulation of epithelial cell proliferation involved in lung morphogenesis	1
GO_BP	GO:2000798	negative regulation of amniotic stem cell differentiation	1
GO_BP	GO:2000805	negative regulation of termination of RNA polymerase II transcription, poly(A)-coupled	2
GO_BP	GO:2000806	positive regulation of termination of RNA polymerase II transcription, poly(A)-coupled	2
GO_BP	GO:2000807	regulation of synaptic vesicle clustering	1
GO_BP	GO:2000810	regulation of bicellular tight junction assembly	3
GO_BP	GO:2000811	negative regulation of anoikis	11
GO_BP	GO:2000812	regulation of barbed-end actin filament capping	1
GO_BP	GO:2000813	negative regulation of barbed-end actin filament capping	3
GO_BP	GO:2000819	regulation of nucleotide-excision repair	4
GO_BP	GO:2000821	regulation of grooming behavior	1
GO_BP	GO:2000822	regulation of behavioral fear response	1
GO_BP	GO:2000826	regulation of heart morphogenesis	1
GO_BP	GO:2000827	mitochondrial RNA surveillance	2
GO_BP	GO:2000836	positive regulation of androgen secretion	1
GO_BP	GO:2000854	positive regulation of corticosterone secretion	1
GO_BP	GO:2000859	negative regulation of aldosterone secretion	1
GO_BP	GO:2000860	positive regulation of aldosterone secretion	1
GO_BP	GO:2000866	positive regulation of estradiol secretion	1
GO_BP	GO:2000870	regulation of progesterone secretion	1
GO_BP	GO:2000972	positive regulation of detection of glucose	1
GO_BP	GO:2000973	regulation of pro-B cell differentiation	2
GO_BP	GO:2000974	negative regulation of pro-B cell differentiation	2
GO_BP	GO:2000975	positive regulation of pro-B cell differentiation	1
GO_BP	GO:2000978	negative regulation of forebrain neuron differentiation	1
GO_BP	GO:2000979	positive regulation of forebrain neuron differentiation	1
GO_BP	GO:2000987	positive regulation of behavioral fear response	3
GO_BP	GO:2001013	epithelial cell proliferation involved in renal tubule morphogenesis	2
GO_BP	GO:2001014	regulation of skeletal muscle cell differentiation	4
GO_BP	GO:2001016	positive regulation of skeletal muscle cell differentiation	3
GO_BP	GO:2001019	positive regulation of retrograde axon cargo transport	1
GO_BP	GO:2001023	regulation of response to drug	1
GO_BP	GO:2001027	negative regulation of endothelial cell chemotaxis	2
GO_BP	GO:2001028	positive regulation of endothelial cell chemotaxis	12
GO_BP	GO:2001032	regulation of double-strand break repair via nonhomologous end joining	1
GO_BP	GO:2001033	negative regulation of double-strand break repair via nonhomologous end joining	5
GO_BP	GO:2001034	positive regulation of double-strand break repair via nonhomologous end joining	14
GO_BP	GO:2001037	positive regulation of tongue muscle cell differentiation	1
GO_BP	GO:2001038	regulation of cellular response to drug	1
GO_BP	GO:2001044	regulation of integrin-mediated signaling pathway	3
GO_BP	GO:2001045	negative regulation of integrin-mediated signaling pathway	3
GO_BP	GO:2001046	positive regulation of integrin-mediated signaling pathway	6
GO_BP	GO:2001054	negative regulation of mesenchymal cell apoptotic process	2
GO_BP	GO:2001057	reactive nitrogen species metabolic process	1
GO_BP	GO:2001076	positive regulation of metanephric ureteric bud development	1
GO_BP	GO:2001107	negative regulation of Rho guanyl-nucleotide exchange factor activity	2
GO_BP	GO:2001111	positive regulation of lens epithelial cell proliferation	1
GO_BP	GO:2001125	negative regulation of translational frameshifting	2
GO_BP	GO:2001135	regulation of endocytic recycling	7
GO_BP	GO:2001136	negative regulation of endocytic recycling	2
GO_BP	GO:2001137	positive regulation of endocytic recycling	6
GO_BP	GO:2001140	positive regulation of phospholipid transport	5
GO_BP	GO:2001141	regulation of RNA biosynthetic process	2
GO_BP	GO:2001150	positive regulation of dipeptide transmembrane transport	2
GO_BP	GO:2001153	positive regulation of renal water transport	1
GO_BP	GO:2001169	regulation of ATP biosynthetic process	1
GO_BP	GO:2001170	negative regulation of ATP biosynthetic process	2
GO_BP	GO:2001171	positive regulation of ATP biosynthetic process	5
GO_BP	GO:2001178	positive regulation of mediator complex assembly	1
GO_BP	GO:2001186	negative regulation of CD8-positive, alpha-beta T cell activation	2
GO_BP	GO:2001189	negative regulation of T cell activation via T cell receptor contact with antigen bound to MHC molecule on antigen presenting cell	2
GO_BP	GO:2001190	positive regulation of T cell activation via T cell receptor contact with antigen bound to MHC molecule on antigen presenting cell	1
GO_BP	GO:2001199	negative regulation of dendritic cell differentiation	1
GO_BP	GO:2001204	regulation of osteoclast development	1
GO_BP	GO:2001205	negative regulation of osteoclast development	2
GO_BP	GO:2001206	positive regulation of osteoclast development	1
GO_BP	GO:2001212	regulation of vasculogenesis	6
GO_BP	GO:2001213	negative regulation of vasculogenesis	1
GO_BP	GO:2001214	positive regulation of vasculogenesis	9
GO_BP	GO:2001222	regulation of neuron migration	13
GO_BP	GO:2001223	negative regulation of neuron migration	4
GO_BP	GO:2001224	positive regulation of neuron migration	10
GO_BP	GO:2001225	regulation of chloride transport	1
GO_BP	GO:2001233	regulation of apoptotic signaling pathway	2
GO_BP	GO:2001234	negative regulation of apoptotic signaling pathway	11
GO_BP	GO:2001235	positive regulation of apoptotic signaling pathway	10
GO_BP	GO:2001236	regulation of extrinsic apoptotic signaling pathway	4
GO_BP	GO:2001237	negative regulation of extrinsic apoptotic signaling pathway	24
GO_BP	GO:2001238	positive regulation of extrinsic apoptotic signaling pathway	22
GO_BP	GO:2001240	negative regulation of extrinsic apoptotic signaling pathway in absence of ligand	13
GO_BP	GO:2001241	positive regulation of extrinsic apoptotic signaling pathway in absence of ligand	4
GO_BP	GO:2001242	regulation of intrinsic apoptotic signaling pathway	5
GO_BP	GO:2001243	negative regulation of intrinsic apoptotic signaling pathway	9
GO_BP	GO:2001244	positive regulation of intrinsic apoptotic signaling pathway	20
GO_BP	GO:2001247	positive regulation of phosphatidylcholine biosynthetic process	1
GO_BP	GO:2001252	positive regulation of chromosome organization	1
GO_BP	GO:2001256	regulation of store-operated calcium entry	10
GO_BP	GO:2001259	positive regulation of cation channel activity	4
GO_BP	GO:2001260	regulation of semaphorin-plexin signaling pathway	1
GO_BP	GO:2001280	positive regulation of unsaturated fatty acid biosynthetic process	2
GO_BP	GO:2001287	negative regulation of caveolin-mediated endocytosis	1
GO_BP	GO:2001288	positive regulation of caveolin-mediated endocytosis	2
GO_BP	GO:2001294	malonyl-CoA catabolic process	3
GO_BP	GO:2001302	lipoxin A4 metabolic process	1
GO_BP	GO:2001303	lipoxin A4 biosynthetic process	2
GO_BP	GO:2001306	lipoxin B4 biosynthetic process	1
GO_BP	GO:2001311	lysobisphosphatidic acid metabolic process	2
GO_BP	GO:7770016	rescue of stalled mitochondrial ribosome	3
GO_BP	GO:7770019	negative regulation of enteroendocrine cell differentiation	1
GO_BP	GO:7770021	intestinal type G enteroendocrine cell differentiation	1
GO_BP	GO:7770022	intestinal type I enteroendocrine cell differentiation	1
GO_BP	GO:7770023	intestinal type L enteroendocrine cell differentiation	1
GO_BP	GO:7770024	intestinal type N enteroendocrine cell differentiation	1
GO_BP	GO:7770025	intestinal type D enteroendocrine cell differentiation	1
Reactome	R-HSA-1059683	Interleukin-6 signaling	10
Reactome	R-HSA-109581	Apoptosis	134
Reactome	R-HSA-109582	Hemostasis	434
Reactome	R-HSA-109606	Intrinsic Pathway for Apoptosis	45
Reactome	R-HSA-109703	PKB-mediated events	2
Reactome	R-HSA-109704	PI3K Cascade	30
Reactome	R-HSA-110056	MAPK3 (ERK1) activation	8
Reactome	R-HSA-110312	Translesion synthesis by REV1	16
Reactome	R-HSA-110313	Translesion synthesis by Y family DNA polymerases bypasses lesions on DNA template	36
Reactome	R-HSA-110314	Recognition of DNA damage by PCNA-containing replication complex	27
Reactome	R-HSA-110320	Translesion Synthesis by POLH	19
Reactome	R-HSA-110328	Recognition and association of DNA glycosylase with site containing an affected pyrimidine	14
Reactome	R-HSA-110329	Cleavage of the damaged pyrimidine	14
Reactome	R-HSA-110330	Recognition and association of DNA glycosylase with site containing an affected purine	10
Reactome	R-HSA-110331	Cleavage of the damaged purine	10
Reactome	R-HSA-110357	Displacement of DNA glycosylase by APEX1	8
Reactome	R-HSA-110362	POLB-Dependent Long Patch Base Excision Repair	6
Reactome	R-HSA-110373	Resolution of AP sites via the multiple-nucleotide patch replacement pathway	21
Reactome	R-HSA-110381	Resolution of AP sites via the single-nucleotide replacement pathway	3
Reactome	R-HSA-111367	SLBP independent Processing of Histone Pre-mRNAs	9
Reactome	R-HSA-111446	Activation of BIM and translocation to mitochondria	2
Reactome	R-HSA-111447	Activation of BAD and translocation to mitochondria	13
Reactome	R-HSA-111448	Activation of NOXA and translocation to mitochondria	4
Reactome	R-HSA-111452	Activation and oligomerization of BAK protein	2
Reactome	R-HSA-111453	BH3-only proteins associate with and inactivate anti-apoptotic BCL-2 members	8
Reactome	R-HSA-111457	Release of apoptotic factors from the mitochondria	4
Reactome	R-HSA-111458	Formation of apoptosome	9
Reactome	R-HSA-111459	Activation of caspases through apoptosome-mediated cleavage	5
Reactome	R-HSA-111461	Cytochrome c-mediated apoptotic response	11
Reactome	R-HSA-111463	SMAC (DIABLO) binds to IAPs	6
Reactome	R-HSA-111464	SMAC(DIABLO)-mediated dissociation of IAP:caspase complexes	6
Reactome	R-HSA-111465	Apoptotic cleavage of cellular proteins	31
Reactome	R-HSA-111469	SMAC, XIAP-regulated apoptotic response	6
Reactome	R-HSA-111471	Apoptotic factor-mediated response	15
Reactome	R-HSA-111885	Opioid Signalling	79
Reactome	R-HSA-111931	PKA-mediated phosphorylation of CREB	17
Reactome	R-HSA-111932	CaMK IV-mediated phosphorylation of CREB	8
Reactome	R-HSA-111933	Calmodulin induced events	30
Reactome	R-HSA-111957	Cam-PDE 1 activation	4
Reactome	R-HSA-111995	phospho-PLA2 pathway	2
Reactome	R-HSA-111996	Ca-dependent events	32
Reactome	R-HSA-111997	CaM pathway	30
Reactome	R-HSA-112040	G-protein mediated events	46
Reactome	R-HSA-112043	PLC beta mediated events	42
Reactome	R-HSA-112122	ALKBH2 mediated reversal of alkylation damage	1
Reactome	R-HSA-112126	ALKBH3 mediated reversal of alkylation damage	4
Reactome	R-HSA-112303	Electric Transmission Across Gap Junctions	4
Reactome	R-HSA-112307	Transmission across Electrical Synapses	4
Reactome	R-HSA-112308	Presynaptic depolarization and calcium channel opening	12
Reactome	R-HSA-112310	Neurotransmitter release cycle	46
Reactome	R-HSA-112311	Neurotransmitter clearance	5
Reactome	R-HSA-112313	Neurotransmitter uptake and metabolism In glial cells	4
Reactome	R-HSA-112314	Neurotransmitter receptors and postsynaptic signal transmission	161
Reactome	R-HSA-112315	Transmission across Chemical Synapses	219
Reactome	R-HSA-112316	Neuronal System	336
Reactome	R-HSA-112382	Formation of RNA Pol II elongation complex	49
Reactome	R-HSA-112399	IRS-mediated signalling	33
Reactome	R-HSA-112409	RAF-independent MAPK1/3 activation	17
Reactome	R-HSA-112411	MAPK1 (ERK2) activation	8
Reactome	R-HSA-112412	SOS-mediated signalling	6
Reactome	R-HSA-113418	Formation of the Early Elongation Complex	25
Reactome	R-HSA-113501	Inhibition of replication initiation of damaged DNA by RB1/E2F1	12
Reactome	R-HSA-113507	E2F-enabled inhibition of pre-replication complex formation	6
Reactome	R-HSA-113510	E2F mediated regulation of DNA replication	18
Reactome	R-HSA-114294	Activation, translocation and oligomerization of BAX	2
Reactome	R-HSA-114452	Activation of BH3-only proteins	26
Reactome	R-HSA-114508	Effects of PIP2 hydrolysis	27
Reactome	R-HSA-114516	Disinhibition of SNARE formation	5
Reactome	R-HSA-114604	GPVI-mediated activation cascade	30
Reactome	R-HSA-114608	Platelet degranulation	94
Reactome	R-HSA-1168372	Downstream signaling events of B Cell Receptor (BCR)	59
Reactome	R-HSA-1169091	Activation of NF-kappaB in B cells	47
Reactome	R-HSA-1169092	Activation of RAS in B cells	4
Reactome	R-HSA-1169408	ISG15 antiviral mechanism	61
Reactome	R-HSA-1169410	Antimicrobial mechanism of IFN-stimulated genes	159
Reactome	R-HSA-1170546	Prolactin receptor signaling	11
Reactome	R-HSA-1181150	Signaling by NODAL	14
Reactome	R-HSA-1187000	Fertilization	6
Reactome	R-HSA-1221632	Meiotic synapsis	25
Reactome	R-HSA-1222499	Latent infection - Other responses of Mtb to phagocytosis	2
Reactome	R-HSA-1222541	Cell redox homeostasis	2
Reactome	R-HSA-1222556	ROS and RNS production in phagocytes	26
Reactome	R-HSA-1226099	Signaling by FGFR in disease	49
Reactome	R-HSA-1227986	Signaling by ERBB2	44
Reactome	R-HSA-1227990	Signaling by ERBB2 in Cancer	24
Reactome	R-HSA-1234158	Regulation of gene expression by Hypoxia-inducible Factor	9
Reactome	R-HSA-1234174	Cellular response to hypoxia	53
Reactome	R-HSA-1234176	Oxygen-dependent proline hydroxylation of Hypoxia-inducible Factor Alpha	46
Reactome	R-HSA-1236382	Constitutive Signaling by Ligand-Responsive EGFR Cancer Variants	18
Reactome	R-HSA-1236394	Signaling by ERBB4	53
Reactome	R-HSA-1236973	Cross-presentation of particulate exogenous antigens (phagosomes)	7
Reactome	R-HSA-1236974	ER-Phagosome pathway	55
Reactome	R-HSA-1236975	Antigen processing-Cross presentation	66
Reactome	R-HSA-1236977	Endosomal/Vacuolar pathway	2
Reactome	R-HSA-1236978	Cross-presentation of soluble exogenous antigens (endosomes)	31
Reactome	R-HSA-1237044	Erythrocytes take up carbon dioxide and release oxygen	6
Reactome	R-HSA-1237112	Methionine salvage pathway	5
Reactome	R-HSA-1247673	Erythrocytes take up oxygen and release carbon dioxide	3
Reactome	R-HSA-1250196	SHC1 events in ERBB2 signaling	20
Reactome	R-HSA-1250342	PI3K events in ERBB4 signaling	9
Reactome	R-HSA-1250347	SHC1 events in ERBB4 signaling	12
Reactome	R-HSA-1251932	PLCG1 events in ERBB2 signaling	4
Reactome	R-HSA-1251985	Nuclear signaling by ERBB4	28
Reactome	R-HSA-1253288	Downregulation of ERBB4 signaling	8
Reactome	R-HSA-1257604	PIP3 activates AKT signaling	215
Reactome	R-HSA-1266695	Interleukin-7 signaling	16
Reactome	R-HSA-1266738	Developmental Biology	923
Reactome	R-HSA-1268020	Mitochondrial protein import	48
Reactome	R-HSA-1280215	Cytokine Signaling in Immune system	507
Reactome	R-HSA-1280218	Adaptive Immune System	703
Reactome	R-HSA-1295596	Spry regulation of FGF signaling	15
Reactome	R-HSA-1296025	ATP sensitive Potassium channels	4
Reactome	R-HSA-1296041	Activation of G protein gated Potassium channels	24
Reactome	R-HSA-1296052	Ca2+ activated K+ channels	7
Reactome	R-HSA-1296053	Classical Kir channels	3
Reactome	R-HSA-1296059	G protein gated Potassium channels	24
Reactome	R-HSA-1296061	HCN channels	3
Reactome	R-HSA-1296065	Inwardly rectifying K+ channels	29
Reactome	R-HSA-1296067	Potassium transport channels	2
Reactome	R-HSA-1296071	Potassium Channels	81
Reactome	R-HSA-1296072	Voltage gated Potassium channels	34
Reactome	R-HSA-1296346	Tandem pore domain potassium channels	8
Reactome	R-HSA-1299287	Tandem pore domain halothane-inhibited K+ channel (THIK)	1
Reactome	R-HSA-1299308	Tandem of pore domain in a weak inwardly rectifying K+ channels (TWIK)	2
Reactome	R-HSA-1299316	TWIK-releated acid-sensitive K+ channel (TASK)	2
Reactome	R-HSA-1299503	TWIK related potassium channel (TREK)	3
Reactome	R-HSA-1300642	Sperm Motility And Taxes	2
Reactome	R-HSA-1300645	Acrosome Reaction and Sperm:Oocyte Membrane Binding	2
Reactome	R-HSA-1306955	GRB7 events in ERBB2 signaling	5
Reactome	R-HSA-1358803	Downregulation of ERBB2:ERBB3 signaling	12
Reactome	R-HSA-1362277	Transcription of E2F targets under negative control by DREAM complex	17
Reactome	R-HSA-1362300	Transcription of E2F targets under negative control by p107 (RBL1) and p130 (RBL2) in complex with HDAC1	14
Reactome	R-HSA-1362409	Mitochondrial iron-sulfur cluster biogenesis	9
Reactome	R-HSA-1368108	BMAL1:CLOCK,NPAS2 activates circadian expression	24
Reactome	R-HSA-1369007	Mitochondrial ABC transporters	3
Reactome	R-HSA-1369062	ABC transporters in lipid homeostasis	13
Reactome	R-HSA-139853	Elevation of cytosolic Ca2+ levels	13
Reactome	R-HSA-139910	Activation of BMF and translocation to mitochondria	3
Reactome	R-HSA-139915	Activation of PUMA and translocation to mitochondria	9
Reactome	R-HSA-140179	Amine Oxidase reactions	4
Reactome	R-HSA-140180	COX reactions	1
Reactome	R-HSA-140342	Apoptosis induced DNA fragmentation	9
Reactome	R-HSA-140534	Caspase activation via Death Receptors in the presence of ligand	10
Reactome	R-HSA-141333	Biogenic amines are oxidatively deaminated to aldehydes by MAOA and MAOB	2
Reactome	R-HSA-141334	PAOs oxidise polyamines to amines	2
Reactome	R-HSA-141405	Inhibition of the proteolytic activity of APC/C required for the onset of anaphase by mitotic spindle checkpoint components	17
Reactome	R-HSA-141424	Amplification of signal from the kinetochores	62
Reactome	R-HSA-141430	Inactivation of APC/C via direct inhibition of the APC/C complex	17
Reactome	R-HSA-141444	Amplification  of signal from unattached  kinetochores via a MAD2  inhibitory signal	62
Reactome	R-HSA-1428517	Aerobic respiration and respiratory electron transport	216
Reactome	R-HSA-1430728	Metabolism	1564
Reactome	R-HSA-1433557	Signaling by SCF-KIT	38
Reactome	R-HSA-1433559	Regulation of KIT signaling	15
Reactome	R-HSA-1433617	Regulation of signaling by NODAL	5
Reactome	R-HSA-1442490	Collagen degradation	38
Reactome	R-HSA-1445148	Translocation of SLC2A4 (GLUT4) to the plasma membrane	60
Reactome	R-HSA-1461957	Beta defensins	2
Reactome	R-HSA-1461973	Defensins	2
Reactome	R-HSA-1474151	Tetrahydrobiopterin (BH4) synthesis, recycling, salvage and regulation	8
Reactome	R-HSA-1474165	Reproduction	54
Reactome	R-HSA-1474228	Degradation of the extracellular matrix	88
Reactome	R-HSA-1474244	Extracellular matrix organization	221
Reactome	R-HSA-1474290	Collagen formation	67
Reactome	R-HSA-1475029	Reversible hydration of carbon dioxide	7
Reactome	R-HSA-1480926	O2/CO2 exchange in erythrocytes	6
Reactome	R-HSA-1482788	Acyl chain remodelling of PC	13
Reactome	R-HSA-1482798	Acyl chain remodeling of CL	6
Reactome	R-HSA-1482801	Acyl chain remodelling of PS	12
Reactome	R-HSA-1482839	Acyl chain remodelling of PE	14
Reactome	R-HSA-1482883	Acyl chain remodeling of DAG and TAG	4
Reactome	R-HSA-1482922	Acyl chain remodelling of PI	6
Reactome	R-HSA-1482925	Acyl chain remodelling of PG	7
Reactome	R-HSA-1483076	Synthesis of CL	1
Reactome	R-HSA-1483101	Synthesis of PS	1
Reactome	R-HSA-1483115	Hydrolysis of LPC	4
Reactome	R-HSA-1483148	Synthesis of PG	8
Reactome	R-HSA-1483152	Hydrolysis of LPE	1
Reactome	R-HSA-1483166	Synthesis of PA	23
Reactome	R-HSA-1483191	Synthesis of PC	21
Reactome	R-HSA-1483196	PI and PC transport between ER and Golgi membranes	1
Reactome	R-HSA-1483206	Glycerophospholipid biosynthesis	91
Reactome	R-HSA-1483213	Synthesis of PE	10
Reactome	R-HSA-1483226	Synthesis of PI	5
Reactome	R-HSA-1483248	Synthesis of PIPs at the ER membrane	5
Reactome	R-HSA-1483249	Inositol phosphate metabolism	65
Reactome	R-HSA-1483255	PI Metabolism	73
Reactome	R-HSA-1483257	Phospholipid metabolism	163
Reactome	R-HSA-1489509	DAG and IP3 signaling	36
Reactome	R-HSA-1500620	Meiosis	43
Reactome	R-HSA-1500931	Cell-Cell communication	238
Reactome	R-HSA-1502540	Signaling by Activin	14
Reactome	R-HSA-1538133	G0 and Early G1	22
Reactome	R-HSA-156580	Phase II - Conjugation of compounds	43
Reactome	R-HSA-156581	Methylation	10
Reactome	R-HSA-156584	Cytosolic sulfonation of small molecules	8
Reactome	R-HSA-156588	Glucuronidation	5
Reactome	R-HSA-156590	Glutathione conjugation	21
Reactome	R-HSA-1566948	Elastic fibre formation	36
Reactome	R-HSA-1566977	Fibronectin matrix formation	12
Reactome	R-HSA-156711	Polo-like kinase mediated events	11
Reactome	R-HSA-156827	L13a-mediated translational silencing of Ceruloplasmin expression	66
Reactome	R-HSA-156842	Eukaryotic Translation Elongation	51
Reactome	R-HSA-156902	Peptide chain elongation	49
Reactome	R-HSA-157118	Signaling by NOTCH	151
Reactome	R-HSA-157579	Telomere Maintenance	55
Reactome	R-HSA-157858	Gap junction trafficking and regulation	28
Reactome	R-HSA-15869	Metabolism of nucleotides	79
Reactome	R-HSA-1592230	Mitochondrial biogenesis	83
Reactome	R-HSA-159227	Transport of the SLBP independent Mature mRNA	30
Reactome	R-HSA-159230	Transport of the SLBP Dependant Mature mRNA	31
Reactome	R-HSA-159231	Transport of Mature mRNA Derived from an Intronless Transcript	35
Reactome	R-HSA-159234	Transport of Mature mRNAs Derived from Intronless Transcripts	36
Reactome	R-HSA-159236	Transport of Mature mRNA derived from an Intron-Containing Transcript	61
Reactome	R-HSA-1592389	Activation of Matrix Metalloproteinases	12
Reactome	R-HSA-159418	Recycling of bile acids and salts	5
Reactome	R-HSA-159740	Gamma-carboxylation of protein precursors	4
Reactome	R-HSA-159763	Transport of gamma-carboxylated protein precursors from the endoplasmic reticulum to the Golgi apparatus	3
Reactome	R-HSA-159782	Removal of aminoterminal propeptides from gamma-carboxylated proteins	4
Reactome	R-HSA-159854	Gamma-carboxylation, transport, and amino-terminal cleavage of proteins	5
Reactome	R-HSA-1606322	ZBP1(DAI) mediated induction of type I IFNs	17
Reactome	R-HSA-1606341	IRF3 mediated activation of type 1 IFN	3
Reactome	R-HSA-1614517	Sulfide oxidation to sulfate	5
Reactome	R-HSA-1614558	Degradation of cysteine and homocysteine	13
Reactome	R-HSA-1614603	Cysteine formation from homocysteine	2
Reactome	R-HSA-1614635	Sulfur amino acid metabolism	21
Reactome	R-HSA-162582	Signal Transduction	1894
Reactome	R-HSA-162585	Uncoating of the HIV Virion	1
Reactome	R-HSA-162587	HIV Life Cycle	125
Reactome	R-HSA-162588	Budding and maturation of HIV virion	24
Reactome	R-HSA-162589	Reverse Transcription of HIV RNA	1
Reactome	R-HSA-162592	Integration of provirus	9
Reactome	R-HSA-162594	Early Phase of HIV Life Cycle	13
Reactome	R-HSA-162599	Late Phase of HIV Life Cycle	113
Reactome	R-HSA-162658	Golgi Cisternae Pericentriolar Stack Reorganization	10
Reactome	R-HSA-162699	Synthesis of dolichyl-phosphate mannose	3
Reactome	R-HSA-162710	Synthesis of glycosylphosphatidylinositol (GPI)	15
Reactome	R-HSA-162791	Attachment of GPI anchor to uPAR	6
Reactome	R-HSA-162906	HIV Infection	179
Reactome	R-HSA-162909	Host Interactions of HIV factors	98
Reactome	R-HSA-1630316	Glycosaminoglycan metabolism	113
Reactome	R-HSA-163125	Post-translational modification: synthesis of GPI-anchored proteins	47
Reactome	R-HSA-163210	Formation of ATP by chemiosmotic coupling	17
Reactome	R-HSA-163282	Mitochondrial transcription initiation	3
Reactome	R-HSA-1632852	Macroautophagy	115
Reactome	R-HSA-163358	PKA-mediated phosphorylation of key metabolic factors	2
Reactome	R-HSA-163359	Glucagon signaling in metabolic regulation	26
Reactome	R-HSA-163560	Triglyceride catabolism	13
Reactome	R-HSA-163615	PKA activation	15
Reactome	R-HSA-163680	AMPK inhibits chREBP transcriptional activation activity	6
Reactome	R-HSA-163685	Integration of energy metabolism	87
Reactome	R-HSA-163754	Insulin effects increased synthesis of Xylulose-5-Phosphate	2
Reactome	R-HSA-163765	ChREBP activates metabolic gene expression	5
Reactome	R-HSA-163767	PP2A-mediated dephosphorylation of key metabolic factors	6
Reactome	R-HSA-1638074	Keratan sulfate/keratin metabolism	27
Reactome	R-HSA-1638091	Heparan sulfate/heparin (HS-GAG) metabolism	35
Reactome	R-HSA-163841	Gamma carboxylation, hypusinylation, hydroxylation, and arylsulfatase activation	46
Reactome	R-HSA-1640170	Cell Cycle	475
Reactome	R-HSA-1643685	Disease	1531
Reactome	R-HSA-1643713	Signaling by EGFR in Cancer	21
Reactome	R-HSA-164378	PKA activation in glucagon signalling	13
Reactome	R-HSA-164516	Minus-strand DNA synthesis	1
Reactome	R-HSA-164525	Plus-strand DNA synthesis	1
Reactome	R-HSA-164843	2-LTR circle formation	7
Reactome	R-HSA-164938	Nef-mediates down modulation of cell surface receptors by recruiting them to clathrin adapters	14
Reactome	R-HSA-164939	Nef mediated downregulation of CD28 cell surface expression	1
Reactome	R-HSA-164940	Nef mediated downregulation of MHC class I complex cell surface expression	7
Reactome	R-HSA-164944	Nef and signal transduction	7
Reactome	R-HSA-164952	The role of Nef in HIV-1 replication and disease pathogenesis	20
Reactome	R-HSA-165054	Rev-mediated nuclear export of HIV RNA	31
Reactome	R-HSA-1650814	Collagen biosynthesis and modifying enzymes	52
Reactome	R-HSA-165158	Activation of AKT2	3
Reactome	R-HSA-165159	MTOR signalling	46
Reactome	R-HSA-165160	PDE3B signalling	2
Reactome	R-HSA-165181	Inhibition of TSC complex formation by AKT (PKB)	4
Reactome	R-HSA-1655829	Regulation of cholesterol biosynthesis by SREBP (SREBF)	50
Reactome	R-HSA-166016	Toll Like Receptor 4 (TLR4) Cascade	120
Reactome	R-HSA-166020	Transfer of LPS from LBP carrier to CD14	2
Reactome	R-HSA-1660499	Synthesis of PIPs at the plasma membrane	47
Reactome	R-HSA-1660514	Synthesis of PIPs at the Golgi membrane	16
Reactome	R-HSA-1660516	Synthesis of PIPs at the early endosome membrane	15
Reactome	R-HSA-1660517	Synthesis of PIPs at the late endosome membrane	10
Reactome	R-HSA-166058	MyD88:MAL(TIRAP) cascade initiated on plasma membrane	96
Reactome	R-HSA-1660661	Sphingolipid de novo biosynthesis	31
Reactome	R-HSA-1660662	Glycosphingolipid metabolism	38
Reactome	R-HSA-166166	MyD88-independent TLR4 cascade	95
Reactome	R-HSA-166187	Mitochondrial Uncoupling	6
Reactome	R-HSA-166208	mTORC1-mediated signalling	20
Reactome	R-HSA-1663150	The activation of arylsulfatases	7
Reactome	R-HSA-166520	Signaling by NTRKs	119
Reactome	R-HSA-166658	Complement cascade	14
Reactome	R-HSA-166663	Initial triggering of complement	6
Reactome	R-HSA-166665	Terminal pathway of complement	2
Reactome	R-HSA-166786	Creation of C4 and C2 activators	3
Reactome	R-HSA-167021	PLC-gamma1 signalling	2
Reactome	R-HSA-167044	Signalling to RAS	15
Reactome	R-HSA-167060	NGF processing	4
Reactome	R-HSA-167152	Formation of HIV elongation complex in the absence of HIV Tat	36
Reactome	R-HSA-167158	Formation of the HIV-1 Early Elongation Complex	25
Reactome	R-HSA-167160	RNA Pol II CTD phosphorylation and interaction with CE during HIV infection	21
Reactome	R-HSA-167161	HIV Transcription Initiation	35
Reactome	R-HSA-167162	RNA Polymerase II HIV Promoter Escape	35
Reactome	R-HSA-167169	HIV Transcription Elongation	34
Reactome	R-HSA-167172	Transcription of the HIV genome	55
Reactome	R-HSA-167200	Formation of HIV-1 elongation complex containing HIV-1 Tat	34
Reactome	R-HSA-167238	Pausing and recovery of Tat-mediated HIV elongation	26
Reactome	R-HSA-167242	Abortive elongation of HIV-1 transcript in the absence of Tat	19
Reactome	R-HSA-167243	Tat-mediated HIV elongation arrest and recovery	26
Reactome	R-HSA-167246	Tat-mediated elongation of the HIV-1 transcript	34
Reactome	R-HSA-167287	HIV elongation arrest and recovery	28
Reactome	R-HSA-167290	Pausing and recovery of HIV elongation	28
Reactome	R-HSA-167590	Nef Mediated CD4 Down-regulation	7
Reactome	R-HSA-167826	The fatty acid cycling model	4
Reactome	R-HSA-1679131	Trafficking and processing of endosomal TLR	9
Reactome	R-HSA-168138	Toll Like Receptor 9 (TLR9) Cascade	96
Reactome	R-HSA-168142	Toll Like Receptor 10 (TLR10) Cascade	85
Reactome	R-HSA-168164	Toll Like Receptor 3 (TLR3) Cascade	93
Reactome	R-HSA-168176	Toll Like Receptor 5 (TLR5) Cascade	85
Reactome	R-HSA-168179	Toll Like Receptor TLR1:TLR2 Cascade	96
Reactome	R-HSA-168181	Toll Like Receptor 7/8 (TLR7/8) Cascade	92
Reactome	R-HSA-168188	Toll Like Receptor TLR6:TLR2 Cascade	96
Reactome	R-HSA-168249	Innate Immune System	646
Reactome	R-HSA-168255	Influenza Infection	105
Reactome	R-HSA-168256	Immune System	1441
Reactome	R-HSA-168268	Virus Assembly and Release	1
Reactome	R-HSA-168271	Transport of Ribonucleoproteins into the Host Nucleus	28
Reactome	R-HSA-168273	Influenza Viral RNA Transcription and Replication	91
Reactome	R-HSA-168274	Export of Viral Ribonucleoproteins from Nucleus	28
Reactome	R-HSA-168275	Entry of Influenza Virion into Host Cell via Endocytosis	2
Reactome	R-HSA-168276	NS1 Mediated Effects on Host Pathways	34
Reactome	R-HSA-168277	Influenza Virus Induced Apoptosis	1
Reactome	R-HSA-168315	Inhibition of Host mRNA Processing and RNA Silencing	2
Reactome	R-HSA-168316	Assembly of Viral Components at the Budding Site	1
Reactome	R-HSA-168325	Viral Messenger RNA Synthesis	38
Reactome	R-HSA-168333	NEP/NS2 Interacts with the Cellular Export Machinery	28
Reactome	R-HSA-168638	NOD1/2 Signaling Pathway	31
Reactome	R-HSA-168643	Nucleotide-binding domain, leucine rich repeat containing receptor (NLR) signaling pathways	49
Reactome	R-HSA-168799	Neurotoxicity of clostridium toxins	10
Reactome	R-HSA-168898	Toll-like Receptor Cascades	136
Reactome	R-HSA-168927	TICAM1, RIP1-mediated IKK complex recruitment	16
Reactome	R-HSA-168928	DDX58/IFIH1-mediated induction of interferon-alpha/beta	54
Reactome	R-HSA-169131	Inhibition of PKR	1
Reactome	R-HSA-169893	Prolonged ERK activation events	13
Reactome	R-HSA-169911	Regulation of Apoptosis	35
Reactome	R-HSA-170660	Adenylate cyclase activating pathway	9
Reactome	R-HSA-170670	Adenylate cyclase inhibitory pathway	12
Reactome	R-HSA-170822	Regulation of Glucokinase by Glucokinase Regulatory Protein	27
Reactome	R-HSA-170834	Signaling by TGF-beta Receptor Complex	85
Reactome	R-HSA-170968	Frs2-mediated activation	11
Reactome	R-HSA-170984	ARMS-mediated activation	6
Reactome	R-HSA-171007	p38MAPK events	10
Reactome	R-HSA-171286	Synthesis and processing of ENV and VPU	1
Reactome	R-HSA-171306	Packaging Of Telomere Ends	7
Reactome	R-HSA-171319	Telomere Extension By Telomerase	17
Reactome	R-HSA-173107	Binding and entry of HIV virion	3
Reactome	R-HSA-173599	Formation of the active cofactor, UDP-glucuronate	4
Reactome	R-HSA-173623	Classical antibody-mediated complement activation	3
Reactome	R-HSA-173736	Alternative complement activation	3
Reactome	R-HSA-174048	APC/C:Cdc20 mediated degradation of Cyclin B	18
Reactome	R-HSA-174084	Autodegradation of Cdh1 by Cdh1:APC/C	46
Reactome	R-HSA-174113	SCF-beta-TrCP mediated degradation of Emi1	36
Reactome	R-HSA-174143	APC/C-mediated degradation of cell cycle proteins	61
Reactome	R-HSA-174154	APC/C:Cdc20 mediated degradation of Securin	45
Reactome	R-HSA-174178	APC/C:Cdh1 mediated degradation of Cdc20 and other APC/C:Cdh1 targeted proteins in late mitosis/early G1	50
Reactome	R-HSA-174184	Cdc20:Phospho-APC/C mediated degradation of Cyclin A	49
Reactome	R-HSA-174362	Transport and metabolism of PAPS	7
Reactome	R-HSA-174403	Glutathione synthesis and recycling	10
Reactome	R-HSA-174411	Polymerase switching on the C-strand of the telomere	20
Reactome	R-HSA-174414	Processive synthesis on the C-strand of the telomere	16
Reactome	R-HSA-174417	Telomere C-strand (Lagging Strand) Synthesis	28
Reactome	R-HSA-174430	Telomere C-strand synthesis initiation	10
Reactome	R-HSA-174437	Removal of the Flap Intermediate from the C-strand	14
Reactome	R-HSA-174490	Membrane binding and targetting of GAG proteins	13
Reactome	R-HSA-174495	Synthesis And Processing Of GAG, GAGPOL Polyproteins	13
Reactome	R-HSA-174577	Activation of C3 and C5	2
Reactome	R-HSA-174824	Plasma lipoprotein assembly, remodeling, and clearance	50
Reactome	R-HSA-175474	Assembly Of The HIV Virion	15
Reactome	R-HSA-175567	Integration of viral DNA into host genomic DNA	3
Reactome	R-HSA-176033	Interactions of Vpr with host cellular proteins	32
Reactome	R-HSA-176034	Interactions of Tat with host cellular proteins	2
Reactome	R-HSA-176187	Activation of ATR in response to replication stress	31
Reactome	R-HSA-176407	Conversion from APC/C:Cdc20 to APC/C:Cdh1 in late anaphase	16
Reactome	R-HSA-176408	Regulation of APC/C activators between G1/S and early anaphase	56
Reactome	R-HSA-176409	APC/C:Cdc20 mediated degradation of mitotic proteins	50
Reactome	R-HSA-176412	Phosphorylation of the APC/C	15
Reactome	R-HSA-176417	Phosphorylation of Emi1	3
Reactome	R-HSA-176814	Activation of APC/C and APC/C:Cdc20 mediated degradation of mitotic proteins	51
Reactome	R-HSA-176974	Unwinding of DNA	10
Reactome	R-HSA-177243	Interactions of Rev with host cellular proteins	32
Reactome	R-HSA-177504	Retrograde neurotrophin signalling	11
Reactome	R-HSA-177539	Autointegration results in viral DNA circles	3
Reactome	R-HSA-177929	Signaling by EGFR	44
Reactome	R-HSA-1793185	Chondroitin sulfate/dermatan sulfate metabolism	31
Reactome	R-HSA-179409	APC-Cdc20 mediated degradation of Nek2A	22
Reactome	R-HSA-179419	APC:Cdc20 mediated degradation of cell cycle proteins prior to satisfation of the cell cycle checkpoint	50
Reactome	R-HSA-179812	GRB2 events in EGFR signaling	9
Reactome	R-HSA-1799339	SRP-dependent cotranslational protein targeting to membrane	69
Reactome	R-HSA-180024	DARPP-32 events	21
Reactome	R-HSA-180292	GAB1 signalosome	13
Reactome	R-HSA-180336	SHC1 events in EGFR signaling	10
Reactome	R-HSA-180534	Vpu mediated degradation of CD4	33
Reactome	R-HSA-180585	Vif-mediated degradation of APOBEC3G	35
Reactome	R-HSA-180689	APOBEC3G mediated resistance to HIV-1 infection	4
Reactome	R-HSA-180746	Nuclear import of Rev protein	29
Reactome	R-HSA-180786	Extension of Telomeres	41
Reactome	R-HSA-180897	Vpr-mediated induction of apoptosis by mitochondrial outer membrane permeabilization	2
Reactome	R-HSA-180910	Vpr-mediated nuclear import of PICs	30
Reactome	R-HSA-1810476	RIP-mediated NFkB activation via ZBP1	14
Reactome	R-HSA-181429	Serotonin Neurotransmitter Release Cycle	17
Reactome	R-HSA-181430	Norepinephrine Neurotransmitter Release Cycle	15
Reactome	R-HSA-181431	Acetylcholine binding and downstream events	6
Reactome	R-HSA-181438	Toll Like Receptor 2 (TLR2) Cascade	96
Reactome	R-HSA-182218	Nef Mediated CD8 Down-regulation	5
Reactome	R-HSA-182971	EGFR downregulation	26
Reactome	R-HSA-1834941	STING mediated induction of host immune responses	12
Reactome	R-HSA-1834949	Cytosolic sensors of pathogen-associated DNA	50
Reactome	R-HSA-1839117	Signaling by cytosolic FGFR1 fusion mutants	17
Reactome	R-HSA-1839120	Signaling by FGFR1 amplification mutants	1
Reactome	R-HSA-1839122	Signaling by activated point mutants of FGFR1	5
Reactome	R-HSA-1839124	FGFR1 mutant receptor activation	24
Reactome	R-HSA-1839126	FGFR2 mutant receptor activation	22
Reactome	R-HSA-1839130	Signaling by activated point mutants of FGFR3	6
Reactome	R-HSA-1852241	Organelle biogenesis and maintenance	272
Reactome	R-HSA-1855167	Synthesis of pyrophosphates in the cytosol	6
Reactome	R-HSA-1855170	IPs transport between nucleus and cytosol	26
Reactome	R-HSA-1855183	Synthesis of IP2, IP, and Ins in the cytosol	12
Reactome	R-HSA-1855191	Synthesis of IPs in the nucleus	4
Reactome	R-HSA-1855196	IP3 and IP4 transport between cytosol and nucleus	26
Reactome	R-HSA-1855204	Synthesis of IP3 and IP4 in the cytosol	22
Reactome	R-HSA-1855229	IP6 and IP7 transport between cytosol and nucleus	26
Reactome	R-HSA-1855231	Synthesis of IPs in the ER lumen	1
Reactome	R-HSA-186712	Regulation of beta-cell development	23
Reactome	R-HSA-186763	Downstream signal transduction	27
Reactome	R-HSA-186797	Signaling by PDGF	48
Reactome	R-HSA-187015	Activation of TRKA receptors	5
Reactome	R-HSA-187024	NGF-independant TRKA activation	4
Reactome	R-HSA-187037	Signaling by NTRK1 (TRKA)	101
Reactome	R-HSA-187042	TRKA activation by NGF	1
Reactome	R-HSA-187577	SCF(Skp2)-mediated degradation of p27/p21	43
Reactome	R-HSA-187687	Signalling to ERKs	29
Reactome	R-HSA-187706	Signalling to p38 via RIT and RIN	4
Reactome	R-HSA-189200	Cellular hexose transport	6
Reactome	R-HSA-189445	Metabolism of porphyrins	16
Reactome	R-HSA-189451	Heme biosynthesis	11
Reactome	R-HSA-189483	Heme degradation	5
Reactome	R-HSA-190236	Signaling by FGFR	66
Reactome	R-HSA-190239	FGFR3 ligand binding and activation	7
Reactome	R-HSA-190241	FGFR2 ligand binding and activation	10
Reactome	R-HSA-190242	FGFR1 ligand binding and activation	9
Reactome	R-HSA-190322	FGFR4 ligand binding and activation	4
Reactome	R-HSA-190370	FGFR1b ligand binding and activation	6
Reactome	R-HSA-190371	FGFR3b ligand binding and activation	4
Reactome	R-HSA-190372	FGFR3c ligand binding and activation	7
Reactome	R-HSA-190373	FGFR1c ligand binding and activation	7
Reactome	R-HSA-190374	FGFR1c and Klotho ligand binding and activation	2
Reactome	R-HSA-190375	FGFR2c ligand binding and activation	6
Reactome	R-HSA-190377	FGFR2b ligand binding and activation	7
Reactome	R-HSA-190704	Oligomerization of connexins into connexons	3
Reactome	R-HSA-190827	Transport of connexins along the secretory pathway	3
Reactome	R-HSA-190828	Gap junction trafficking	28
Reactome	R-HSA-190840	Microtubule-dependent trafficking of connexons from Golgi to the plasma membrane	12
Reactome	R-HSA-190861	Gap junction assembly	19
Reactome	R-HSA-190872	Transport of connexons to the plasma membrane	13
Reactome	R-HSA-190873	Gap junction degradation	10
Reactome	R-HSA-1912399	Pre-NOTCH Processing in the Endoplasmic Reticulum	5
Reactome	R-HSA-1912408	Pre-NOTCH Transcription and Translation	33
Reactome	R-HSA-1912420	Pre-NOTCH Processing in Golgi	17
Reactome	R-HSA-1912422	Pre-NOTCH Expression and Processing	49
Reactome	R-HSA-191273	Cholesterol biosynthesis	22
Reactome	R-HSA-191650	Regulation of gap junction activity	1
Reactome	R-HSA-191859	snRNP Assembly	47
Reactome	R-HSA-192105	Synthesis of bile acids and bile salts	20
Reactome	R-HSA-192814	vRNA Synthesis	1
Reactome	R-HSA-192823	Viral mRNA Translation	50
Reactome	R-HSA-192905	vRNP Assembly	2
Reactome	R-HSA-193048	Androgen biosynthesis	4
Reactome	R-HSA-193144	Estrogen biosynthesis	1
Reactome	R-HSA-193368	Synthesis of bile acids and bile salts via 7alpha-hydroxycholesterol	10
Reactome	R-HSA-193634	Axonal growth inhibition (RHOA activation)	8
Reactome	R-HSA-193639	p75NTR signals via NF-kB	15
Reactome	R-HSA-193648	NRAGE signals death through JNK	47
Reactome	R-HSA-193670	p75NTR negatively regulates cell cycle via SC1	6
Reactome	R-HSA-193681	Ceramide signalling	3
Reactome	R-HSA-193692	Regulated proteolysis of p75NTR	10
Reactome	R-HSA-193697	p75NTR regulates axonogenesis	9
Reactome	R-HSA-193704	p75 NTR receptor-mediated signalling	82
Reactome	R-HSA-193775	Synthesis of bile acids and bile salts via 24-hydroxycholesterol	6
Reactome	R-HSA-193807	Synthesis of bile acids and bile salts via 27-hydroxycholesterol	5
Reactome	R-HSA-194002	Glucocorticoid biosynthesis	2
Reactome	R-HSA-194068	Bile acid and bile salt metabolism	22
Reactome	R-HSA-194138	Signaling by VEGF	94
Reactome	R-HSA-194306	Neuropilin interactions with VEGF and VEGFR	4
Reactome	R-HSA-194313	VEGF ligand-receptor interactions	8
Reactome	R-HSA-194315	Signaling by Rho GTPases	538
Reactome	R-HSA-194441	Metabolism of non-coding RNA	47
Reactome	R-HSA-195253	Degradation of beta-catenin by the destruction complex	64
Reactome	R-HSA-195258	RHO GTPase Effectors	208
Reactome	R-HSA-195399	VEGF binds to VEGFR leading to receptor dimerization	8
Reactome	R-HSA-195721	Signaling by WNT	224
Reactome	R-HSA-196025	Formation of annular gap junctions	9
Reactome	R-HSA-196071	Metabolism of steroid hormones	15
Reactome	R-HSA-196108	Pregnenolone biosynthesis	9
Reactome	R-HSA-196299	Beta-catenin phosphorylation cascade	16
Reactome	R-HSA-1963640	GRB2 events in ERBB2 signaling	14
Reactome	R-HSA-1963642	PI3K events in ERBB2 signaling	15
Reactome	R-HSA-196741	Cobalamin (Cbl, vitamin B12) transport and metabolism	15
Reactome	R-HSA-196757	Metabolism of folate and pterines	12
Reactome	R-HSA-196780	Biotin transport and metabolism	9
Reactome	R-HSA-196783	Coenzyme A biosynthesis	7
Reactome	R-HSA-196791	Vitamin D (calciferol) metabolism	6
Reactome	R-HSA-196807	Nicotinate metabolism	23
Reactome	R-HSA-196819	Vitamin B1 (thiamin) metabolism	5
Reactome	R-HSA-196836	Vitamin C (ascorbate) metabolism	5
Reactome	R-HSA-196843	Vitamin B2 (riboflavin) metabolism	4
Reactome	R-HSA-196849	Metabolism of water-soluble vitamins and cofactors	95
Reactome	R-HSA-196854	Metabolism of vitamins and cofactors	145
Reactome	R-HSA-1971475	Glycosaminoglycan-protein linkage region biosynthesis	27
Reactome	R-HSA-1980143	Signaling by NOTCH1	68
Reactome	R-HSA-1980145	Signaling by NOTCH2	27
Reactome	R-HSA-198203	PI3K/AKT activation	8
Reactome	R-HSA-198323	AKT phosphorylates targets in the cytosol	12
Reactome	R-HSA-198693	AKT phosphorylates targets in the nucleus	8
Reactome	R-HSA-198725	Nuclear Events (kinase and transcription factor activation)	54
Reactome	R-HSA-198745	Signalling to STAT3	2
Reactome	R-HSA-198753	ERK/MAPK targets	20
Reactome	R-HSA-198765	Signalling to ERK5	2
Reactome	R-HSA-198933	Immunoregulatory interactions between a Lymphoid and a non-Lymphoid cell	21
Reactome	R-HSA-1989781	PPARA activates gene expression	95
Reactome	R-HSA-199220	Vitamin B5 (pantothenate) metabolism	16
Reactome	R-HSA-199418	Negative regulation of the PI3K/AKT network	89
Reactome	R-HSA-199920	CREB phosphorylation	6
Reactome	R-HSA-199977	ER to Golgi Anterograde Transport	124
Reactome	R-HSA-199991	Membrane Trafficking	524
Reactome	R-HSA-199992	trans-Golgi Network Vesicle Budding	66
Reactome	R-HSA-200425	Carnitine shuttle	11
Reactome	R-HSA-201451	Signaling by BMP	24
Reactome	R-HSA-201556	Signaling by ALK	25
Reactome	R-HSA-201681	TCF dependent signaling in response to WNT	141
Reactome	R-HSA-201688	WNT mediated activation of DVL	6
Reactome	R-HSA-201722	Formation of the beta-catenin:TCF transactivating complex	33
Reactome	R-HSA-202040	G-protein activation	20
Reactome	R-HSA-202131	Metabolism of nitric oxide: NOS3 activation and regulation	16
Reactome	R-HSA-2022090	Assembly of collagen fibrils and other multimeric structures	41
Reactome	R-HSA-2022377	Metabolism of Angiotensinogen to Angiotensins	9
Reactome	R-HSA-2022854	Keratan sulfate biosynthesis	21
Reactome	R-HSA-2022857	Keratan sulfate degradation	10
Reactome	R-HSA-2022870	CS-GAG biosynthesis	20
Reactome	R-HSA-2022923	DS-GAG biosynthesis	11
Reactome	R-HSA-2022928	HS-GAG biosynthesis	30
Reactome	R-HSA-2023837	Signaling by FGFR2 amplification mutants	1
Reactome	R-HSA-202403	TCR signaling	72
Reactome	R-HSA-2024096	HS-GAG degradation	16
Reactome	R-HSA-2024101	CS/DS degradation	16
Reactome	R-HSA-202424	Downstream TCR signaling	57
Reactome	R-HSA-202427	Phosphorylation of CD3 and TCR zeta chains	4
Reactome	R-HSA-202430	Translocation of ZAP-70 to Immunological synapse	1
Reactome	R-HSA-202433	Generation of second messenger molecules	13
Reactome	R-HSA-2025928	Calcineurin activates NFAT	8
Reactome	R-HSA-202670	ERKs are inactivated	12
Reactome	R-HSA-202733	Cell surface interactions at the vascular wall	76
Reactome	R-HSA-2028269	Signaling by Hippo	18
Reactome	R-HSA-2029480	Fcgamma receptor (FCGR) dependent phagocytosis	77
Reactome	R-HSA-2029481	FCGR activation	6
Reactome	R-HSA-2029482	Regulation of actin dynamics for phagocytic cup formation	54
Reactome	R-HSA-2029485	Role of phospholipids in phagocytosis	21
Reactome	R-HSA-2032785	YAP1- and WWTR1 (TAZ)-stimulated gene expression	10
Reactome	R-HSA-2033514	FGFR3 mutant receptor activation	6
Reactome	R-HSA-2033515	t(4;14) translocations of FGFR3	1
Reactome	R-HSA-2033519	Activated point mutants of FGFR2	8
Reactome	R-HSA-203615	eNOS activation	13
Reactome	R-HSA-203641	NOSTRIN mediated eNOS trafficking	4
Reactome	R-HSA-203754	NOSIP mediated eNOS trafficking	2
Reactome	R-HSA-203927	MicroRNA (miRNA) biogenesis	22
Reactome	R-HSA-204005	COPII-mediated vesicle transport	56
Reactome	R-HSA-204174	Regulation of pyruvate dehydrogenase (PDH) complex	14
Reactome	R-HSA-2046104	alpha-linolenic (omega3) and linoleic (omega6) acid metabolism	11
Reactome	R-HSA-2046105	Linoleic acid (LA) metabolism	7
Reactome	R-HSA-2046106	alpha-linolenic acid (ALA) metabolism	11
Reactome	R-HSA-204626	Hypusine synthesis from eIF5A-lysine	3
Reactome	R-HSA-204998	Cell death signalling via NRAGE, NRIF and NADE	61
Reactome	R-HSA-205017	NFG and proNGF binds to p75NTR	3
Reactome	R-HSA-205025	NADE modulates death signalling	5
Reactome	R-HSA-205043	NRIF signals cell death from the nucleus	14
Reactome	R-HSA-209543	p75NTR recruits signalling complexes	12
Reactome	R-HSA-209560	NF-kB is activated and signals survival	12
Reactome	R-HSA-209563	Axonal growth stimulation	4
Reactome	R-HSA-209776	Metabolism of amine-derived hormones	9
Reactome	R-HSA-209822	Glycoprotein hormones	4
Reactome	R-HSA-209905	Catecholamine biosynthesis	2
Reactome	R-HSA-209931	Serotonin and melatonin biosynthesis	1
Reactome	R-HSA-209952	Peptide hormone biosynthesis	6
Reactome	R-HSA-209968	Thyroxine biosynthesis	7
Reactome	R-HSA-210455	Astrocytic Glutamate-Glutamine Uptake And Metabolism	4
Reactome	R-HSA-210500	Glutamate Neurotransmitter Release Cycle	22
Reactome	R-HSA-210744	Regulation of gene expression in late stage (branching morphogenesis) pancreatic bud precursor cells	12
Reactome	R-HSA-210745	Regulation of gene expression in beta cells	9
Reactome	R-HSA-210746	Regulation of gene expression in endocrine-committed (NEUROG3+) progenitor cells	3
Reactome	R-HSA-210747	Regulation of gene expression in early pancreatic precursor cells	3
Reactome	R-HSA-210990	PECAM1 interactions	10
Reactome	R-HSA-210991	Basigin interactions	21
Reactome	R-HSA-210993	Tie2 Signaling	15
Reactome	R-HSA-211000	Gene Silencing by RNA	38
Reactome	R-HSA-211163	AKT-mediated inactivation of FOXO1A	3
Reactome	R-HSA-211728	Regulation of PAK-2p34 activity by PS-GAP/RHG10	2
Reactome	R-HSA-211733	Regulation of activated PAK-2p34 by proteasome mediated degradation	32
Reactome	R-HSA-211736	Stimulation of the cell death response by PAK-2p34	2
Reactome	R-HSA-211859	Biological oxidations	92
Reactome	R-HSA-211897	Cytochrome P450 - arranged by substrate type	21
Reactome	R-HSA-211916	Vitamins	1
Reactome	R-HSA-211945	Phase I - Functionalization of compounds	46
Reactome	R-HSA-211958	Miscellaneous substrates	2
Reactome	R-HSA-211976	Endogenous sterols	15
Reactome	R-HSA-211979	Eicosanoids	2
Reactome	R-HSA-211981	Xenobiotics	4
Reactome	R-HSA-211999	CYP2E1 reactions	1
Reactome	R-HSA-212165	Epigenetic regulation of gene expression	195
Reactome	R-HSA-2122947	NOTCH1 Intracellular Domain Regulates Transcription	45
Reactome	R-HSA-2122948	Activated NOTCH1 Transmits Signal to the Nucleus	28
Reactome	R-HSA-212300	PRC2 methylates histones and DNA	14
Reactome	R-HSA-212436	Generic Transcription Pathway	743
Reactome	R-HSA-212676	Dopamine Neurotransmitter Release Cycle	21
Reactome	R-HSA-212718	EGFR interacts with phospholipase C-gamma	6
Reactome	R-HSA-2129379	Molecules associated with elastic fibres	30
Reactome	R-HSA-2132295	MHC class II antigen presentation	82
Reactome	R-HSA-2142670	Synthesis of epoxy (EET) and dihydroxyeicosatrienoic acids (DHET)	2
Reactome	R-HSA-2142688	Synthesis of 5-eicosatetraenoic acids	5
Reactome	R-HSA-2142691	Synthesis of Leukotrienes (LT) and Eoxins (EX)	5
Reactome	R-HSA-2142696	Synthesis of Hepoxilins (HX) and Trioxilins (TrX)	1
Reactome	R-HSA-2142700	Biosynthesis of Lipoxins (LX)	4
Reactome	R-HSA-2142712	Synthesis of 12-eicosatetraenoic acid derivatives	5
Reactome	R-HSA-2142753	Arachidonate metabolism	30
Reactome	R-HSA-2142770	Synthesis of 15-eicosatetraenoic acid derivatives	4
Reactome	R-HSA-2142789	Ubiquinol biosynthesis	12
Reactome	R-HSA-2142816	Synthesis of (16-20)-hydroxyeicosatetraenoic acids (HETE)	2
Reactome	R-HSA-2142845	Hyaluronan metabolism	15
Reactome	R-HSA-2151201	Transcriptional activation of mitochondrial biogenesis	46
Reactome	R-HSA-2151209	Activation of PPARGC1A (PGC-1alpha) by phosphorylation	9
Reactome	R-HSA-216083	Integrin cell surface interactions	59
Reactome	R-HSA-2160916	Hyaluronan degradation	12
Reactome	R-HSA-2161517	Abacavir transmembrane transport	1
Reactome	R-HSA-2161522	Abacavir ADME	2
Reactome	R-HSA-2161541	Abacavir metabolism	1
Reactome	R-HSA-2162123	Synthesis of Prostaglandins (PG) and Thromboxanes (TX)	11
Reactome	R-HSA-2168880	Scavenging of heme from plasma	3
Reactome	R-HSA-2172127	DAP12 interactions	22
Reactome	R-HSA-217271	FMO oxidises nucleophiles	2
Reactome	R-HSA-2173782	Binding and Uptake of Ligands by Scavenger Receptors	22
Reactome	R-HSA-2173788	Downregulation of TGF-beta receptor signaling	25
Reactome	R-HSA-2173789	TGF-beta receptor signaling activates SMADs	42
Reactome	R-HSA-2173791	TGF-beta receptor signaling in EMT (epithelial to mesenchymal transition)	15
Reactome	R-HSA-2173793	Transcriptional activity of SMAD2/SMAD3:SMAD4 heterotrimer	47
Reactome	R-HSA-2173795	Downregulation of SMAD2/3:SMAD4 transcriptional activity	28
Reactome	R-HSA-2173796	SMAD2/SMAD3:SMAD4 heterotrimer regulates transcription	34
Reactome	R-HSA-2179392	EGFR Transactivation by Gastrin	7
Reactome	R-HSA-2187335	The retinoid cycle in cones (daylight vision)	2
Reactome	R-HSA-2187338	Visual phototransduction	50
Reactome	R-HSA-2197563	NOTCH2 intracellular domain regulates transcription	8
Reactome	R-HSA-2206280	MPS IX - Natowicz syndrome (Hyaluronan metabolism)	1
Reactome	R-HSA-2206281	Mucopolysaccharidoses	11
Reactome	R-HSA-2206282	MPS IIIB - Sanfilippo syndrome B	1
Reactome	R-HSA-2206285	MPS VI - Maroteaux-Lamy syndrome	1
Reactome	R-HSA-2206290	MPS IV - Morquio syndrome A	1
Reactome	R-HSA-2206291	MPS IIIC - Sanfilippo syndrome C	1
Reactome	R-HSA-2206292	MPS VII - Sly syndrome (Hyaluronan metabolism)	1
Reactome	R-HSA-2206296	MPS II - Hunter syndrome (HS-GAG degradation)	1
Reactome	R-HSA-2206302	MPS I - Hurler syndrome (HS-GAG degradation)	1
Reactome	R-HSA-2206305	MPS IIID - Sanfilippo syndrome D	1
Reactome	R-HSA-2206307	MPS IIIA - Sanfilippo syndrome A	1
Reactome	R-HSA-2206308	MPS IV - Morquio syndrome B (Keratin metabolism)	1
Reactome	R-HSA-2214320	Anchoring fibril formation	12
Reactome	R-HSA-2219528	PI3K/AKT Signaling in Cancer	85
Reactome	R-HSA-2219530	Constitutive Signaling by Aberrant PI3K in Cancer	61
Reactome	R-HSA-2243919	Crosslinking of collagen fibrils	15
Reactome	R-HSA-2262752	Cellular responses to stress	587
Reactome	R-HSA-2299718	Condensation of Prophase Chromosomes	13
Reactome	R-HSA-2393930	Phosphate bond hydrolysis by NUDT proteins	6
Reactome	R-HSA-2395516	Electron transport from NADPH to Ferredoxin	1
Reactome	R-HSA-2404192	Signaling by Type 1 Insulin-like Growth Factor 1 Receptor (IGF1R)	38
Reactome	R-HSA-2408508	Metabolism of ingested SeMet, Sec, MeSec into H2Se	5
Reactome	R-HSA-2408522	Selenoamino acid metabolism	72
Reactome	R-HSA-2408550	Metabolism of ingested H2SeO4 and H2SeO3 into H2Se	4
Reactome	R-HSA-2408557	Selenocysteine synthesis	53
Reactome	R-HSA-2424491	DAP12 signaling	21
Reactome	R-HSA-2426168	Activation of gene expression by SREBF (SREBP)	37
Reactome	R-HSA-2428924	IGF1R signaling cascade	38
Reactome	R-HSA-2428928	IRS-related events triggered by IGF1R	37
Reactome	R-HSA-2428933	SHC-related events triggered by IGF1R	8
Reactome	R-HSA-2453864	Retinoid cycle disease events	7
Reactome	R-HSA-2453902	The canonical retinoid cycle in rods (twilight vision)	11
Reactome	R-HSA-2454202	Fc epsilon receptor (FCERI) signaling	102
Reactome	R-HSA-2465910	MASTL Facilitates Mitotic Progression	7
Reactome	R-HSA-2467813	Separation of Sister Chromatids	127
Reactome	R-HSA-2468052	Establishment of Sister Chromatid Cohesion	9
Reactome	R-HSA-2470946	Cohesin Loading onto Chromatin	10
Reactome	R-HSA-2473224	Antagonism of Activin by Follistatin	2
Reactome	R-HSA-2474795	Diseases associated with visual transduction	7
Reactome	R-HSA-2485179	Activation of the phototransduction cascade	2
Reactome	R-HSA-2500257	Resolution of Sister Chromatid Cohesion	83
Reactome	R-HSA-2514853	Condensation of Prometaphase Chromosomes	5
Reactome	R-HSA-2514856	The phototransduction cascade	17
Reactome	R-HSA-2514859	Inactivation, recovery and regulation of the phototransduction cascade	17
Reactome	R-HSA-2534343	Interaction With Cumulus Cells And The Zona Pellucida	2
Reactome	R-HSA-2555396	Mitotic Metaphase and Anaphase	164
Reactome	R-HSA-2559580	Oxidative Stress Induced Senescence	61
Reactome	R-HSA-2559582	Senescence-Associated Secretory Phenotype (SASP)	43
Reactome	R-HSA-2559583	Cellular Senescence	115
Reactome	R-HSA-2559584	Formation of Senescence-Associated Heterochromatin Foci (SAHF)	12
Reactome	R-HSA-2559585	Oncogene Induced Senescence	30
Reactome	R-HSA-2559586	DNA Damage/Telomere Stress Induced Senescence	29
Reactome	R-HSA-2562578	TRIF-mediated programmed cell death	6
Reactome	R-HSA-2564830	Cytosolic iron-sulfur cluster assembly	12
Reactome	R-HSA-2565942	Regulation of PLK1 Activity at G2/M Transition	70
Reactome	R-HSA-2586552	Signaling by Leptin	10
Reactome	R-HSA-2644602	Signaling by NOTCH1 PEST Domain Mutants in Cancer	53
Reactome	R-HSA-2644603	Signaling by NOTCH1 in Cancer	53
Reactome	R-HSA-2644605	FBXW7 Mutants and NOTCH1 in Cancer	5
Reactome	R-HSA-2644606	Constitutive Signaling by NOTCH1 PEST Domain Mutants	53
Reactome	R-HSA-2644607	Loss of Function of FBXW7 in Cancer and NOTCH1 Signaling	5
Reactome	R-HSA-264642	Acetylcholine Neurotransmitter Release Cycle	16
Reactome	R-HSA-264870	Caspase-mediated cleavage of cytoskeletal proteins	11
Reactome	R-HSA-264876	Insulin processing	21
Reactome	R-HSA-2660825	Signaling by NOTCH1 t(7;9)(NOTCH1:M1580_K2555) Translocation Mutant	6
Reactome	R-HSA-2660826	Constitutive Signaling by NOTCH1 t(7;9)(NOTCH1:M1580_K2555) Translocation Mutant	6
Reactome	R-HSA-2672351	Stimuli-sensing channels	70
Reactome	R-HSA-2682334	EPH-Ephrin signaling	81
Reactome	R-HSA-2691230	Signaling by NOTCH1 HD Domain Mutants in Cancer	14
Reactome	R-HSA-2691232	Constitutive Signaling by NOTCH1 HD Domain Mutants	14
Reactome	R-HSA-2730905	Role of LAT2/NTAL/LAB on calcium mobilization	14
Reactome	R-HSA-2871796	FCERI mediated MAPK activation	27
Reactome	R-HSA-2871809	FCERI mediated Ca+2 mobilization	25
Reactome	R-HSA-2871837	FCERI mediated NF-kB activation	57
Reactome	R-HSA-2892245	POU5F1 (OCT4), SOX2, NANOG repress genes related to differentiation	2
Reactome	R-HSA-2892247	POU5F1 (OCT4), SOX2, NANOG activate genes related to proliferation	6
Reactome	R-HSA-2894858	Signaling by NOTCH1 HD+PEST Domain Mutants in Cancer	53
Reactome	R-HSA-2894862	Constitutive Signaling by NOTCH1 HD+PEST Domain Mutants	53
Reactome	R-HSA-2978092	Abnormal conversion of 2-oxoglutarate to 2-hydroxyglutarate	1
Reactome	R-HSA-2979096	NOTCH2 Activation and Transmission of Signal to the Nucleus	20
Reactome	R-HSA-2980736	Peptide hormone metabolism	53
Reactome	R-HSA-2980766	Nuclear Envelope Breakdown	44
Reactome	R-HSA-2980767	Activation of NIMA Kinases NEK9, NEK6, NEK7	4
Reactome	R-HSA-2990846	SUMOylation	137
Reactome	R-HSA-2995383	Initiation of Nuclear Envelope (NE) Reformation	14
Reactome	R-HSA-2995410	Nuclear Envelope (NE) Reassembly	60
Reactome	R-HSA-3000157	Laminin interactions	26
Reactome	R-HSA-3000170	Syndecan interactions	24
Reactome	R-HSA-3000171	Non-integrin membrane-ECM interactions	63
Reactome	R-HSA-3000178	ECM proteoglycans	56
Reactome	R-HSA-3000471	Scavenging by Class B Receptors	4
Reactome	R-HSA-3000480	Scavenging by Class A Receptors	10
Reactome	R-HSA-3000484	Scavenging by Class F Receptors	3
Reactome	R-HSA-3000497	Scavenging by Class H Receptors	3
Reactome	R-HSA-3065676	SUMO is conjugated to E1 (UBA2:SAE1)	3
Reactome	R-HSA-3065678	SUMO is transferred from E1 to E2 (UBE2I, UBC9)	5
Reactome	R-HSA-3065679	SUMO is proteolytically processed	3
Reactome	R-HSA-3108214	SUMOylation of DNA damage response and repair proteins	62
Reactome	R-HSA-3108232	SUMO E3 ligases SUMOylate target proteins	132
Reactome	R-HSA-3134963	DEx/H-box helicases activate type I IFN and inflammatory cytokines production	5
Reactome	R-HSA-3134973	LRR FLII-interacting protein 1 (LRRFIP1) activates type I IFN production	4
Reactome	R-HSA-3134975	Regulation of innate immune responses to cytosolic DNA	11
Reactome	R-HSA-3214815	HDACs deacetylate histones	27
Reactome	R-HSA-3214841	PKMTs methylate histone lysines	40
Reactome	R-HSA-3214842	HDMs demethylate histones	22
Reactome	R-HSA-3214847	HATs acetylate histones	71
Reactome	R-HSA-3214858	RMTs methylate histone arginines	30
Reactome	R-HSA-3215018	Processing and activation of SUMO	7
Reactome	R-HSA-3229121	Glycogen storage diseases	11
Reactome	R-HSA-3232118	SUMOylation of transcription factors	14
Reactome	R-HSA-3232142	SUMOylation of ubiquitinylation proteins	33
Reactome	R-HSA-3238698	WNT ligand biogenesis and trafficking	16
Reactome	R-HSA-3247509	Chromatin modifying enzymes	182
Reactome	R-HSA-3249367	STAT6-mediated induction of chemokines	2
Reactome	R-HSA-3270619	IRF3-mediated induction of type I IFN	9
Reactome	R-HSA-3282872	Severe congenital neutropenia type 4 (G6PC3)	1
Reactome	R-HSA-3295583	TRP channels	17
Reactome	R-HSA-3296197	Hydroxycarboxylic acid-binding receptors	1
Reactome	R-HSA-3296469	Defects in cobalamin (B12) metabolism	13
Reactome	R-HSA-3296482	Defects in vitamin and cofactor metabolism	19
Reactome	R-HSA-3299685	Detoxification of Reactive Oxygen Species	27
Reactome	R-HSA-3301854	Nuclear Pore Complex (NPC) Disassembly	29
Reactome	R-HSA-3304347	Loss of Function of SMAD4 in Cancer	3
Reactome	R-HSA-3304349	Loss of Function of SMAD2/3 in Cancer	7
Reactome	R-HSA-3304351	Signaling by TGF-beta Receptor Complex in Cancer	7
Reactome	R-HSA-3304356	SMAD2/3 Phosphorylation Motif Mutants in Cancer	6
Reactome	R-HSA-3311021	SMAD4 MH2 Domain Mutants in Cancer	3
Reactome	R-HSA-3315487	SMAD2/3 MH2 Domain Mutants in Cancer	3
Reactome	R-HSA-3322077	Glycogen synthesis	12
Reactome	R-HSA-3323169	Defects in biotin (Btn) metabolism	6
Reactome	R-HSA-3359454	Defective TCN2 causes TCN2 deficiency	1
Reactome	R-HSA-3359462	Defective AMN causes MGA1	2
Reactome	R-HSA-3359463	Defective CUBN causes MGA1	2
Reactome	R-HSA-3359467	Defective MTRR causes HMAE	2
Reactome	R-HSA-3359469	Defective MTR causes HMAG	2
Reactome	R-HSA-3359471	Defective MMAB causes MMA, cblB type	1
Reactome	R-HSA-3359473	Defective MMADHC causes MMAHCD	2
Reactome	R-HSA-3359474	Defective MMACHC causes MAHCC	1
Reactome	R-HSA-3359475	Defective MMAA causes MMA, cblA type	2
Reactome	R-HSA-3359478	Defective MUT causes MMAM	2
Reactome	R-HSA-3359485	Defective CD320 causes MMATC	2
Reactome	R-HSA-3371378	Regulation by c-FLIP	7
Reactome	R-HSA-3371453	Regulation of HSF1-mediated heat shock response	68
Reactome	R-HSA-3371497	HSP90 chaperone cycle for steroid hormone receptors (SHR) in the presence of ligand	42
Reactome	R-HSA-3371511	HSF1 activation	20
Reactome	R-HSA-3371556	Cellular response to heat stress	85
Reactome	R-HSA-3371568	Attenuation phase	19
Reactome	R-HSA-3371571	HSF1-dependent transactivation	28
Reactome	R-HSA-3371598	Defective BTD causes biotidinase deficiency	1
Reactome	R-HSA-3371599	Defective HLCS causes multiple carboxylase deficiency	5
Reactome	R-HSA-349425	Autodegradation of the E3 ubiquitin ligase COP1	34
Reactome	R-HSA-350054	Notch-HLH transcription pathway	25
Reactome	R-HSA-350562	Regulation of ornithine decarboxylase (ODC)	32
Reactome	R-HSA-350864	Regulation of thyroid hormone activity	2
Reactome	R-HSA-351143	Agmatine biosynthesis	1
Reactome	R-HSA-351200	Interconversion of polyamines	3
Reactome	R-HSA-351202	Metabolism of polyamines	38
Reactome	R-HSA-351906	Apoptotic cleavage of cell adhesion  proteins	6
Reactome	R-HSA-352230	Amino acid transport across the plasma membrane	24
Reactome	R-HSA-352238	Breakdown of the nuclear lamina	3
Reactome	R-HSA-354192	Integrin signaling	23
Reactome	R-HSA-354194	GRB2:SOS provides linkage to MAPK signaling for Integrins	11
Reactome	R-HSA-3560782	Diseases associated with glycosaminoglycan metabolism	36
Reactome	R-HSA-3560783	Defective B4GALT7 causes EDS, progeroid type	19
Reactome	R-HSA-3560792	Defective SLC26A2 causes chondrodysplasias	1
Reactome	R-HSA-3560796	Defective PAPSS2 causes SEMD-PA	1
Reactome	R-HSA-3560801	Defective B3GAT3 causes JDSSDHD	19
Reactome	R-HSA-3595172	Defective CHST3 causes SEDCJD	8
Reactome	R-HSA-3595174	Defective CHST14 causes EDS, musculocontractural type	8
Reactome	R-HSA-3595177	Defective CHSY1 causes TPBS	8
Reactome	R-HSA-3642278	Loss of Function of TGFBR2 in Cancer	3
Reactome	R-HSA-3642279	TGFBR2 MSI Frameshift Mutants in Cancer	2
Reactome	R-HSA-3645790	TGFBR2 Kinase Domain Mutants in Cancer	3
Reactome	R-HSA-3656225	Defective CHST6 causes MCDC1	4
Reactome	R-HSA-3656234	Defective HEXA causes GM2G1 (Hyaluronan metabolism)	1
Reactome	R-HSA-3656237	Defective EXT2 causes exostoses 2	13
Reactome	R-HSA-3656243	Defective ST3GAL3 causes MCT12 and EIEE15	5
Reactome	R-HSA-3656244	Defective B4GALT1 causes B4GALT1-CDG (CDG-2d)	5
Reactome	R-HSA-3656248	Defective HEXB causes GM2G2 (Hyaluronan metabolism)	1
Reactome	R-HSA-3656253	Defective EXT1 causes exostoses 1, TRPS2 and CHDS	13
Reactome	R-HSA-3656532	TGFBR1 KD Mutants in Cancer	6
Reactome	R-HSA-3656534	Loss of Function of TGFBR1 in Cancer	6
Reactome	R-HSA-3656535	TGFBR1 LBD Mutants in Cancer	3
Reactome	R-HSA-3700989	Transcriptional Regulation by TP53	282
Reactome	R-HSA-372708	p130Cas linkage to MAPK signaling for integrins	11
Reactome	R-HSA-372790	Signaling by GPCR	415
Reactome	R-HSA-373076	Class A/1 (Rhodopsin-like receptors)	149
Reactome	R-HSA-373080	Class B/2 (Secretin family receptors)	60
Reactome	R-HSA-373752	Netrin-1 signaling	40
Reactome	R-HSA-373753	Nephrin family interactions	20
Reactome	R-HSA-373755	Semaphorin interactions	60
Reactome	R-HSA-373756	SDK interactions	2
Reactome	R-HSA-373760	L1CAM interactions	97
Reactome	R-HSA-375165	NCAM signaling for neurite out-growth	48
Reactome	R-HSA-375276	Peptide ligand-binding receptors	84
Reactome	R-HSA-375280	Amine ligand-binding receptors	29
Reactome	R-HSA-375281	Hormone ligand-binding receptors	1
Reactome	R-HSA-376172	DSCAM interactions	3
Reactome	R-HSA-376176	Signaling by ROBO receptors	148
Reactome	R-HSA-3769402	Deactivation of the beta-catenin transactivating complex	41
Reactome	R-HSA-3772470	Negative regulation of TCF-dependent signaling by WNT ligand antagonists	10
Reactome	R-HSA-3781860	Diseases associated with N-glycosylation of proteins	18
Reactome	R-HSA-3781865	Diseases of glycosylation	113
Reactome	R-HSA-3785653	Myoclonic epilepsy of Lafora	9
Reactome	R-HSA-379397	Enzymatic degradation of dopamine by COMT	2
Reactome	R-HSA-379398	Enzymatic degradation of Dopamine by monoamine oxidase	2
Reactome	R-HSA-379401	Dopamine clearance from the synaptic cleft	2
Reactome	R-HSA-379716	Cytosolic tRNA aminoacylation	21
Reactome	R-HSA-379724	tRNA Aminoacylation	37
Reactome	R-HSA-379726	Mitochondrial tRNA aminoacylation	19
Reactome	R-HSA-380095	Tachykinin receptors bind tachykinins	4
Reactome	R-HSA-380108	Chemokine receptors bind chemokines	8
Reactome	R-HSA-380259	Loss of Nlp from mitotic centrosomes	54
Reactome	R-HSA-380270	Recruitment of mitotic centrosome proteins and complexes	60
Reactome	R-HSA-380284	Loss of proteins required for interphase microtubule organization from the centrosome	54
Reactome	R-HSA-380287	Centrosome maturation	60
Reactome	R-HSA-380320	Recruitment of NuMA to mitotic centrosomes	68
Reactome	R-HSA-380612	Metabolism of serotonin	2
Reactome	R-HSA-380615	Serotonin clearance from the synaptic cleft	2
Reactome	R-HSA-380972	Energy dependent regulation of mTOR by LKB1-AMPK	28
Reactome	R-HSA-380994	ATF4 activates genes in response to endoplasmic reticulum  stress	22
Reactome	R-HSA-381033	ATF6 (ATF6-alpha) activates chaperones	12
Reactome	R-HSA-381038	XBP1(S) activates chaperone genes	44
Reactome	R-HSA-381042	PERK regulates gene expression	26
Reactome	R-HSA-381070	IRE1alpha activates chaperones	46
Reactome	R-HSA-381119	Unfolded Protein Response (UPR)	79
Reactome	R-HSA-381183	ATF6 (ATF6-alpha) activates chaperone genes	10
Reactome	R-HSA-381340	Transcriptional regulation of white adipocyte differentiation	67
Reactome	R-HSA-381426	Regulation of Insulin-like Growth Factor (IGF) transport and uptake by Insulin-like Growth Factor Binding Proteins (IGFBPs)	78
Reactome	R-HSA-3814836	Glycogen storage disease type XV (GYG1)	2
Reactome	R-HSA-381676	Glucagon-like Peptide-1 (GLP1) regulates insulin secretion	35
Reactome	R-HSA-381753	Olfactory Signaling Pathway	12
Reactome	R-HSA-381771	Synthesis, secretion, and inactivation of Glucagon-like Peptide-1 (GLP-1)	12
Reactome	R-HSA-382551	Transport of small molecules	505
Reactome	R-HSA-382556	ABC-family protein mediated transport	69
Reactome	R-HSA-3828062	Glycogen storage disease type 0 (muscle GYS1)	2
Reactome	R-HSA-383280	Nuclear Receptor transcription pathway	39
Reactome	R-HSA-3858494	Beta-catenin independent WNT signaling	118
Reactome	R-HSA-3878781	Glycogen storage disease type IV (GBE1)	1
Reactome	R-HSA-388396	GPCR downstream signalling	376
Reactome	R-HSA-388479	Vasopressin-like receptors	4
Reactome	R-HSA-388841	Regulation of T cell activation by CD28 family	163
Reactome	R-HSA-388844	Receptor-type tyrosine-protein phosphatases	19
Reactome	R-HSA-389356	Co-stimulation by CD28	39
Reactome	R-HSA-389357	CD28 dependent PI3K/Akt signaling	21
Reactome	R-HSA-389359	CD28 dependent Vav1 pathway	9
Reactome	R-HSA-389397	Orexin and neuropeptides FF and QRFP bind to their respective receptors	4
Reactome	R-HSA-389513	Co-inhibition by CTLA4	16
Reactome	R-HSA-389542	NADPH regeneration	2
Reactome	R-HSA-389599	Alpha-oxidation of phytanate	5
Reactome	R-HSA-389661	Glyoxylate metabolism and glycine degradation	11
Reactome	R-HSA-389887	Beta-oxidation of pristanoyl-CoA	7
Reactome	R-HSA-3899300	SUMOylation of transcription cofactors	36
Reactome	R-HSA-389948	Co-inhibition by PD-1	125
Reactome	R-HSA-389957	Prefoldin mediated transfer of substrate  to CCT/TriC	21
Reactome	R-HSA-389958	Cooperation of Prefoldin and TriC/CCT  in actin and tubulin folding	23
Reactome	R-HSA-389960	Formation of tubulin folding intermediates by CCT/TriC	18
Reactome	R-HSA-389977	Post-chaperonin tubulin folding pathway	16
Reactome	R-HSA-390247	Beta-oxidation of very long chain fatty acids	8
Reactome	R-HSA-390450	Folding of actin by CCT/TriC	8
Reactome	R-HSA-390466	Chaperonin-mediated protein folding	72
Reactome	R-HSA-390471	Association of TriC/CCT with target proteins during biosynthesis	33
Reactome	R-HSA-390522	Striated Muscle Contraction	20
Reactome	R-HSA-390648	Muscarinic acetylcholine receptors	5
Reactome	R-HSA-390650	Histamine receptors	3
Reactome	R-HSA-390651	Dopamine receptors	3
Reactome	R-HSA-390666	Serotonin receptors	9
Reactome	R-HSA-390696	Adrenoceptors	9
Reactome	R-HSA-3906995	Diseases associated with O-glycosylation of proteins	44
Reactome	R-HSA-390918	Peroxisomal lipid metabolism	21
Reactome	R-HSA-391160	Signal regulatory protein family interactions	9
Reactome	R-HSA-391251	Protein folding	77
Reactome	R-HSA-391903	Eicosanoid ligand-binding receptors	8
Reactome	R-HSA-391906	Leukotriene receptors	2
Reactome	R-HSA-391908	Prostanoid ligand receptors	6
Reactome	R-HSA-392023	Adrenaline signalling through Alpha-2 adrenergic receptor	3
Reactome	R-HSA-392154	Nitric oxide stimulates guanylate cyclase	21
Reactome	R-HSA-392170	ADP signalling through P2Y purinoceptor 12	19
Reactome	R-HSA-392451	G beta:gamma signalling through PI3Kgamma	22
Reactome	R-HSA-392499	Metabolism of proteins	1559
Reactome	R-HSA-392517	Rap1 signalling	14
Reactome	R-HSA-392518	Signal amplification	27
Reactome	R-HSA-392851	Prostacyclin signalling through prostacyclin receptor	15
Reactome	R-HSA-3928662	EPHB-mediated forward signaling	38
Reactome	R-HSA-3928663	EPHA-mediated growth cone collapse	25
Reactome	R-HSA-3928664	Ephrin signaling	16
Reactome	R-HSA-3928665	EPH-ephrin mediated repulsion of cells	43
Reactome	R-HSA-397014	Muscle contraction	145
Reactome	R-HSA-397795	G-protein beta:gamma signalling	29
Reactome	R-HSA-399710	Activation of AMPA receptors	4
Reactome	R-HSA-399719	Trafficking of AMPA receptors	27
Reactome	R-HSA-399721	Glutamate binding, activation of AMPA receptors and synaptic plasticity	27
Reactome	R-HSA-399954	Sema3A PAK dependent Axon repulsion	16
Reactome	R-HSA-399955	SEMA3A-Plexin repulsion signaling by inhibiting Integrin adhesion	14
Reactome	R-HSA-399956	CRMPs in Sema3A signaling	16
Reactome	R-HSA-399997	Acetylcholine regulates insulin secretion	8
Reactome	R-HSA-400042	Adrenaline,noradrenaline inhibits insulin secretion	25
Reactome	R-HSA-400206	Regulation of lipid metabolism by PPARalpha	97
Reactome	R-HSA-400451	Free fatty acids regulate insulin secretion	8
Reactome	R-HSA-400508	Incretin synthesis, secretion, and inactivation	13
Reactome	R-HSA-400511	Synthesis, secretion, and inactivation of Glucose-dependent Insulinotropic Polypeptide (GIP)	8
Reactome	R-HSA-400685	Sema4D in semaphorin signaling	23
Reactome	R-HSA-4043911	Defective PMM2 causes PMM2-CDG	1
Reactome	R-HSA-4043916	Defective MPI causes MPI-CDG	1
Reactome	R-HSA-4085001	Sialic acid metabolism	28
Reactome	R-HSA-4085011	Defective GNE causes sialuria, NK and IBM2	1
Reactome	R-HSA-4085023	Defective GFPT1 causes CMSTA1	1
Reactome	R-HSA-4085377	SUMOylation of SUMOylation proteins	30
Reactome	R-HSA-4086398	Ca2+ pathway	55
Reactome	R-HSA-4086400	PCP/CE pathway	71
Reactome	R-HSA-4090294	SUMOylation of intracellular receptors	22
Reactome	R-HSA-416476	G alpha (q) signalling events	139
Reactome	R-HSA-416482	G alpha (12/13) signalling events	67
Reactome	R-HSA-416550	Sema4D mediated inhibition of cell attachment and migration	8
Reactome	R-HSA-416572	Sema4D induced cell migration and growth-cone collapse	19
Reactome	R-HSA-416700	Other semaphorin interactions	16
Reactome	R-HSA-416993	Trafficking of GluR2-containing AMPA receptors	15
Reactome	R-HSA-417957	P2Y receptors	8
Reactome	R-HSA-417973	Adenosine P1 receptors	3
Reactome	R-HSA-418038	Nucleotide-like (purinergic) receptors	11
Reactome	R-HSA-418217	G beta:gamma signalling through PLC beta	18
Reactome	R-HSA-418346	Platelet homeostasis	76
Reactome	R-HSA-418359	Reduction of cytosolic Ca++ levels	12
Reactome	R-HSA-418360	Platelet calcium homeostasis	25
Reactome	R-HSA-418457	cGMP effects	15
Reactome	R-HSA-418555	G alpha (s) signalling events	102
Reactome	R-HSA-418592	ADP signalling through P2Y purinoceptor 1	20
Reactome	R-HSA-418594	G alpha (i) signalling events	169
Reactome	R-HSA-418597	G alpha (z) signalling events	41
Reactome	R-HSA-418885	DCC mediated attractive signaling	13
Reactome	R-HSA-418886	Netrin mediated repulsion signals	7
Reactome	R-HSA-418889	Caspase activation via Dependence Receptors in the absence of ligand	10
Reactome	R-HSA-418890	Role of second messengers in netrin-1 signaling	10
Reactome	R-HSA-418990	Adherens junctions interactions	171
Reactome	R-HSA-419037	NCAM1 interactions	30
Reactome	R-HSA-419408	Lysosphingolipid and LPA receptors	9
Reactome	R-HSA-419771	Opsins	1
Reactome	R-HSA-419812	Calcitonin-like ligand receptors	7
Reactome	R-HSA-420029	Tight junction interactions	15
Reactome	R-HSA-420092	Glucagon-type ligand receptors	23
Reactome	R-HSA-420499	Class C/3 (Metabotropic glutamate/pheromone receptors)	10
Reactome	R-HSA-420597	Nectin/Necl  trans heterodimerization	6
Reactome	R-HSA-421270	Cell-cell junction organization	188
Reactome	R-HSA-422085	Synthesis, secretion, and deacylation of Ghrelin	11
Reactome	R-HSA-422356	Regulation of insulin secretion	65
Reactome	R-HSA-422475	Axon guidance	429
Reactome	R-HSA-425381	Bicarbonate transporters	8
Reactome	R-HSA-425397	Transport of vitamins, nucleosides, and related molecules	21
Reactome	R-HSA-425407	SLC-mediated transmembrane transport	163
Reactome	R-HSA-425410	Metal ion SLC transporters	38
Reactome	R-HSA-425561	Sodium/Calcium exchangers	10
Reactome	R-HSA-425986	Sodium/Proton exchangers	8
Reactome	R-HSA-426048	Arachidonate production from DAG	5
Reactome	R-HSA-426117	Cation-coupled Chloride cotransporters	4
Reactome	R-HSA-426486	Small interfering RNA (siRNA) biogenesis	9
Reactome	R-HSA-426496	Post-transcriptional silencing by small RNAs	7
Reactome	R-HSA-427359	SIRT1 negatively regulates rRNA expression	10
Reactome	R-HSA-427389	ERCC6 (CSB) and EHMT2 (G9a) positively regulate rRNA expression	15
Reactome	R-HSA-427413	NoRC negatively regulates rRNA expression	39
Reactome	R-HSA-427601	Inorganic anion exchange by SLC26 transporters	6
Reactome	R-HSA-427652	Sodium-coupled phosphate cotransporters	2
Reactome	R-HSA-427975	Proton/oligopeptide cotransporters	2
Reactome	R-HSA-428157	Sphingolipid metabolism	78
Reactome	R-HSA-428359	Insulin-like Growth Factor-2 mRNA Binding Proteins (IGF2BPs/IMPs/VICKZs) bind RNA	5
Reactome	R-HSA-428540	Activation of RAC1	13
Reactome	R-HSA-428542	Regulation of commissural axon pathfinding by SLIT and ROBO	8
Reactome	R-HSA-428543	Inactivation of CDC42 and RAC1	8
Reactome	R-HSA-428559	Proton-coupled neutral amino acid transporters	1
Reactome	R-HSA-428643	Organic anion transport by SLC5/17/25 transporters	4
Reactome	R-HSA-428890	Role of ABL in ROBO-SLIT signaling	8
Reactome	R-HSA-428930	Thromboxane signalling through TP receptor	20
Reactome	R-HSA-429593	Inositol transporters	2
Reactome	R-HSA-429914	Deadenylation-dependent mRNA decay	47
Reactome	R-HSA-429947	Deadenylation of mRNA	20
Reactome	R-HSA-429958	mRNA decay by 3' to 5' exoribonuclease	14
Reactome	R-HSA-430039	mRNA decay by 5' to 3' exoribonuclease	13
Reactome	R-HSA-430116	GP1b-IX-V activation signalling	8
Reactome	R-HSA-432030	Transport of glycerol from adipocytes to the liver by Aquaporins	1
Reactome	R-HSA-432040	Vasopressin regulates renal water homeostasis via Aquaporins	34
Reactome	R-HSA-432047	Passive transport by Aquaporins	4
Reactome	R-HSA-432142	Platelet sensitization by LDL	15
Reactome	R-HSA-432720	Lysosome Vesicle Biogenesis	32
Reactome	R-HSA-432722	Golgi Associated Vesicle Biogenesis	50
Reactome	R-HSA-433137	Sodium-coupled sulphate, di- and tri-carboxylate transporters	1
Reactome	R-HSA-433692	Proton-coupled monocarboxylate transport	5
Reactome	R-HSA-4341670	Defective NEU1 causes sialidosis	2
Reactome	R-HSA-434313	Intracellular metabolism of fatty acids regulates insulin secretion	3
Reactome	R-HSA-434316	Fatty Acids bound to GPR40 (FFAR1) regulate insulin secretion	5
Reactome	R-HSA-435354	Zinc transporters	11
Reactome	R-HSA-435368	Zinc efflux and compartmentalization by the SLC30 family	4
Reactome	R-HSA-437239	Recycling pathway of L1	35
Reactome	R-HSA-438064	Post NMDA receptor activation events	64
Reactome	R-HSA-438066	Unblocking of NMDA receptors, glutamate binding and activation	20
Reactome	R-HSA-4411364	Binding of TCF/LEF:CTNNB1 to target gene promoters	6
Reactome	R-HSA-4419969	Depolymerization of the Nuclear Lamina	11
Reactome	R-HSA-4420097	VEGFA-VEGFR2 Pathway	85
Reactome	R-HSA-4420332	Defective B3GALT6 causes EDSP2 and SEMDJL1	19
Reactome	R-HSA-442380	Zinc influx into cells by the SLC39 gene family	7
Reactome	R-HSA-442660	SLC-mediated transport of neurotransmitters	13
Reactome	R-HSA-442720	CREB1 phosphorylation through the activation of Adenylate Cyclase	10
Reactome	R-HSA-442729	CREB1 phosphorylation through the activation of CaMKII/CaMKK/CaMKIV cascasde	7
Reactome	R-HSA-442742	CREB1 phosphorylation through NMDA receptor-mediated activation of RAS signaling	25
Reactome	R-HSA-442755	Activation of NMDA receptors and postsynaptic events	75
Reactome	R-HSA-442982	Ras activation upon Ca2+ influx through NMDA receptor	18
Reactome	R-HSA-444257	RSK activation	6
Reactome	R-HSA-444473	Formyl peptide receptors bind formyl peptides and many other ligands	3
Reactome	R-HSA-444821	Relaxin receptors	1
Reactome	R-HSA-445095	Interaction between L1 and Ankyrins	25
Reactome	R-HSA-445144	Signal transduction by L1	18
Reactome	R-HSA-445355	Smooth Muscle Contraction	34
Reactome	R-HSA-445717	Aquaporin-mediated transport	36
Reactome	R-HSA-445989	TAK1-dependent IKK and NF-kappa-B activation	37
Reactome	R-HSA-446107	Type I hemidesmosome assembly	8
Reactome	R-HSA-446193	Biosynthesis of the N-glycan precursor (dolichol lipid-linked oligosaccharide, LLO) and transfer to a nascent protein	69
Reactome	R-HSA-446199	Synthesis of dolichyl-phosphate	6
Reactome	R-HSA-446203	Asparagine N-linked glycosylation	258
Reactome	R-HSA-446205	Synthesis of GDP-mannose	6
Reactome	R-HSA-446210	Synthesis of UDP-N-acetyl-glucosamine	7
Reactome	R-HSA-446219	Synthesis of substrates in N-glycan biosythesis	57
Reactome	R-HSA-446343	Localization of the PINCH-ILK-PARVIN complex to focal adhesions	4
Reactome	R-HSA-446353	Cell-extracellular matrix interactions	16
Reactome	R-HSA-446388	Regulation of cytoskeletal remodeling and cell spreading by IPP complex components	7
Reactome	R-HSA-446652	Interleukin-1 family signaling	103
Reactome	R-HSA-446728	Cell junction organization	211
Reactome	R-HSA-447038	NrCAM interactions	7
Reactome	R-HSA-447041	CHL1 interactions	8
Reactome	R-HSA-447043	Neurofascin interactions	7
Reactome	R-HSA-447115	Interleukin-12 family signaling	34
Reactome	R-HSA-448424	Interleukin-17 signaling	62
Reactome	R-HSA-448706	Interleukin-1 processing	4
Reactome	R-HSA-449147	Signaling by Interleukins	295
Reactome	R-HSA-449836	Other interleukin signaling	17
Reactome	R-HSA-450282	MAPK targets/ Nuclear events mediated by MAP kinases	29
Reactome	R-HSA-450294	MAP kinase activation	59
Reactome	R-HSA-450302	activated TAK1 mediates p38 MAPK activation	21
Reactome	R-HSA-450321	JNK (c-Jun kinases) phosphorylation and  activation mediated by activated human TAK1	20
Reactome	R-HSA-450341	Activation of the AP-1 family of transcription factors	10
Reactome	R-HSA-450385	Butyrate Response Factor 1 (BRF1) binds and destabilizes mRNA	16
Reactome	R-HSA-450408	AUF1 (hnRNP D0) binds and destabilizes mRNA	35
Reactome	R-HSA-450513	Tristetraprolin (TTP, ZFP36) binds and destabilizes mRNA	16
Reactome	R-HSA-450520	HuR (ELAVL1) binds and stabilizes mRNA	6
Reactome	R-HSA-450531	Regulation of mRNA stability by proteins that bind AU-rich elements	63
Reactome	R-HSA-450604	KSRP (KHSRP) binds and destabilizes mRNA	15
Reactome	R-HSA-451306	Ionotropic activity of kainate receptors	10
Reactome	R-HSA-451307	Activation of Na-permeable kainate receptors	2
Reactome	R-HSA-451308	Activation of Ca-permeable Kainate Receptor	10
Reactome	R-HSA-451326	Activation of kainate receptors upon glutamate binding	28
Reactome	R-HSA-451927	Interleukin-2 family signaling	28
Reactome	R-HSA-452723	Transcriptional regulation of pluripotent stem cells	14
Reactome	R-HSA-453274	Mitotic G2-G2/M phases	144
Reactome	R-HSA-453276	Regulation of mitotic cell cycle	61
Reactome	R-HSA-453279	Mitotic G1 phase and G1/S transition	114
Reactome	R-HSA-4549349	Defective ALG2 causes CDG-1i	1
Reactome	R-HSA-4549356	Defective DPAGT1 causes CDG-1j, CMSTA2	1
Reactome	R-HSA-4551295	Defective ALG11 causes CDG-1p	1
Reactome	R-HSA-4551638	SUMOylation of chromatin organization proteins	47
Reactome	R-HSA-456926	Thrombin signalling through proteinase activated receptors (PARs)	24
Reactome	R-HSA-4570464	SUMOylation of RNA binding proteins	39
Reactome	R-HSA-4570571	Defective RFT1 causes CDG-1n	1
Reactome	R-HSA-4608870	Asymmetric localization of PCP proteins	45
Reactome	R-HSA-4615885	SUMOylation of DNA replication proteins	37
Reactome	R-HSA-4641257	Degradation of AXIN	36
Reactome	R-HSA-4641258	Degradation of DVL	39
Reactome	R-HSA-4641262	Disassembly of the destruction complex and recruitment of AXIN to the membrane	25
Reactome	R-HSA-4641263	Regulation of FZD by ubiquitination	18
Reactome	R-HSA-4641265	Repression of WNT target genes	12
Reactome	R-HSA-4655427	SUMOylation of DNA methylation proteins	13
Reactome	R-HSA-4687000	Defective MPDU1 causes CDG-1f	1
Reactome	R-HSA-4717374	Defective DPM1 causes DPM1-CDG	3
Reactome	R-HSA-4719360	Defective DPM3 causes DPM3-CDG	3
Reactome	R-HSA-4719377	Defective DPM2 causes DPM2-CDG	3
Reactome	R-HSA-4720454	Defective ALG9 causes CDG-1l	1
Reactome	R-HSA-4720475	Defective ALG3 causes CDG-1d	1
Reactome	R-HSA-4720489	Defective ALG12 causes CDG-1g	1
Reactome	R-HSA-4724289	Defective ALG6 causes CDG-1c	1
Reactome	R-HSA-4724325	Defective ALG8 causes CDG-1h	1
Reactome	R-HSA-4755510	SUMOylation of immune response proteins	11
Reactome	R-HSA-4755579	Defective SRD5A3 causes SRD5A3-CDG, KHRZ	1
Reactome	R-HSA-4755583	Defective DOLK causes DOLK-CDG	1
Reactome	R-HSA-4755609	Defective DHDDS causes RP59	2
Reactome	R-HSA-4791275	Signaling by WNT in cancer	28
Reactome	R-HSA-4793950	Defective MAN1B1 causes MRT15	1
Reactome	R-HSA-4793952	Defective MGAT2 causes CDG-2a	1
Reactome	R-HSA-4793953	Defective B4GALT1 causes CDG-2d	1
Reactome	R-HSA-4793954	Defective MOGS causes CDG-2b	1
Reactome	R-HSA-480985	Synthesis of dolichyl-phosphate-glucose	2
Reactome	R-HSA-4839726	Chromatin organization	270
Reactome	R-HSA-4839735	Signaling by AXIN mutants	14
Reactome	R-HSA-4839743	Signaling by CTNNB1 phospho-site mutants	15
Reactome	R-HSA-4839744	Signaling by APC mutants	14
Reactome	R-HSA-4839748	Signaling by AMER1 mutants	14
Reactome	R-HSA-499943	Interconversion of nucleotide di- and triphosphates	25
Reactome	R-HSA-500657	Presynaptic function of Kainate receptors	19
Reactome	R-HSA-500753	Pyrimidine biosynthesis	3
Reactome	R-HSA-500792	GPCR ligand binding	219
Reactome	R-HSA-5083625	Defective GALNT3 causes HFTC	1
Reactome	R-HSA-5083627	Defective LARGE causes MDDGA6 and MDDGB6	2
Reactome	R-HSA-5083628	Defective POMGNT1 causes MDDGA3, MDDGB3 and MDDGC3	2
Reactome	R-HSA-5083629	Defective POMT2 causes MDDGA2, MDDGB2 and MDDGC2	3
Reactome	R-HSA-5083630	Defective LFNG causes SCDO3	4
Reactome	R-HSA-5083632	Defective C1GALT1C1 causes TNPS	1
Reactome	R-HSA-5083633	Defective POMT1 causes MDDGA1, MDDGB1 and MDDGC1	3
Reactome	R-HSA-5083635	Defective B3GALTL causes PpS	31
Reactome	R-HSA-5083636	Defective GALNT12 causes CRCS1	1
Reactome	R-HSA-5099900	WNT5A-dependent internalization of FZD4	14
Reactome	R-HSA-512988	Interleukin-3, Interleukin-5 and GM-CSF signaling	36
Reactome	R-HSA-5140745	WNT5A-dependent internalization of FZD2, FZD5 and ROR2	12
Reactome	R-HSA-5173105	O-linked glycosylation	82
Reactome	R-HSA-5173214	O-glycosylation of TSR domain-containing proteins	32
Reactome	R-HSA-5205647	Mitophagy	30
Reactome	R-HSA-5205685	PINK1-PRKN Mediated Mitophagy	26
Reactome	R-HSA-5210891	Uptake and function of anthrax toxins	10
Reactome	R-HSA-5213460	RIPK1-mediated regulated necrosis	24
Reactome	R-HSA-5218859	Regulated Necrosis	39
Reactome	R-HSA-5218900	CASP8 activity is inhibited	7
Reactome	R-HSA-5218920	VEGFR2 mediated vascular permeability	25
Reactome	R-HSA-5218921	VEGFR2 mediated cell proliferation	17
Reactome	R-HSA-5221030	TET1,2,3 and TDG demethylate DNA	4
Reactome	R-HSA-5223345	Miscellaneous transport and binding events	19
Reactome	R-HSA-5250913	Positive epigenetic regulation of rRNA expression	42
Reactome	R-HSA-5250924	B-WICH complex positively regulates rRNA expression	31
Reactome	R-HSA-5250941	Negative epigenetic regulation of rRNA expression	42
Reactome	R-HSA-5250955	Toxicity of botulinum toxin type D (botD)	5
Reactome	R-HSA-5250958	Toxicity of botulinum toxin type B (botB)	3
Reactome	R-HSA-5250968	Toxicity of botulinum toxin type A (botA)	4
Reactome	R-HSA-5250971	Toxicity of botulinum toxin type C (botC)	3
Reactome	R-HSA-5250981	Toxicity of botulinum toxin type F (botF)	5
Reactome	R-HSA-5250982	Toxicity of tetanus toxin (tetX)	1
Reactome	R-HSA-5250989	Toxicity of botulinum toxin type G (botG)	3
Reactome	R-HSA-5250992	Toxicity of botulinum toxin type E (botE)	3
Reactome	R-HSA-525793	Myogenesis	22
Reactome	R-HSA-5260271	Diseases of Immune System	24
Reactome	R-HSA-5263617	Metabolism of ingested MeSeO2H into MeSeH	1
Reactome	R-HSA-532668	N-glycan trimming in the ER and Calnexin/Calreticulin cycle	32
Reactome	R-HSA-5334118	DNA methylation	5
Reactome	R-HSA-5336415	Uptake and function of diphtheria toxin	6
Reactome	R-HSA-5339562	Uptake and actions of bacterial toxins	28
Reactome	R-HSA-5339700	Signaling by TCF7L2 mutants	2
Reactome	R-HSA-5339716	Signaling by GSK3beta mutants	15
Reactome	R-HSA-5339717	Signaling by LRP5 mutants	4
Reactome	R-HSA-5340573	LGK974 inhibits PORCN	1
Reactome	R-HSA-5340588	Signaling by RNF43 mutants	6
Reactome	R-HSA-5357609	Glycogen storage disease type II (GAA)	1
Reactome	R-HSA-5357769	Caspase activation via extrinsic apoptotic signalling pathway	20
Reactome	R-HSA-5357786	TNFR1-induced proapoptotic signaling	23
Reactome	R-HSA-5357801	Programmed Cell Death	154
Reactome	R-HSA-5357905	Regulation of TNFR1 signaling	45
Reactome	R-HSA-5357956	TNFR1-induced NF-kappa-B signaling pathway	31
Reactome	R-HSA-5358346	Hedgehog ligand biogenesis	44
Reactome	R-HSA-5358351	Signaling by Hedgehog	118
Reactome	R-HSA-5358493	Synthesis of diphthamide-EEF2	8
Reactome	R-HSA-5358508	Mismatch Repair	13
Reactome	R-HSA-5358565	Mismatch repair (MMR) directed by MSH2:MSH6 (MutSalpha)	12
Reactome	R-HSA-5358606	Mismatch repair (MMR) directed by MSH2:MSH3 (MutSbeta)	12
Reactome	R-HSA-5358747	CTNNB1 S33 mutants aren't phosphorylated	15
Reactome	R-HSA-5358749	CTNNB1 S37 mutants aren't phosphorylated	15
Reactome	R-HSA-5358751	CTNNB1 S45 mutants aren't phosphorylated	15
Reactome	R-HSA-5358752	CTNNB1 T41 mutants aren't phosphorylated	15
Reactome	R-HSA-5362517	Signaling by Retinoic Acid	24
Reactome	R-HSA-5362768	Hh mutants are degraded by ERAD	38
Reactome	R-HSA-5362798	Release of Hh-Np from the secreting cell	6
Reactome	R-HSA-5365859	RA biosynthesis pathway	7
Reactome	R-HSA-5368286	Mitochondrial translation initiation	94
Reactome	R-HSA-5368287	Mitochondrial translation	106
Reactome	R-HSA-5368598	Negative regulation of TCF-dependent signaling by DVL-interacting proteins	5
Reactome	R-HSA-5387390	Hh mutants abrogate ligand secretion	38
Reactome	R-HSA-5389840	Mitochondrial translation elongation	94
Reactome	R-HSA-5419276	Mitochondrial translation termination	95
Reactome	R-HSA-5423599	Diseases of Mismatch Repair (MMR)	5
Reactome	R-HSA-5423646	Aflatoxin activation and detoxification	7
Reactome	R-HSA-5467333	APC truncation mutants are not K63 polyubiquitinated	1
Reactome	R-HSA-5467337	APC truncation mutants have impaired AXIN binding	14
Reactome	R-HSA-5467340	AXIN missense mutants destabilize the destruction complex	14
Reactome	R-HSA-5467343	Deletions in the AMER1 gene destabilize the destruction complex	1
Reactome	R-HSA-5467345	Deletions in the AXIN1 gene destabilize the destruction complex	1
Reactome	R-HSA-5467348	Truncations of AMER1 destabilize the destruction complex	14
Reactome	R-HSA-549127	SLC-mediated transport of organic cations	6
Reactome	R-HSA-5545483	Defective Mismatch Repair Associated With MLH1	2
Reactome	R-HSA-5545619	XAV939 stabilizes AXIN	1
Reactome	R-HSA-556833	Metabolism of lipids	532
Reactome	R-HSA-5576886	Phase 4 - resting membrane potential	13
Reactome	R-HSA-5576890	Phase 3 - rapid repolarisation	5
Reactome	R-HSA-5576891	Cardiac conduction	95
Reactome	R-HSA-5576892	Phase 0 - rapid depolarisation	24
Reactome	R-HSA-5576893	Phase 2 - plateau phase	9
Reactome	R-HSA-5576894	Phase 1 - inactivation of fast Na+ channels	5
Reactome	R-HSA-5578749	Transcriptional regulation by small RNAs	18
Reactome	R-HSA-5578768	Physiological factors	8
Reactome	R-HSA-5578775	Ion homeostasis	44
Reactome	R-HSA-5578995	Defective TPMT causes TPMT deficiency	1
Reactome	R-HSA-5578996	Defective CYP27A1 causes CTX	1
Reactome	R-HSA-5578998	Defective OPLAH causes OPLAHD	1
Reactome	R-HSA-5578999	Defective GCLC causes HAGGSD	2
Reactome	R-HSA-5579000	Defective CYP1B1 causes Glaucoma	1
Reactome	R-HSA-5579006	Defective GSS causes GSS deficiency	1
Reactome	R-HSA-5579007	Defective ACY1 causes encephalopathy	1
Reactome	R-HSA-5579011	Defective CYP2U1 causes SPG56	1
Reactome	R-HSA-5579012	Defective MAOA causes BRUNS	1
Reactome	R-HSA-5579013	Defective CYP7B1 causes SPG5A and CBAS3	1
Reactome	R-HSA-5579015	Defective CYP26B1 causes RHFCA	1
Reactome	R-HSA-5579020	Defective SLC35D1 causes SCHBCKD	1
Reactome	R-HSA-5579026	Defective CYP11A1 causes AICSR	1
Reactome	R-HSA-5579029	Metabolic disorders of biological oxidation enzymes	15
Reactome	R-HSA-5579031	Defective ACTH causes obesity and POMCD	1
Reactome	R-HSA-5579032	Defective TBXAS1 causes GHDD	1
Reactome	R-HSA-5601884	PIWI-interacting RNA (piRNA) biogenesis	16
Reactome	R-HSA-5602358	Diseases associated with the TLR signaling cascade	22
Reactome	R-HSA-5602410	TLR3 deficiency - HSE	1
Reactome	R-HSA-5602415	UNC93B1 deficiency - HSE	2
Reactome	R-HSA-5602498	MyD88 deficiency (TLR2/4)	9
Reactome	R-HSA-5602566	TICAM1 deficiency - HSE	2
Reactome	R-HSA-5602571	TRAF3 deficiency - HSE	3
Reactome	R-HSA-5602636	IKBKB deficiency causes SCID	3
Reactome	R-HSA-5602680	MyD88 deficiency (TLR5)	1
Reactome	R-HSA-5603027	IKBKG deficiency causes anhidrotic ectodermal dysplasia with immunodeficiency (EDA-ID) (via TLR)	3
Reactome	R-HSA-5603029	IkBA variant leads to EDA-ID	7
Reactome	R-HSA-5603037	IRAK4 deficiency (TLR5)	2
Reactome	R-HSA-5603041	IRAK4 deficiency (TLR2/4)	10
Reactome	R-HSA-5607761	Dectin-1 mediated noncanonical NF-kB signaling	41
Reactome	R-HSA-5607763	CLEC7A (Dectin-1) induces NFAT activation	11
Reactome	R-HSA-5607764	CLEC7A (Dectin-1) signaling	73
Reactome	R-HSA-5609974	Defective PGM1 causes PGM1-CDG	1
Reactome	R-HSA-5609975	Diseases associated with glycosylation precursor biosynthesis	16
Reactome	R-HSA-5609976	Defective GALK1 causes GALCT2	1
Reactome	R-HSA-5609977	Defective GALE causes EDG	1
Reactome	R-HSA-5609978	Defective GALT can cause GALCT	1
Reactome	R-HSA-561048	Organic anion transport by SLC22 transporters	2
Reactome	R-HSA-5610780	Degradation of GLI1 by the proteasome	40
Reactome	R-HSA-5610783	Degradation of GLI2 by the proteasome	40
Reactome	R-HSA-5610785	GLI3 is processed to GLI3R by the proteasome	40
Reactome	R-HSA-5610787	Hedgehog 'off' state	87
Reactome	R-HSA-5617472	Activation of anterior HOX genes in hindbrain development during early embryogenesis	50
Reactome	R-HSA-5617833	Cilium Assembly	189
Reactome	R-HSA-5619035	Defective SLC17A5 causes Salla disease (SD) and ISSD	1
Reactome	R-HSA-5619036	Defective SLC24A5 causes oculocutaneous albinism 6 (OCA6)	1
Reactome	R-HSA-5619037	Defective transport by SLC35A1 causes congenital disorder of glycosylation 2F (CDG2F)	1
Reactome	R-HSA-5619039	Defective SLC12A6 causes agenesis of the corpus callosum, with peripheral neuropathy (ACCPN)	1
Reactome	R-HSA-5619043	Defective SLC2A1 causes GLUT1 deficiency syndrome 1 (GLUT1DS1)	1
Reactome	R-HSA-5619046	Defective SLC26A4 causes Pendred syndrome (PDS)	1
Reactome	R-HSA-5619048	Defective SLC11A2 causes hypochromic microcytic anemia, with iron overload 1 (AHMIO1)	1
Reactome	R-HSA-5619049	Defective SLC40A1 causes hemochromatosis 4 (HFE4) (macrophages)	2
Reactome	R-HSA-5619052	Defective SLC9A9 causes autism 16 (AUTS16)	1
Reactome	R-HSA-5619054	Defective SLC4A4 causes renal tubular acidosis, proximal, with ocular abnormalities and mental retardation (pRTA-OA)	1
Reactome	R-HSA-5619055	Defective SLC24A4 causes hypomineralized amelogenesis imperfecta (AI)	1
Reactome	R-HSA-5619056	Defective HK1 causes hexokinase deficiency (HK deficiency)	1
Reactome	R-HSA-5619060	Defective CP causes aceruloplasminemia (ACERULOP)	2
Reactome	R-HSA-5619061	Defective SLC33A1 causes spastic paraplegia 42 (SPG42)	1
Reactome	R-HSA-5619062	Defective SLC1A3 causes episodic ataxia 6 (EA6)	1
Reactome	R-HSA-5619063	Defective SLC29A3 causes histiocytosis-lymphadenopathy plus syndrome (HLAS)	1
Reactome	R-HSA-5619067	Defective SLC1A1 is implicated in schizophrenia 18 (SCZD18) and dicarboxylic aminoaciduria (DCBXA)	1
Reactome	R-HSA-5619068	Defective SLC2A10 causes arterial tortuosity syndrome (ATS)	1
Reactome	R-HSA-5619070	Defective SLC16A1 causes symptomatic deficiency in lactate transport (SDLT)	1
Reactome	R-HSA-5619073	Defective GCK causes maturity-onset diabetes of the young 2 (MODY2)	1
Reactome	R-HSA-5619076	Defective SLC17A8 causes autosomal dominant deafness 25 (DFNA25)	1
Reactome	R-HSA-5619078	Defective SLC35C1 causes congenital disorder of glycosylation 2C (CDG2C)	1
Reactome	R-HSA-5619083	Defective SLC35A3 causes arthrogryposis, mental retardation, and seizures (AMRS)	1
Reactome	R-HSA-5619084	ABC transporter disorders	50
Reactome	R-HSA-5619089	Defective SLC6A5 causes hyperekplexia 3 (HKPX3)	1
Reactome	R-HSA-5619092	Defective SLC9A6 causes  X-linked, syndromic mental retardation,, Christianson type (MRXSCH)	1
Reactome	R-HSA-5619095	Defective SLCO2A1 causes primary, autosomal recessive hypertrophic osteoarthropathy 2 (PHOAR2)	1
Reactome	R-HSA-5619096	Defective SLC5A5 causes thyroid dyshormonogenesis 1 (TDH1)	1
Reactome	R-HSA-5619099	Defective AVP does not bind AVPR1A,B and causes neurohypophyseal diabetes insipidus (NDI)	2
Reactome	R-HSA-5619102	SLC transporter disorders	62
Reactome	R-HSA-5619107	Defective TPR may confer susceptibility towards thyroid papillary carcinoma (TPC)	27
Reactome	R-HSA-5619108	Defective SLC27A4 causes ichthyosis prematurity syndrome (IPS)	1
Reactome	R-HSA-5619111	Defective SLC20A2 causes idiopathic basal ganglia calcification 1 (IBGC1)	1
Reactome	R-HSA-5619114	Defective SLC5A7 in the neurotransmitter release cycle causes distal hereditary motor neuronopathy 7A (HMN7A)	1
Reactome	R-HSA-5619115	Disorders of transmembrane transporters	112
Reactome	R-HSA-5619507	Activation of HOX genes during differentiation	50
Reactome	R-HSA-5620912	Anchoring of the basal body to the plasma membrane	80
Reactome	R-HSA-5620916	VxPx cargo-targeting to cilium	18
Reactome	R-HSA-5620920	Cargo trafficking to the periciliary membrane	59
Reactome	R-HSA-5620922	BBSome-mediated cargo-targeting to cilium	22
Reactome	R-HSA-5620924	Intraflagellar transport	46
Reactome	R-HSA-5620971	Pyroptosis	15
Reactome	R-HSA-5621480	Dectin-2 family	5
Reactome	R-HSA-5621481	C-type lectin receptors (CLRs)	87
Reactome	R-HSA-5621575	CD209 (DC-SIGN) signaling	16
Reactome	R-HSA-5624138	Trafficking of myristoylated proteins to the cilium	5
Reactome	R-HSA-5624958	ARL13B-mediated ciliary trafficking of INPP5E	3
Reactome	R-HSA-5625740	RHO GTPases activate PKNs	32
Reactome	R-HSA-5625886	Activated PKN1 stimulates transcription of AR (androgen receptor) regulated genes KLK2 and KLK3	8
Reactome	R-HSA-5625900	RHO GTPases activate CIT	17
Reactome	R-HSA-5625970	RHO GTPases activate KTN1	11
Reactome	R-HSA-5626467	RHO GTPases activate IQGAPs	22
Reactome	R-HSA-5626978	TNFR1-mediated ceramide production	5
Reactome	R-HSA-5627083	RHO GTPases regulate CFTR trafficking	3
Reactome	R-HSA-5627117	RHO GTPases Activate ROCKs	18
Reactome	R-HSA-5627123	RHO GTPases activate PAKs	19
Reactome	R-HSA-5628897	TP53 Regulates Metabolic Genes	70
Reactome	R-HSA-5632681	Ligand-receptor interactions	6
Reactome	R-HSA-5632684	Hedgehog 'on' state	63
Reactome	R-HSA-5632927	Defective Mismatch Repair Associated With MSH3	2
Reactome	R-HSA-5632928	Defective Mismatch Repair Associated With MSH2	3
Reactome	R-HSA-5632968	Defective Mismatch Repair Associated With MSH6	2
Reactome	R-HSA-5632987	Defective Mismatch Repair Associated With PMS2	2
Reactome	R-HSA-5633007	Regulation of TP53 Activity	128
Reactome	R-HSA-5633008	TP53 Regulates Transcription of Cell Death Genes	30
Reactome	R-HSA-5633231	Defective ALG14 causes ALG14-CMS	2
Reactome	R-HSA-5635838	Activation of SMO	14
Reactome	R-HSA-5635851	GLI proteins bind promoters of Hh responsive genes to promote transcription	7
Reactome	R-HSA-5637810	Constitutive Signaling by EGFRvIII	14
Reactome	R-HSA-5637812	Signaling by EGFRvIII in Cancer	14
Reactome	R-HSA-5637815	Signaling by Ligand-Responsive EGFR Variants in Cancer	18
Reactome	R-HSA-5638302	Signaling by Overexpressed Wild-Type EGFR in Cancer	5
Reactome	R-HSA-5638303	Inhibition of Signaling by Overexpressed EGFR	5
Reactome	R-HSA-5649702	APEX1-Independent Resolution of AP Sites via the Single Nucleotide Replacement Pathway	6
Reactome	R-HSA-5651801	PCNA-Dependent Long Patch Base Excision Repair	18
Reactome	R-HSA-5652084	Fructose metabolism	4
Reactome	R-HSA-5652227	Fructose biosynthesis	2
Reactome	R-HSA-5653656	Vesicle-mediated transport	545
Reactome	R-HSA-5653890	Lactose synthesis	2
Reactome	R-HSA-5654219	Phospholipase C-mediated cascade: FGFR1	8
Reactome	R-HSA-5654221	Phospholipase C-mediated cascade; FGFR2	9
Reactome	R-HSA-5654227	Phospholipase C-mediated cascade; FGFR3	7
Reactome	R-HSA-5654228	Phospholipase C-mediated cascade; FGFR4	5
Reactome	R-HSA-5654687	Downstream signaling of activated FGFR1	22
Reactome	R-HSA-5654688	SHC-mediated cascade:FGFR1	12
Reactome	R-HSA-5654689	PI-3K cascade:FGFR1	13
Reactome	R-HSA-5654693	FRS-mediated FGFR1 signaling	14
Reactome	R-HSA-5654695	PI-3K cascade:FGFR2	14
Reactome	R-HSA-5654696	Downstream signaling of activated FGFR2	20
Reactome	R-HSA-5654699	SHC-mediated cascade:FGFR2	13
Reactome	R-HSA-5654700	FRS-mediated FGFR2 signaling	15
Reactome	R-HSA-5654704	SHC-mediated cascade:FGFR3	11
Reactome	R-HSA-5654706	FRS-mediated FGFR3 signaling	13
Reactome	R-HSA-5654708	Downstream signaling of activated FGFR3	18
Reactome	R-HSA-5654710	PI-3K cascade:FGFR3	12
Reactome	R-HSA-5654712	FRS-mediated FGFR4 signaling	11
Reactome	R-HSA-5654716	Downstream signaling of activated FGFR4	16
Reactome	R-HSA-5654719	SHC-mediated cascade:FGFR4	9
Reactome	R-HSA-5654720	PI-3K cascade:FGFR4	10
Reactome	R-HSA-5654726	Negative regulation of FGFR1 signaling	23
Reactome	R-HSA-5654727	Negative regulation of FGFR2 signaling	24
Reactome	R-HSA-5654732	Negative regulation of FGFR3 signaling	22
Reactome	R-HSA-5654733	Negative regulation of FGFR4 signaling	20
Reactome	R-HSA-5654736	Signaling by FGFR1	41
Reactome	R-HSA-5654738	Signaling by FGFR2	54
Reactome	R-HSA-5654741	Signaling by FGFR3	32
Reactome	R-HSA-5654743	Signaling by FGFR4	29
Reactome	R-HSA-5655253	Signaling by FGFR2 in disease	31
Reactome	R-HSA-5655291	Signaling by FGFR4 in disease	9
Reactome	R-HSA-5655302	Signaling by FGFR1 in disease	30
Reactome	R-HSA-5655332	Signaling by FGFR3 in disease	15
Reactome	R-HSA-5655799	Defective SLC40A1 causes hemochromatosis 4 (HFE4) (duodenum)	2
Reactome	R-HSA-5655862	Translesion synthesis by POLK	17
Reactome	R-HSA-5656121	Translesion synthesis by POLI	17
Reactome	R-HSA-5656169	Termination of translesion DNA synthesis	29
Reactome	R-HSA-5657562	Essential fructosuria	1
Reactome	R-HSA-5657655	MGMT-mediated DNA damage reversal	1
Reactome	R-HSA-5658034	HHAT G278V doesn't palmitoylate Hh-Np	1
Reactome	R-HSA-5658442	Regulation of RAS by GAPs	45
Reactome	R-HSA-5658471	Defective transport by SLC5A7 causes distal hereditary motor neuronopathy 7A (HMN7A)	1
Reactome	R-HSA-5658623	FGFRL1 modulation of FGFR1 signaling	7
Reactome	R-HSA-5659996	RPIA deficiency: failed conversion of R5P to RU5P	1
Reactome	R-HSA-5660489	MTF1 activates gene expression	3
Reactome	R-HSA-5660526	Response to metal ions	3
Reactome	R-HSA-5660668	CLEC7A/inflammasome pathway	5
Reactome	R-HSA-5660862	Defective amino acid transport by SLC7A7 causes lysinuric protein intolerance (LPI)	2
Reactome	R-HSA-5661270	Formation of xylulose-5-phosphate	5
Reactome	R-HSA-5662853	Essential pentosuria	1
Reactome	R-HSA-5663020	Defective SLC35A1 in sialic acid metabolism causes congenital disorder of glycosylation 2F (CDG2F)	1
Reactome	R-HSA-5663084	Diseases of carbohydrate metabolism	26
Reactome	R-HSA-5663202	Diseases of signal transduction by growth factor receptors and second messengers	375
Reactome	R-HSA-5663205	Infectious disease	938
Reactome	R-HSA-5663213	RHO GTPases Activate WASPs and WAVEs	34
Reactome	R-HSA-5663220	RHO GTPases Activate Formins	98
Reactome	R-HSA-5666185	RHO GTPases Activate Rhotekin and Rhophilins	8
Reactome	R-HSA-5668541	TNFR2 non-canonical NF-kB pathway	53
Reactome	R-HSA-5668599	RHO GTPases Activate NADPH Oxidases	17
Reactome	R-HSA-5668914	Diseases of metabolism	192
Reactome	R-HSA-5669034	TNFs bind their physiological receptors	6
Reactome	R-HSA-5673000	RAF activation	31
Reactome	R-HSA-5673001	RAF/MAP kinase cascade	206
Reactome	R-HSA-5674135	MAP2K and MAPK activation	32
Reactome	R-HSA-5674400	Constitutive Signaling by AKT1 E17K in Cancer	24
Reactome	R-HSA-5674499	Negative feedback regulation of MAPK pathway	6
Reactome	R-HSA-5675221	Negative regulation of MAPK pathway	36
Reactome	R-HSA-5675482	Regulation of necroptotic cell death	24
Reactome	R-HSA-5676590	NIK-->noncanonical NF-kB signaling	40
Reactome	R-HSA-5676594	TNF receptor superfamily (TNFSF) members mediating non-canonical NF-kB pathway	8
Reactome	R-HSA-5676934	Protein repair	4
Reactome	R-HSA-5678420	Defective ABCC9 causes CMD10, ATFB12 and Cantu syndrome	2
Reactome	R-HSA-5678771	Defective ABCB4 causes PFIC3, ICP3 and GBD1	1
Reactome	R-HSA-5678895	Defective CFTR causes cystic fibrosis	41
Reactome	R-HSA-5682113	Defective ABCA1 causes TGD	1
Reactome	R-HSA-5682910	LGI-ADAM interactions	14
Reactome	R-HSA-5683057	MAPK family signaling cascades	241
Reactome	R-HSA-5683177	Defective ABCC8 can cause hypo- and hyper-glycemias	2
Reactome	R-HSA-5683329	Defective ABCD4 causes MAHCJ	2
Reactome	R-HSA-5683678	Defective ABCA3 causes SMDP3_5683678	1
Reactome	R-HSA-5683826	Surfactant metabolism	11
Reactome	R-HSA-5684045	Defective ABCD1 causes ALD	1
Reactome	R-HSA-5684264	MAP3K8 (TPL2)-dependent MAPK1/3 activation	16
Reactome	R-HSA-5684996	MAPK1/MAPK3 signaling	210
Reactome	R-HSA-5685938	HDR through Single Strand Annealing (SSA)	33
Reactome	R-HSA-5685939	HDR through MMEJ (alt-NHEJ)	11
Reactome	R-HSA-5685942	HDR through Homologous Recombination (HRR)	58
Reactome	R-HSA-5686938	Regulation of TLR by endogenous ligand	9
Reactome	R-HSA-5687128	MAPK6/MAPK4 signaling	62
Reactome	R-HSA-5687613	Diseases associated with surfactant metabolism	1
Reactome	R-HSA-5688399	Defective ABCA3 causes SMDP3_5688399	1
Reactome	R-HSA-5688426	Deubiquitination	197
Reactome	R-HSA-5689603	UCH proteinases	62
Reactome	R-HSA-5689877	Josephin domain DUBs	10
Reactome	R-HSA-5689880	Ub-specific processing proteases	134
Reactome	R-HSA-5689896	Ovarian tumor domain proteases	30
Reactome	R-HSA-5689901	Metalloprotease DUBs	19
Reactome	R-HSA-5690714	CD22 mediated BCR regulation	2
Reactome	R-HSA-5693532	DNA Double-Strand Break Repair	148
Reactome	R-HSA-5693537	Resolution of D-Loop Structures	28
Reactome	R-HSA-5693538	Homology Directed Repair	88
Reactome	R-HSA-5693548	Sensing of DNA Double Strand Breaks	5
Reactome	R-HSA-5693554	Resolution of D-loop Structures through Synthesis-Dependent Strand Annealing (SDSA)	22
Reactome	R-HSA-5693565	Recruitment and ATM-mediated phosphorylation of repair and signaling proteins at DNA double strand breaks	42
Reactome	R-HSA-5693567	HDR through Homologous Recombination (HRR) or Single Strand Annealing (SSA)	83
Reactome	R-HSA-5693568	Resolution of D-loop Structures through Holliday Junction Intermediates	27
Reactome	R-HSA-5693571	Nonhomologous End-Joining (NHEJ)	32
Reactome	R-HSA-5693579	Homologous DNA Pairing and Strand Exchange	37
Reactome	R-HSA-5693606	DNA Double Strand Break Response	73
Reactome	R-HSA-5693607	Processing of DNA double-strand break ends	52
Reactome	R-HSA-5693616	Presynaptic phase of homologous DNA pairing and strand exchange	34
Reactome	R-HSA-5694530	Cargo concentration in the ER	26
Reactome	R-HSA-5696394	DNA Damage Recognition in GG-NER	34
Reactome	R-HSA-5696395	Formation of Incision Complex in GG-NER	34
Reactome	R-HSA-5696397	Gap-filling DNA repair synthesis and ligation in GG-NER	23
Reactome	R-HSA-5696398	Nucleotide Excision Repair	93
Reactome	R-HSA-5696399	Global Genome Nucleotide Excision Repair (GG-NER)	71
Reactome	R-HSA-5696400	Dual Incision in GG-NER	34
Reactome	R-HSA-597592	Post-translational protein modification	1100
Reactome	R-HSA-606279	Deposition of new CENPA-containing nucleosomes at the centromere	16
Reactome	R-HSA-611105	Respiratory electron transport	132
Reactome	R-HSA-622312	Inflammasomes	18
Reactome	R-HSA-622323	Presynaptic nicotinic acetylcholine receptors	6
Reactome	R-HSA-622327	Postsynaptic nicotinic acetylcholine receptors	6
Reactome	R-HSA-629587	Highly sodium permeable postsynaptic acetylcholine nicotinic receptors	3
Reactome	R-HSA-629594	Highly calcium permeable postsynaptic nicotinic acetylcholine receptors	6
Reactome	R-HSA-629597	Highly calcium permeable nicotinic acetylcholine receptors	6
Reactome	R-HSA-674695	RNA Polymerase II Pre-transcription Events	66
Reactome	R-HSA-6781823	Formation of TC-NER Pre-Incision Complex	45
Reactome	R-HSA-6781827	Transcription-Coupled Nucleotide Excision Repair (TC-NER)	67
Reactome	R-HSA-6782135	Dual incision in TC-NER	54
Reactome	R-HSA-6782210	Gap-filling DNA repair synthesis and ligation in TC-NER	54
Reactome	R-HSA-6782315	tRNA modification in the nucleus and cytosol	35
Reactome	R-HSA-6782861	Synthesis of wybutosine at G37 of tRNA(Phe)	4
Reactome	R-HSA-6783310	Fanconi Anemia Pathway	29
Reactome	R-HSA-6783589	Interleukin-6 family signaling	15
Reactome	R-HSA-6783783	Interleukin-10 signaling	14
Reactome	R-HSA-6783984	Glycine degradation	5
Reactome	R-HSA-6784531	tRNA processing in the nucleus	50
Reactome	R-HSA-6785470	tRNA processing in the mitochondrion	17
Reactome	R-HSA-6785631	ERBB2 Regulates Cell Motility	14
Reactome	R-HSA-6785807	Interleukin-4 and Interleukin-13 signaling	71
Reactome	R-HSA-6787450	tRNA modification in the mitochondrion	10
Reactome	R-HSA-6787639	GDP-fucose biosynthesis	5
Reactome	R-HSA-6788467	IL-6-type cytokine receptor ligand interactions	9
Reactome	R-HSA-6790901	rRNA modification in the nucleus and cytosol	48
Reactome	R-HSA-6791055	TALDO1 deficiency: failed conversion of SH7P, GA3P to Fru(6)P, E4P	1
Reactome	R-HSA-6791226	Major pathway of rRNA processing in the nucleolus and cytosol	130
Reactome	R-HSA-6791312	TP53 Regulates Transcription of Cell Cycle Genes	38
Reactome	R-HSA-6791461	RPIA deficiency: failed conversion of RU5P to R5P	1
Reactome	R-HSA-6791462	TALDO1 deficiency: failed conversion of  Fru(6)P, E4P to SH7P, GA3P	1
Reactome	R-HSA-6791465	Pentose phosphate pathway disease	2
Reactome	R-HSA-6793080	rRNA modification in the mitochondrion	11
Reactome	R-HSA-6794361	Neurexins and neuroligins	51
Reactome	R-HSA-6794362	Protein-protein interactions at synapses	79
Reactome	R-HSA-6796648	TP53 Regulates Transcription of DNA Repair Genes	51
Reactome	R-HSA-6798163	Choline catabolism	6
Reactome	R-HSA-6798695	Neutrophil degranulation	304
Reactome	R-HSA-6799198	Complex I biogenesis	59
Reactome	R-HSA-6799990	Metal sequestration by antimicrobial proteins	1
Reactome	R-HSA-6802946	Signaling by moderate kinase activity BRAF mutants	36
Reactome	R-HSA-6802948	Signaling by high-kinase activity BRAF mutants	28
Reactome	R-HSA-6802949	Signaling by RAS mutants	36
Reactome	R-HSA-6802952	Signaling by BRAF and RAF1 fusions	54
Reactome	R-HSA-6802953	RAS signaling downstream of NF1 loss-of-function variants	6
Reactome	R-HSA-6802955	Paradoxical activation of RAF signaling by kinase inactive BRAF	36
Reactome	R-HSA-6802957	Oncogenic MAPK signaling	68
Reactome	R-HSA-6803157	Antimicrobial peptides	10
Reactome	R-HSA-6803204	TP53 Regulates Transcription of Genes Involved in Cytochrome C Release	17
Reactome	R-HSA-6803205	TP53 regulates transcription of several additional cell death genes whose specific roles in p53-dependent apoptosis remain uncertain	10
Reactome	R-HSA-6803207	TP53 Regulates Transcription of Caspase Activators and Caspases	10
Reactome	R-HSA-6803211	TP53 Regulates Transcription of Death Receptors and Ligands	7
Reactome	R-HSA-6803529	FGFR2 alternative splicing	19
Reactome	R-HSA-6803544	Ion influx/efflux at host-pathogen interface	4
Reactome	R-HSA-6804114	TP53 Regulates Transcription of Genes Involved in G2 Cell Cycle Arrest	15
Reactome	R-HSA-6804115	TP53 regulates transcription of additional cell cycle genes whose exact role in the p53 pathway remain uncertain	15
Reactome	R-HSA-6804116	TP53 Regulates Transcription of Genes Involved in G1 Cell Cycle Arrest	11
Reactome	R-HSA-6804754	Regulation of TP53 Expression	1
Reactome	R-HSA-6804756	Regulation of TP53 Activity through Phosphorylation	73
Reactome	R-HSA-6804757	Regulation of TP53 Degradation	31
Reactome	R-HSA-6804758	Regulation of TP53 Activity through Acetylation	25
Reactome	R-HSA-6804759	Regulation of TP53 Activity through Association with Co-factors	11
Reactome	R-HSA-6804760	Regulation of TP53 Activity through Methylation	16
Reactome	R-HSA-6805567	Keratinization	20
Reactome	R-HSA-6806003	Regulation of TP53 Expression and Degradation	31
Reactome	R-HSA-6806664	Metabolism of vitamin K	3
Reactome	R-HSA-6806667	Metabolism of fat-soluble vitamins	29
Reactome	R-HSA-6806834	Signaling by MET	67
Reactome	R-HSA-6806942	MET Receptor Activation	4
Reactome	R-HSA-6807004	Negative regulation of MET activity	20
Reactome	R-HSA-6807047	Cholesterol biosynthesis via desmosterol (Bloch pathway)	9
Reactome	R-HSA-6807062	Zymostenol biosynthesis via lathosterol (Kandutsch-Russell pathway)	7
Reactome	R-HSA-6807070	PTEN Regulation	109
Reactome	R-HSA-6807505	RNA polymerase II transcribes snRNA genes	67
Reactome	R-HSA-6807878	COPI-mediated anterograde transport	79
Reactome	R-HSA-6809371	Formation of the cornified envelope	20
Reactome	R-HSA-6809583	Retinoid metabolism disease events	1
Reactome	R-HSA-6811434	COPI-dependent Golgi-to-ER retrograde traffic	75
Reactome	R-HSA-6811436	COPI-independent Golgi-to-ER retrograde traffic	41
Reactome	R-HSA-6811438	Intra-Golgi traffic	39
Reactome	R-HSA-6811440	Retrograde transport at the Trans-Golgi-Network	43
Reactome	R-HSA-6811442	Intra-Golgi and retrograde Golgi-to-ER traffic	166
Reactome	R-HSA-6811555	PI5P Regulates TP53 Acetylation	6
Reactome	R-HSA-6811558	PI5P, PP2A and IER3 Regulate PI3K/AKT Signaling	85
Reactome	R-HSA-6814122	Cooperation of PDCL (PhLP1) and TRiC/CCT in G-protein beta folding	30
Reactome	R-HSA-6814848	Glycerophospholipid catabolism	6
Reactome	R-HSA-68616	Assembly of the ORC complex at the origin of replication	11
Reactome	R-HSA-68689	CDC6 association with the ORC:origin complex	6
Reactome	R-HSA-68867	Assembly of the pre-replicative complex	66
Reactome	R-HSA-68875	Mitotic Prophase	73
Reactome	R-HSA-68877	Mitotic Prometaphase	142
Reactome	R-HSA-68881	Mitotic Metaphase/Anaphase Transition	2
Reactome	R-HSA-68882	Mitotic Anaphase	163
Reactome	R-HSA-68884	Mitotic Telophase/Cytokinesis	12
Reactome	R-HSA-68886	M Phase	262
Reactome	R-HSA-68911	G2 Phase	4
Reactome	R-HSA-68949	Orc1 removal from chromatin	50
Reactome	R-HSA-68952	DNA replication initiation	7
Reactome	R-HSA-68962	Activation of the pre-replicative complex	28
Reactome	R-HSA-69002	DNA Replication Pre-Initiation	80
Reactome	R-HSA-69017	CDK-mediated phosphorylation and removal of Cdc6	50
Reactome	R-HSA-69052	Switching of origins to a post-replicative state	68
Reactome	R-HSA-69091	Polymerase switching	13
Reactome	R-HSA-69109	Leading Strand Synthesis	13
Reactome	R-HSA-69166	Removal of the Flap Intermediate	13
Reactome	R-HSA-69183	Processive synthesis on the lagging strand	14
Reactome	R-HSA-69186	Lagging Strand Synthesis	19
Reactome	R-HSA-69190	DNA strand elongation	29
Reactome	R-HSA-69200	Phosphorylation of proteins involved in G1/S transition by active Cyclin E:Cdk2 complexes	4
Reactome	R-HSA-69202	Cyclin E associated events during G1/S transition	64
Reactome	R-HSA-69205	G1/S-Specific Transcription	24
Reactome	R-HSA-69206	G1/S Transition	103
Reactome	R-HSA-69231	Cyclin D associated events in G1	39
Reactome	R-HSA-69236	G1 Phase	39
Reactome	R-HSA-69239	Synthesis of DNA	93
Reactome	R-HSA-69242	S Phase	130
Reactome	R-HSA-69273	Cyclin A/B1/B2 associated events during G2/M transition	21
Reactome	R-HSA-69275	G2/M Transition	142
Reactome	R-HSA-69278	Cell Cycle, Mitotic	379
Reactome	R-HSA-69306	DNA Replication	109
Reactome	R-HSA-69416	Dimerization of procaspase-8	7
Reactome	R-HSA-69473	G2/M DNA damage checkpoint	50
Reactome	R-HSA-69478	G2/M DNA replication checkpoint	3
Reactome	R-HSA-69481	G2/M Checkpoints	99
Reactome	R-HSA-69541	Stabilization of p53	38
Reactome	R-HSA-69560	Transcriptional activation of p53 responsive genes	4
Reactome	R-HSA-69563	p53-Dependent G1 DNA Damage Response	46
Reactome	R-HSA-69580	p53-Dependent G1/S DNA damage checkpoint	46
Reactome	R-HSA-69601	Ubiquitin-Mediated Degradation of Phosphorylated Cdc25A	46
Reactome	R-HSA-69613	p53-Independent G1/S DNA Damage Checkpoint	46
Reactome	R-HSA-69615	G1/S DNA Damage Checkpoints	60
Reactome	R-HSA-69618	Mitotic Spindle Checkpoint	76
Reactome	R-HSA-69620	Cell Cycle Checkpoints	197
Reactome	R-HSA-69656	Cyclin A:Cdk2-associated events at S phase entry	66
Reactome	R-HSA-69895	Transcriptional  activation of  cell cycle inhibitor p21	4
Reactome	R-HSA-70171	Glycolysis	56
Reactome	R-HSA-70221	Glycogen breakdown (glycogenolysis)	13
Reactome	R-HSA-70263	Gluconeogenesis	12
Reactome	R-HSA-70268	Pyruvate metabolism	41
Reactome	R-HSA-70326	Glucose metabolism	60
Reactome	R-HSA-70350	Fructose catabolism	2
Reactome	R-HSA-70370	Galactose catabolism	6
Reactome	R-HSA-70635	Urea cycle	6
Reactome	R-HSA-70688	Proline catabolism	1
Reactome	R-HSA-70895	Branched-chain amino acid catabolism	21
Reactome	R-HSA-70921	Histidine catabolism	4
Reactome	R-HSA-71032	Propionyl-CoA catabolism	5
Reactome	R-HSA-71064	Lysine catabolism	10
Reactome	R-HSA-71240	Tryptophan catabolism	7
Reactome	R-HSA-71262	Carnitine synthesis	1
Reactome	R-HSA-71288	Creatine metabolism	6
Reactome	R-HSA-71291	Metabolism of amino acids and derivatives	236
Reactome	R-HSA-71336	Pentose phosphate pathway	10
Reactome	R-HSA-71384	Ethanol oxidation	5
Reactome	R-HSA-71387	Metabolism of carbohydrates and carbohydrate derivatives	229
Reactome	R-HSA-71403	Citric acid cycle (TCA cycle)	27
Reactome	R-HSA-71737	Pyrophosphate hydrolysis	3
Reactome	R-HSA-72086	mRNA Capping	23
Reactome	R-HSA-72163	mRNA Splicing - Major Pathway	169
Reactome	R-HSA-72165	mRNA Splicing - Minor Pathway	46
Reactome	R-HSA-72172	mRNA Splicing	176
Reactome	R-HSA-72187	mRNA 3'-end processing	132
Reactome	R-HSA-72200	mRNA Editing: C to U Conversion	1
Reactome	R-HSA-72202	Transport of Mature Transcript to Cytoplasm	68
Reactome	R-HSA-72203	Processing of Capped Intron-Containing Pre-mRNA	247
Reactome	R-HSA-72306	tRNA processing	105
Reactome	R-HSA-72312	rRNA processing	165
Reactome	R-HSA-72613	Eukaryotic Translation Initiation	73
Reactome	R-HSA-72649	Translation initiation complex formation	41
Reactome	R-HSA-72662	Activation of the mRNA upon binding of the cap-binding complex and eIFs, and subsequent binding to 43S	41
Reactome	R-HSA-72689	Formation of a pool of free 40S subunits	58
Reactome	R-HSA-72695	Formation of the ternary complex, and subsequently, the 43S complex	35
Reactome	R-HSA-72702	Ribosomal scanning and start codon recognition	42
Reactome	R-HSA-72706	GTP hydrolysis and joining of the 60S ribosomal subunit	68
Reactome	R-HSA-72731	Recycling of eIF2:GDP	7
Reactome	R-HSA-72737	Cap-dependent Translation Initiation	73
Reactome	R-HSA-72764	Eukaryotic Translation Termination	53
Reactome	R-HSA-72766	Translation	294
Reactome	R-HSA-727802	Transport of nucleotide sugars	7
Reactome	R-HSA-73614	Pyrimidine salvage	9
Reactome	R-HSA-73621	Pyrimidine catabolism	8
Reactome	R-HSA-73728	RNA Polymerase I Promoter Opening	7
Reactome	R-HSA-73762	RNA Polymerase I Transcription Initiation	36
Reactome	R-HSA-73772	RNA Polymerase I Promoter Escape	26
Reactome	R-HSA-73776	RNA Polymerase II Promoter Escape	35
Reactome	R-HSA-73779	RNA Polymerase II Transcription Pre-Initiation And Promoter Opening	35
Reactome	R-HSA-73780	RNA Polymerase III Chain Elongation	14
Reactome	R-HSA-73817	Purine ribonucleoside monophosphate biosynthesis	10
Reactome	R-HSA-73843	5-Phosphoribose 1-diphosphate biosynthesis	1
Reactome	R-HSA-73856	RNA Polymerase II Transcription Termination	26
Reactome	R-HSA-73857	RNA Polymerase II Transcription	823
Reactome	R-HSA-73863	RNA Polymerase I Transcription Termination	23
Reactome	R-HSA-73864	RNA Polymerase I Transcription	43
Reactome	R-HSA-73884	Base Excision Repair	40
Reactome	R-HSA-73886	Chromosome Maintenance	67
Reactome	R-HSA-73887	Death Receptor Signaling	130
Reactome	R-HSA-73893	DNA Damage Bypass	44
Reactome	R-HSA-73894	DNA Repair	271
Reactome	R-HSA-73927	Depurination	10
Reactome	R-HSA-73928	Depyrimidination	14
Reactome	R-HSA-73929	Base-Excision Repair, AP Site Formation	16
Reactome	R-HSA-73930	Abasic sugar-phosphate removal via the single-nucleotide replacement pathway	1
Reactome	R-HSA-73933	Resolution of Abasic Sites (AP sites)	33
Reactome	R-HSA-73942	DNA Damage Reversal	8
Reactome	R-HSA-73943	Reversal of alkylation damage by DNA dioxygenases	7
Reactome	R-HSA-73980	RNA Polymerase III Transcription Termination	19
Reactome	R-HSA-74158	RNA Polymerase III Transcription	36
Reactome	R-HSA-74160	Gene expression (Transcription)	968
Reactome	R-HSA-74182	Ketone body metabolism	8
Reactome	R-HSA-74217	Purine salvage	9
Reactome	R-HSA-74259	Purine catabolism	14
Reactome	R-HSA-74713	IRS activation	4
Reactome	R-HSA-74749	Signal attenuation	9
Reactome	R-HSA-74751	Insulin receptor signalling cascade	38
Reactome	R-HSA-74752	Signaling by Insulin receptor	58
Reactome	R-HSA-749476	RNA Polymerase III Abortive And Retractive Initiation	36
Reactome	R-HSA-75035	Chk1/Chk2(Cds1) mediated inactivation of Cyclin B:Cdk1 complex	10
Reactome	R-HSA-75064	mRNA Editing: A to I Conversion	2
Reactome	R-HSA-75067	Processing of Capped Intronless Pre-mRNA	26
Reactome	R-HSA-75072	mRNA Editing	3
Reactome	R-HSA-75094	Formation of the Editosome	1
Reactome	R-HSA-75102	C6 deamination of adenosine	2
Reactome	R-HSA-75105	Fatty acyl-CoA biosynthesis	25
Reactome	R-HSA-75108	Activation, myristolyation of BID and translocation to mitochondria	3
Reactome	R-HSA-75109	Triglyceride biosynthesis	6
Reactome	R-HSA-75153	Apoptotic execution phase	41
Reactome	R-HSA-75157	FasL/ CD95L signaling	2
Reactome	R-HSA-75158	TRAIL  signaling	4
Reactome	R-HSA-75205	Dissolution of Fibrin Clot	7
Reactome	R-HSA-75815	Ubiquitin-dependent degradation of Cyclin D	34
Reactome	R-HSA-75876	Synthesis of very long-chain fatty acyl-CoAs	19
Reactome	R-HSA-75892	Platelet Adhesion to exposed collagen	10
Reactome	R-HSA-75893	TNF signaling	54
Reactome	R-HSA-75896	Plasmalogen biosynthesis	3
Reactome	R-HSA-75944	Transcription from mitochondrial promoters	3
Reactome	R-HSA-75953	RNA Polymerase II Transcription Initiation	35
Reactome	R-HSA-75955	RNA Polymerase II Transcription Elongation	49
Reactome	R-HSA-76002	Platelet activation, signaling and aggregation	210
Reactome	R-HSA-76005	Response to elevated platelet cytosolic Ca2+	99
Reactome	R-HSA-76009	Platelet Aggregation (Plug Formation)	30
Reactome	R-HSA-76042	RNA Polymerase II Transcription Initiation And Promoter Clearance	35
Reactome	R-HSA-76046	RNA Polymerase III Transcription Initiation	31
Reactome	R-HSA-76061	RNA Polymerase III Transcription Initiation From Type 1 Promoter	23
Reactome	R-HSA-76066	RNA Polymerase III Transcription Initiation From Type 2 Promoter	22
Reactome	R-HSA-76071	RNA Polymerase III Transcription Initiation From Type 3 Promoter	23
Reactome	R-HSA-77042	Formation of editosomes by ADAR proteins	2
Reactome	R-HSA-77075	RNA Pol II CTD phosphorylation and interaction with CE	21
Reactome	R-HSA-77108	Utilization of Ketone Bodies	2
Reactome	R-HSA-77111	Synthesis of Ketone Bodies	7
Reactome	R-HSA-77285	Beta oxidation of myristoyl-CoA to lauroyl-CoA	3
Reactome	R-HSA-77286	mitochondrial fatty acid beta-oxidation of saturated fatty acids	9
Reactome	R-HSA-77288	mitochondrial fatty acid beta-oxidation of unsaturated fatty acids	6
Reactome	R-HSA-77289	Mitochondrial Fatty Acid Beta-Oxidation	27
Reactome	R-HSA-77305	Beta oxidation of palmitoyl-CoA to myristoyl-CoA	3
Reactome	R-HSA-77310	Beta oxidation of lauroyl-CoA to decanoyl-CoA-CoA	5
Reactome	R-HSA-77346	Beta oxidation of decanoyl-CoA to octanoyl-CoA-CoA	6
Reactome	R-HSA-77348	Beta oxidation of octanoyl-CoA to hexanoyl-CoA	5
Reactome	R-HSA-77350	Beta oxidation of hexanoyl-CoA to butanoyl-CoA	5
Reactome	R-HSA-77352	Beta oxidation of butanoyl-CoA to acetyl-CoA	3
Reactome	R-HSA-77387	Insulin receptor recycling	21
Reactome	R-HSA-774815	Nucleosome assembly	16
Reactome	R-HSA-77588	SLBP Dependent Processing of Replication-Dependent Histone Pre-mRNAs	10
Reactome	R-HSA-77595	Processing of Intronless Pre-mRNAs	18
Reactome	R-HSA-804914	Transport of fatty acids	3
Reactome	R-HSA-83936	Transport of nucleosides and free purine and pyrimidine bases across the plasma membrane	8
Reactome	R-HSA-844455	The NLRP1 inflammasome	2
Reactome	R-HSA-844456	The NLRP3 inflammasome	14
Reactome	R-HSA-844615	The AIM2 inflammasome	2
Reactome	R-HSA-844623	The IPAF inflammasome	1
Reactome	R-HSA-877300	Interferon gamma signaling	47
Reactome	R-HSA-877312	Regulation of IFNG signaling	11
Reactome	R-HSA-879415	Advanced glycosylation endproduct receptor signaling	8
Reactome	R-HSA-879518	Organic anion transport by SLCO transporters	8
Reactome	R-HSA-880009	Interconversion of 2-oxoglutarate and 2-hydroxyglutarate	3
Reactome	R-HSA-881907	Gastrin-CREB signalling pathway via PKC and MAPK	14
Reactome	R-HSA-8847453	Synthesis of PIPs in the nucleus	2
Reactome	R-HSA-8847993	ERBB2 Activates PTK6 Signaling	11
Reactome	R-HSA-8848021	Signaling by PTK6	50
Reactome	R-HSA-8848584	Wax and plasmalogen biosynthesis	5
Reactome	R-HSA-8849175	Threonine catabolism	2
Reactome	R-HSA-8849468	PTK6 Regulates Proteins Involved in RNA Processing	4
Reactome	R-HSA-8849469	PTK6 Regulates RTKs and Their Effectors AKT1 and DOK1	8
Reactome	R-HSA-8849470	PTK6 Regulates Cell Cycle	5
Reactome	R-HSA-8849471	PTK6 Regulates RHO GTPases, RAS GTPase and MAP kinases	12
Reactome	R-HSA-8849472	PTK6 Down-Regulation	1
Reactome	R-HSA-8849473	PTK6 Expression	4
Reactome	R-HSA-8849474	PTK6 Activates STAT3	3
Reactome	R-HSA-8849932	Synaptic adhesion-like molecules	19
Reactome	R-HSA-8850843	Phosphate bond hydrolysis by NTPDase proteins	6
Reactome	R-HSA-8851680	Butyrophilin (BTN) family interactions	3
Reactome	R-HSA-8851708	Signaling by FGFR2 IIIa TM	17
Reactome	R-HSA-8851805	MET activates RAS signaling	9
Reactome	R-HSA-8851907	MET activates PI3K/AKT signaling	6
Reactome	R-HSA-8852135	Protein ubiquitination	55
Reactome	R-HSA-8852276	The role of GTSE1 in G2/M progression after G2 checkpoint	48
Reactome	R-HSA-8852405	Signaling by MST1	3
Reactome	R-HSA-8853333	Signaling by FGFR2 fusions	1
Reactome	R-HSA-8853334	Signaling by FGFR3 fusions in cancer	1
Reactome	R-HSA-8853336	Signaling by plasma membrane FGFR1 fusions	3
Reactome	R-HSA-8853383	Lysosomal oligosaccharide catabolism	4
Reactome	R-HSA-8853659	RET signaling	33
Reactome	R-HSA-8853884	Transcriptional Regulation by VENTX	32
Reactome	R-HSA-8854050	FBXL7 down-regulates AURKA during mitotic entry and in early mitosis	37
Reactome	R-HSA-8854214	TBC/RABGAPs	41
Reactome	R-HSA-8854518	AURKA Activation by TPX2	56
Reactome	R-HSA-8854521	Interaction between PHLDA1 and AURKA	2
Reactome	R-HSA-8854691	Interleukin-20 family signaling	11
Reactome	R-HSA-8856688	Golgi-to-ER retrograde transport	105
Reactome	R-HSA-8856825	Cargo recognition for clathrin-mediated endocytosis	87
Reactome	R-HSA-8856828	Clathrin-mediated endocytosis	125
Reactome	R-HSA-8857538	PTK6 promotes HIF1A stabilization	5
Reactome	R-HSA-8862803	Deregulated CDK5 triggers multiple neurodegenerative pathways in Alzheimer's disease models	17
Reactome	R-HSA-8863678	Neurodegenerative Diseases	17
Reactome	R-HSA-8863795	Downregulation of ERBB2 signaling	26
Reactome	R-HSA-8864260	Transcriptional regulation by the AP-2 (TFAP2) family of transcription factors	25
Reactome	R-HSA-8865999	MET activates PTPN11	5
Reactome	R-HSA-8866376	Reelin signalling pathway	5
Reactome	R-HSA-8866423	VLDL assembly	3
Reactome	R-HSA-8866427	VLDLR internalisation and degradation	14
Reactome	R-HSA-8866652	Synthesis of active ubiquitin: roles of E1 and E2 enzymes	25
Reactome	R-HSA-8866654	E3 ubiquitin ligases ubiquitinate target proteins	40
Reactome	R-HSA-8866904	Negative regulation of activity of TFAP2 (AP-2) family transcription factors	5
Reactome	R-HSA-8866906	TFAP2 (AP-2) family regulates transcription of other transcription factors	1
Reactome	R-HSA-8866907	Activation of the TFAP2 (AP-2) family of transcription factors	7
Reactome	R-HSA-8866910	TFAP2 (AP-2) family regulates transcription of growth factors and their receptors	7
Reactome	R-HSA-8866911	TFAP2 (AP-2) family regulates transcription of cell cycle factors	3
Reactome	R-HSA-8868766	rRNA processing in the mitochondrion	26
Reactome	R-HSA-8868773	rRNA processing in the nucleus and cytosol	139
Reactome	R-HSA-8869496	TFAP2A acts as a transcriptional repressor during retinoic acid induced cell differentiation	2
Reactome	R-HSA-8873719	RAB geranylgeranylation	56
Reactome	R-HSA-8874081	MET activates PTK2 signaling	24
Reactome	R-HSA-8874177	ATF6B (ATF6-beta) activates chaperones	3
Reactome	R-HSA-8874211	CREB3 factors activate genes	6
Reactome	R-HSA-8875360	InlB-mediated entry of Listeria monocytogenes into host cell	14
Reactome	R-HSA-8875513	MET interacts with TNS proteins	4
Reactome	R-HSA-8875555	MET activates RAP1 and RAC1	11
Reactome	R-HSA-8875656	MET receptor recycling	10
Reactome	R-HSA-8875791	MET activates STAT3	3
Reactome	R-HSA-8875878	MET promotes cell motility	34
Reactome	R-HSA-8876198	RAB GEFs exchange GTP for GDP on RABs	79
Reactome	R-HSA-8876384	Listeria monocytogenes entry into host cells	18
Reactome	R-HSA-8876493	InlA-mediated entry of Listeria monocytogenes into host cells	8
Reactome	R-HSA-8876725	Protein methylation	14
Reactome	R-HSA-8877330	RUNX1 and FOXP3 control the development of regulatory T lymphocytes (Tregs)	3
Reactome	R-HSA-8877627	Vitamin E transport	1
Reactome	R-HSA-8878159	Transcriptional regulation by RUNX3	73
Reactome	R-HSA-8878166	Transcriptional regulation by RUNX2	88
Reactome	R-HSA-8878171	Transcriptional regulation by RUNX1	134
Reactome	R-HSA-888568	GABA synthesis	2
Reactome	R-HSA-888590	GABA synthesis, release, reuptake and degradation	19
Reactome	R-HSA-888593	Reuptake of GABA	4
Reactome	R-HSA-8931838	DAG1 glycosylations	16
Reactome	R-HSA-8931987	RUNX1 regulates estrogen receptor mediated transcription	6
Reactome	R-HSA-8932504	DAG1 core M2 glycosylations	5
Reactome	R-HSA-8932505	DAG1 core M3 glycosylations	5
Reactome	R-HSA-8932506	DAG1 core M1 glycosylations	4
Reactome	R-HSA-8934593	Regulation of RUNX1 Expression and Activity	16
Reactome	R-HSA-8934903	Receptor Mediated Mitophagy	7
Reactome	R-HSA-8935690	Digestion	2
Reactome	R-HSA-8935964	RUNX1 regulates expression of components of tight junctions	3
Reactome	R-HSA-8936459	RUNX1 regulates genes involved in megakaryocyte differentiation and platelet function	34
Reactome	R-HSA-8937144	Aryl hydrocarbon receptor signalling	6
Reactome	R-HSA-8939211	ESR-mediated signaling	145
Reactome	R-HSA-8939236	RUNX1 regulates transcription of genes involved in differentiation of HSCs	52
Reactome	R-HSA-8939242	RUNX1 regulates transcription of genes involved in differentiation of keratinocytes	5
Reactome	R-HSA-8939243	RUNX1 interacts with co-factors whose precise effect on RUNX1 targets is not known	32
Reactome	R-HSA-8939245	RUNX1 regulates transcription of genes involved in BCR signaling	5
Reactome	R-HSA-8939246	RUNX1 regulates transcription of genes involved in differentiation of myeloid cells	6
Reactome	R-HSA-8939247	RUNX1 regulates transcription of genes involved in interleukin signaling	4
Reactome	R-HSA-8939256	RUNX1 regulates transcription of genes involved in WNT signaling	5
Reactome	R-HSA-8939902	Regulation of RUNX2 expression and activity	52
Reactome	R-HSA-8940973	RUNX2 regulates osteoblast differentiation	20
Reactome	R-HSA-8941237	Invadopodia formation	3
Reactome	R-HSA-8941284	RUNX2 regulates chondrocyte maturation	4
Reactome	R-HSA-8941326	RUNX2 regulates bone development	26
Reactome	R-HSA-8941332	RUNX2 regulates genes involved in cell migration	6
Reactome	R-HSA-8941333	RUNX2 regulates genes involved in differentiation of myeloid cells	4
Reactome	R-HSA-8941413	Events associated with phagocytolytic activity of PMN cells	1
Reactome	R-HSA-8941855	RUNX3 regulates CDKN1A transcription	6
Reactome	R-HSA-8941856	RUNX3 regulates NOTCH signaling	12
Reactome	R-HSA-8941858	Regulation of RUNX3 expression and activity	37
Reactome	R-HSA-8942233	Intestinal infectious diseases	2
Reactome	R-HSA-8943723	Regulation of PTEN mRNA translation	10
Reactome	R-HSA-8943724	Regulation of PTEN gene transcription	54
Reactome	R-HSA-8948216	Collagen chain trimerization	29
Reactome	R-HSA-8948700	Competing endogenous RNAs (ceRNAs) regulate PTEN translation	10
Reactome	R-HSA-8948747	Regulation of PTEN localization	8
Reactome	R-HSA-8948751	Regulation of PTEN stability and activity	43
Reactome	R-HSA-8949215	Mitochondrial calcium ion transport	22
Reactome	R-HSA-8949275	RUNX3 Regulates Immune Response and Cell Migration	4
Reactome	R-HSA-8949613	Cristae formation	30
Reactome	R-HSA-8949664	Processing of SMDT1	15
Reactome	R-HSA-8950505	Gene and protein expression by JAK-STAT signaling after Interleukin-12 stimulation	26
Reactome	R-HSA-8951430	RUNX3 regulates WNT signaling	6
Reactome	R-HSA-8951664	Neddylation	189
Reactome	R-HSA-8951671	RUNX3 regulates YAP1-mediated transcription	6
Reactome	R-HSA-8951911	RUNX3 regulates RUNX1-mediated transcription	2
Reactome	R-HSA-8951936	RUNX3 regulates p14-ARF	7
Reactome	R-HSA-8952158	RUNX3 regulates BCL2L11 (BIM) transcription	4
Reactome	R-HSA-8953750	Transcriptional Regulation by E2F6	29
Reactome	R-HSA-8953854	Metabolism of RNA	606
Reactome	R-HSA-8953897	Cellular responses to stimuli	677
Reactome	R-HSA-8955332	Carboxyterminal post-translational modifications of tubulin	31
Reactome	R-HSA-8956319	Nucleotide catabolism	26
Reactome	R-HSA-8956320	Nucleotide biosynthesis	13
Reactome	R-HSA-8956321	Nucleotide salvage	17
Reactome	R-HSA-8957275	Post-translational protein phosphorylation	71
Reactome	R-HSA-8957322	Metabolism of steroids	97
Reactome	R-HSA-8963676	Intestinal absorption	1
Reactome	R-HSA-8963684	Tyrosine catabolism	2
Reactome	R-HSA-8963691	Phenylalanine and tyrosine metabolism	6
Reactome	R-HSA-8963693	Aspartate and asparagine metabolism	8
Reactome	R-HSA-8963743	Digestion and absorption	3
Reactome	R-HSA-8963888	Chylomicron assembly	5
Reactome	R-HSA-8963889	Assembly of active LPL and LIPC lipase complexes	9
Reactome	R-HSA-8963896	HDL assembly	5
Reactome	R-HSA-8963898	Plasma lipoprotein assembly	11
Reactome	R-HSA-8963899	Plasma lipoprotein remodeling	17
Reactome	R-HSA-8963901	Chylomicron remodeling	3
Reactome	R-HSA-8964011	HDL clearance	4
Reactome	R-HSA-8964026	Chylomicron clearance	3
Reactome	R-HSA-8964038	LDL clearance	14
Reactome	R-HSA-8964041	LDL remodeling	2
Reactome	R-HSA-8964043	Plasma lipoprotein clearance	28
Reactome	R-HSA-8964046	VLDL clearance	3
Reactome	R-HSA-8964058	HDL remodeling	5
Reactome	R-HSA-8964208	Phenylalanine metabolism	4
Reactome	R-HSA-8964315	G beta:gamma signalling through BTK	16
Reactome	R-HSA-8964539	Glutamate and glutamine metabolism	11
Reactome	R-HSA-8964540	Alanine metabolism	2
Reactome	R-HSA-8964572	Lipid particle organization	3
Reactome	R-HSA-8964616	G beta:gamma signalling through CDC42	18
Reactome	R-HSA-8978868	Fatty acid metabolism	115
Reactome	R-HSA-8978934	Metabolism of cofactors	22
Reactome	R-HSA-8979227	Triglyceride metabolism	19
Reactome	R-HSA-8980692	RHOA GTPase cycle	125
Reactome	R-HSA-8981373	Intestinal hexose absorption	1
Reactome	R-HSA-8981607	Intracellular oxygen transport	3
Reactome	R-HSA-8982491	Glycogen metabolism	23
Reactome	R-HSA-8983432	Interleukin-15 signaling	13
Reactome	R-HSA-8983711	OAS antiviral response	5
Reactome	R-HSA-8984722	Interleukin-35 Signalling	6
Reactome	R-HSA-8985586	SLIT2:ROBO1 increases RHOA activity	4
Reactome	R-HSA-8985801	Regulation of cortical dendrite branching	4
Reactome	R-HSA-8985947	Interleukin-9 signaling	7
Reactome	R-HSA-8986944	Transcriptional Regulation by MECP2	51
Reactome	R-HSA-9005891	Loss of function of MECP2 in Rett syndrome	10
Reactome	R-HSA-9005895	Pervasive developmental disorders	10
Reactome	R-HSA-9006115	Signaling by NTRK2 (TRKB)	22
Reactome	R-HSA-9006335	Signaling by Erythropoietin	23
Reactome	R-HSA-9006821	Alternative Lengthening of Telomeres (ALT)	1
Reactome	R-HSA-9006925	Intracellular signaling by second messengers	250
Reactome	R-HSA-9006927	Signaling by Non-Receptor Tyrosine Kinases	50
Reactome	R-HSA-9006931	Signaling by Nuclear Receptors	189
Reactome	R-HSA-9006934	Signaling by Receptor Tyrosine Kinases	444
Reactome	R-HSA-9006936	Signaling by TGFB family members	133
Reactome	R-HSA-9007101	Rab regulation of trafficking	108
Reactome	R-HSA-9007892	Interleukin-38 signaling	2
Reactome	R-HSA-9008059	Interleukin-37 signaling	16
Reactome	R-HSA-9009391	Extra-nuclear estrogen signaling	63
Reactome	R-HSA-901032	ER Quality Control Compartment (ERQC)	19
Reactome	R-HSA-901042	Calnexin/calreticulin cycle	23
Reactome	R-HSA-9010553	Regulation of expression of SLITs and ROBOs	106
Reactome	R-HSA-9010642	ROBO receptors bind AKAP5	5
Reactome	R-HSA-9012546	Interleukin-18 signaling	2
Reactome	R-HSA-9012852	Signaling by NOTCH3	42
Reactome	R-HSA-9012999	RHO GTPase cycle	389
Reactome	R-HSA-9013026	RHOB GTPase cycle	61
Reactome	R-HSA-9013106	RHOC GTPase cycle	65
Reactome	R-HSA-9013148	CDC42 GTPase cycle	133
Reactome	R-HSA-9013149	RAC1 GTPase cycle	160
Reactome	R-HSA-9013404	RAC2 GTPase cycle	81
Reactome	R-HSA-9013405	RHOD GTPase cycle	49
Reactome	R-HSA-9013406	RHOQ GTPase cycle	53
Reactome	R-HSA-9013407	RHOH GTPase cycle	35
Reactome	R-HSA-9013408	RHOG GTPase cycle	67
Reactome	R-HSA-9013409	RHOJ GTPase cycle	51
Reactome	R-HSA-9013418	RHOBTB2 GTPase cycle	19
Reactome	R-HSA-9013419	RHOT2 GTPase cycle	6
Reactome	R-HSA-9013420	RHOU GTPase cycle	36
Reactome	R-HSA-9013422	RHOBTB1 GTPase cycle	21
Reactome	R-HSA-9013423	RAC3 GTPase cycle	82
Reactome	R-HSA-9013424	RHOV GTPase cycle	34
Reactome	R-HSA-9013425	RHOT1 GTPase cycle	4
Reactome	R-HSA-9013507	NOTCH3 Activation and Transmission of Signal to the Nucleus	22
Reactome	R-HSA-9013508	NOTCH3 Intracellular Domain Regulates Transcription	21
Reactome	R-HSA-9013694	Signaling by NOTCH4	62
Reactome	R-HSA-9013695	NOTCH4 Intracellular Domain Regulates Transcription	17
Reactome	R-HSA-9013700	NOTCH4 Activation and Transmission of Signal to the Nucleus	9
Reactome	R-HSA-9013957	TLR3-mediated TICAM1-dependent programmed cell death	5
Reactome	R-HSA-9013973	TICAM1-dependent activation of IRF3/IRF7	12
Reactome	R-HSA-9014325	TICAM1,TRAF6-dependent induction of TAK1 complex	11
Reactome	R-HSA-9014826	Interleukin-36 pathway	1
Reactome	R-HSA-9014843	Interleukin-33 signaling	2
Reactome	R-HSA-9017802	Noncanonical activation of NOTCH3	7
Reactome	R-HSA-9018519	Estrogen-dependent gene expression	86
Reactome	R-HSA-9018676	Biosynthesis of D-series resolvins	3
Reactome	R-HSA-9018677	Biosynthesis of DHA-derived SPMs	7
Reactome	R-HSA-9018678	Biosynthesis of specialized proresolving mediators (SPMs)	9
Reactome	R-HSA-9018679	Biosynthesis of EPA-derived SPMs	4
Reactome	R-HSA-9018681	Biosynthesis of protectins	1
Reactome	R-HSA-9018682	Biosynthesis of maresins	1
Reactome	R-HSA-9018683	Biosynthesis of DPA-derived SPMs	2
Reactome	R-HSA-9018896	Biosynthesis of E-series 18(S)-resolvins	3
Reactome	R-HSA-9020265	Biosynthesis of aspirin-triggered D-series resolvins	2
Reactome	R-HSA-9020558	Interleukin-2 signaling	9
Reactome	R-HSA-9020591	Interleukin-12 signaling	30
Reactome	R-HSA-9020702	Interleukin-1 signaling	83
Reactome	R-HSA-9020933	Interleukin-23 signaling	4
Reactome	R-HSA-9020956	Interleukin-27 signaling	7
Reactome	R-HSA-9020958	Interleukin-21 signaling	8
Reactome	R-HSA-9022534	Loss of MECP2 binding ability to 5hmC-DNA	1
Reactome	R-HSA-9022535	Loss of phosphorylation of MECP2 at T308	3
Reactome	R-HSA-9022537	Loss of MECP2 binding ability to the NCoR/SMRT complex	5
Reactome	R-HSA-9022538	Loss of MECP2 binding ability to 5mC-DNA	4
Reactome	R-HSA-9022692	Regulation of MECP2 expression and activity	26
Reactome	R-HSA-9022699	MECP2 regulates neuronal receptors and channels	17
Reactome	R-HSA-9022702	MECP2 regulates transcription of neuronal ligands	7
Reactome	R-HSA-9022707	MECP2 regulates transcription factors	4
Reactome	R-HSA-9022927	MECP2 regulates transcription of genes involved in GABA signaling	3
Reactome	R-HSA-9023661	Biosynthesis of E-series 18(R)-resolvins	2
Reactome	R-HSA-9024446	NR1H2 and NR1H3-mediated signaling	33
Reactome	R-HSA-9024909	BDNF activates NTRK2 (TRKB) signaling	2
Reactome	R-HSA-9025046	NTF3 activates NTRK2 (TRKB) signaling	2
Reactome	R-HSA-9025094	Biosynthesis of DPAn-3 SPMs	2
Reactome	R-HSA-9025106	Biosynthesis of DPAn-6 SPMs	1
Reactome	R-HSA-9026290	Biosynthesis of DPAn-3-derived maresins	1
Reactome	R-HSA-9026357	NTF4 activates NTRK2 (TRKB) signaling	1
Reactome	R-HSA-9026395	Biosynthesis of DHA-derived sulfido conjugates	1
Reactome	R-HSA-9026519	Activated NTRK2 signals through RAS	7
Reactome	R-HSA-9026527	Activated NTRK2 signals through PLCG1	3
Reactome	R-HSA-9026762	Biosynthesis of maresin conjugates in tissue regeneration (MCTR)	1
Reactome	R-HSA-9027276	Erythropoietin activates Phosphoinositide-3-kinase (PI3K)	11
Reactome	R-HSA-9027277	Erythropoietin activates Phospholipase C gamma (PLCG)	6
Reactome	R-HSA-9027283	Erythropoietin activates STAT5	6
Reactome	R-HSA-9027284	Erythropoietin activates RAS	12
Reactome	R-HSA-9027604	Biosynthesis of electrophilic ω-3 PUFA oxo-derivatives	1
Reactome	R-HSA-9028335	Activated NTRK2 signals through PI3K	6
Reactome	R-HSA-9028731	Activated NTRK2 signals through FRS2 and FRS3	9
Reactome	R-HSA-9029558	NR1H2 & NR1H3 regulate gene expression linked to lipogenesis	6
Reactome	R-HSA-9029569	NR1H3 & NR1H2 regulate gene expression linked to cholesterol transport and efflux	29
Reactome	R-HSA-9031525	NR1H2 & NR1H3 regulate gene expression to limit cholesterol uptake	4
Reactome	R-HSA-9031528	NR1H2 & NR1H3 regulate gene expression linked to triglyceride lipolysis in adipose	3
Reactome	R-HSA-9031628	NGF-stimulated transcription	34
Reactome	R-HSA-9032500	Activated NTRK2 signals through FYN	6
Reactome	R-HSA-9032759	NTRK2 activates RAC1	5
Reactome	R-HSA-9032845	Activated NTRK2 signals through CDK5	6
Reactome	R-HSA-9033241	Peroxisomal protein import	49
Reactome	R-HSA-9033500	TYSND1 cleaves peroxisomal proteins	6
Reactome	R-HSA-9033658	Blood group systems biosynthesis	9
Reactome	R-HSA-9034013	NTF3 activates NTRK3 signaling	2
Reactome	R-HSA-9034015	Signaling by NTRK3 (TRKC)	15
Reactome	R-HSA-9034793	Activated NTRK3 signals through PLCG1	3
Reactome	R-HSA-9034864	Activated NTRK3 signals through RAS	7
Reactome	R-HSA-9035034	RHOF GTPase cycle	38
Reactome	R-HSA-9036092	Defective AVP does not bind AVPR2 and causes neurohypophyseal diabetes insipidus (NDI)	1
Reactome	R-HSA-9036866	Expression and Processing of Neurotrophins	4
Reactome	R-HSA-9037629	Lewis blood group biosynthesis	9
Reactome	R-HSA-909733	Interferon alpha/beta signaling	32
Reactome	R-HSA-912446	Meiotic recombination	22
Reactome	R-HSA-912526	Interleukin receptor SHC signaling	16
Reactome	R-HSA-912631	Regulation of signaling by CBL	22
Reactome	R-HSA-912694	Regulation of IFNA/IFNB signaling	10
Reactome	R-HSA-913531	Interferon Signaling	210
Reactome	R-HSA-913709	O-linked glycosylation of mucins	32
Reactome	R-HSA-916853	Degradation of GABA	2
Reactome	R-HSA-917729	Endosomal Sorting Complex Required For Transport (ESCRT)	27
Reactome	R-HSA-917937	Iron uptake and transport	44
Reactome	R-HSA-917977	Transferrin endocytosis and recycling	22
Reactome	R-HSA-918233	TRAF3-dependent IRF activation pathway	10
Reactome	R-HSA-927802	Nonsense-Mediated Decay (NMD)	72
Reactome	R-HSA-933541	TRAF6 mediated IRF7 activation	12
Reactome	R-HSA-933542	TRAF6 mediated NF-kB activation	17
Reactome	R-HSA-933543	NF-kB activation through FADD/RIP-1 pathway mediated by caspase-8 and -10	9
Reactome	R-HSA-936440	Negative regulators of DDX58/IFIH1 signaling	28
Reactome	R-HSA-936837	Ion transport by P-type ATPases	44
Reactome	R-HSA-936964	Activation of IRF3, IRF7 mediated by TBK1, IKKε (IKBKE)	15
Reactome	R-HSA-937039	IRAK1 recruits IKK complex	13
Reactome	R-HSA-937041	IKK complex recruitment mediated by RIP1	18
Reactome	R-HSA-937042	IRAK2 mediated activation of TAK1 complex	10
Reactome	R-HSA-937061	TRIF (TICAM1)-mediated TLR4 signaling	95
Reactome	R-HSA-937072	TRAF6-mediated induction of TAK1 complex within TLR4 complex	14
Reactome	R-HSA-947581	Molybdenum cofactor biosynthesis	6
Reactome	R-HSA-948021	Transport to the Golgi and subsequent modification	151
Reactome	R-HSA-9603381	Activated NTRK3 signals through PI3K	5
Reactome	R-HSA-9603505	NTRK3 as a dependence receptor	3
Reactome	R-HSA-9603798	Class I peroxisomal membrane protein import	20
Reactome	R-HSA-9604323	Negative regulation of NOTCH4 signaling	37
Reactome	R-HSA-9605308	Diseases of Base Excision Repair	4
Reactome	R-HSA-9605310	Defective Base Excision Repair Associated with MUTYH	1
Reactome	R-HSA-9607240	FLT3 Signaling	33
Reactome	R-HSA-9608287	Defective MUTYH substrate binding	1
Reactome	R-HSA-9608290	Defective MUTYH substrate processing	1
Reactome	R-HSA-9609507	Protein localization	131
Reactome	R-HSA-9609523	Insertion of tail-anchored proteins into the endoplasmic reticulum membrane	20
Reactome	R-HSA-9609646	HCMV Infection	81
Reactome	R-HSA-9609690	HCMV Early Events	61
Reactome	R-HSA-9609736	Assembly and cell surface presentation of NMDA receptors	33
Reactome	R-HSA-9610379	HCMV Late Events	48
Reactome	R-HSA-9612973	Autophagy	127
Reactome	R-HSA-9613354	Lipophagy	8
Reactome	R-HSA-9613829	Chaperone Mediated Autophagy	19
Reactome	R-HSA-9614085	FOXO-mediated transcription	54
Reactome	R-HSA-9614399	Regulation of localization of FOXO transcription factors	10
Reactome	R-HSA-9614657	FOXO-mediated transcription of cell death genes	15
Reactome	R-HSA-9615017	FOXO-mediated transcription of oxidative stress, metabolic and neuronal genes	21
Reactome	R-HSA-9615710	Late endosomal microautophagy	29
Reactome	R-HSA-9615933	Postmitotic nuclear pore complex (NPC) reformation	26
Reactome	R-HSA-9616222	Transcriptional regulation of granulopoiesis	30
Reactome	R-HSA-9616333	Defective Base Excision Repair Associated with NTHL1	1
Reactome	R-HSA-9616334	Defective Base Excision Repair Associated with NEIL1	1
Reactome	R-HSA-9617324	Negative regulation of NMDA receptor-mediated neuronal transmission	20
Reactome	R-HSA-9617629	Regulation of FOXO transcriptional activity by acetylation	10
Reactome	R-HSA-9617828	FOXO-mediated transcription of cell cycle genes	16
Reactome	R-HSA-9619229	Activation of RAC1 downstream of NMDARs	7
Reactome	R-HSA-9619483	Activation of AMPK downstream of NMDARs	19
Reactome	R-HSA-9619665	EGR2 and SOX10-mediated initiation of Schwann cell myelination	26
Reactome	R-HSA-9620244	Long-term potentiation	21
Reactome	R-HSA-9623433	NR1H2 & NR1H3 regulate gene expression to control bile acid homeostasis	6
Reactome	R-HSA-9627069	Regulation of the apoptosome activity	9
Reactome	R-HSA-9629569	Protein hydroxylation	17
Reactome	R-HSA-9630221	Defective NTHL1 substrate processing	1
Reactome	R-HSA-9630222	Defective NTHL1 substrate binding	1
Reactome	R-HSA-9630747	Diseases of Cellular Senescence	2
Reactome	R-HSA-9630750	Evasion of Oncogene Induced Senescence Due to p16INK4A Defects	2
Reactome	R-HSA-9630791	Evasion of Oncogene Induced Senescence Due to Defective p16INK4A binding to CDK4	1
Reactome	R-HSA-9630794	Evasion of Oncogene Induced Senescence Due to Defective p16INK4A binding to CDK4 and CDK6	2
Reactome	R-HSA-9632693	Evasion of Oxidative Stress Induced Senescence Due to p16INK4A Defects	2
Reactome	R-HSA-9632697	Evasion of Oxidative Stress Induced Senescence Due to Defective p16INK4A binding to CDK4	1
Reactome	R-HSA-9632700	Evasion of Oxidative Stress Induced Senescence Due to Defective p16INK4A binding to CDK4 and CDK6	2
Reactome	R-HSA-9632974	NR1H2 & NR1H3 regulate gene expression linked to gluconeogenesis	3
Reactome	R-HSA-9633012	Response of EIF2AK4 (GCN2) to amino acid deficiency	60
Reactome	R-HSA-9634285	Constitutive Signaling by Overexpressed ERBB2	10
Reactome	R-HSA-9634597	GPER1 signaling	37
Reactome	R-HSA-9634600	Regulation of glycolysis by fructose 2,6-bisphosphate metabolism	9
Reactome	R-HSA-9634635	Estrogen-stimulated signaling through PRKCZ	5
Reactome	R-HSA-9634638	Estrogen-dependent nuclear events downstream of ESR-membrane signaling	20
Reactome	R-HSA-9634815	Transcriptional Regulation by NPAS4	32
Reactome	R-HSA-9635465	Suppression of apoptosis	6
Reactome	R-HSA-9635486	Infection with Mycobacterium tuberculosis	24
Reactome	R-HSA-9635644	Inhibition of membrane repair	1
Reactome	R-HSA-9636249	Inhibition of nitric oxide production	3
Reactome	R-HSA-9636383	Prevention of phagosomal-lysosomal fusion	10
Reactome	R-HSA-9636467	Blockage of phagosome acidification	2
Reactome	R-HSA-9636569	Suppression of autophagy	1
Reactome	R-HSA-9636667	Manipulation of host energy metabolism	1
Reactome	R-HSA-9637628	Modulation by Mtb of host immune system	7
Reactome	R-HSA-9637687	Suppression of phagosomal maturation	14
Reactome	R-HSA-9637690	Response of Mtb to phagocytosis	20
Reactome	R-HSA-9638334	Iron assimilation using enterobactin	1
Reactome	R-HSA-9638482	Metal ion assimilation from the host	1
Reactome	R-HSA-9638630	Attachment of bacteria to epithelial cells	19
Reactome	R-HSA-9639288	Amino acids regulate mTORC1	46
Reactome	R-HSA-9640148	Infection with Enterobacteria	28
Reactome	R-HSA-9640463	Wax biosynthesis	2
Reactome	R-HSA-9645135	STAT5 Activation	6
Reactome	R-HSA-9645460	Alpha-protein kinase 1 signaling pathway	11
Reactome	R-HSA-9645722	Defective Intrinsic Pathway for Apoptosis Due to p14ARF Loss of Function	1
Reactome	R-HSA-9645723	Diseases of programmed cell death	39
Reactome	R-HSA-9646399	Aggrephagy	31
Reactome	R-HSA-964739	N-glycan trimming and elongation in the cis-Golgi	5
Reactome	R-HSA-9648002	RAS processing	22
Reactome	R-HSA-9648025	EML4 and NUDC in mitotic spindle formation	77
Reactome	R-HSA-964827	Progressive trimming of alpha-1,2-linked mannose residues from Man9/8/7GlcNAc2 to produce Man5GlcNAc2	3
Reactome	R-HSA-9648895	Response of EIF2AK1 (HRI) to heme deficiency	12
Reactome	R-HSA-964975	Vitamin B6 activation to pyridoxal phosphate	3
Reactome	R-HSA-9649913	RAS GTPase cycle mutants	2
Reactome	R-HSA-9649948	Signaling downstream of RAS mutants	36
Reactome	R-HSA-9652169	Signaling by MAP2K mutants	4
Reactome	R-HSA-9652282	Drug-mediated inhibition of ERBB2 signaling	4
Reactome	R-HSA-9652817	Signaling by MAPK mutants	4
Reactome	R-HSA-9656223	Signaling by RAF1 mutants	33
Reactome	R-HSA-9656249	Defective Base Excision Repair Associated with OGG1	1
Reactome	R-HSA-9656255	Defective OGG1 Substrate Binding	1
Reactome	R-HSA-9656256	Defective OGG1 Substrate Processing	1
Reactome	R-HSA-9657050	Defective OGG1 Localization	1
Reactome	R-HSA-9657689	Defective SERPING1 causes hereditary angioedema	1
Reactome	R-HSA-9658195	Leishmania infection	130
Reactome	R-HSA-9659379	Sensory processing of sound	52
Reactome	R-HSA-9659787	Aberrant regulation of mitotic G1/S transition in cancer due to RB1 defects	15
Reactome	R-HSA-9660537	Signaling by MRAS-complex mutants	8
Reactome	R-HSA-9660821	ADORA2B mediated anti-inflammatory cytokines production	35
Reactome	R-HSA-9660826	Purinergic signaling in leishmaniasis infection	20
Reactome	R-HSA-9661069	Defective binding of RB1 mutants to E2F1,(E2F2, E2F3)	15
Reactome	R-HSA-9661070	Defective translocation of RB1 mutants to the nucleus	1
Reactome	R-HSA-9662001	Defective factor VIII causes hemophilia A	4
Reactome	R-HSA-9662360	Sensory processing of sound by inner hair cells of the cochlea	49
Reactome	R-HSA-9662361	Sensory processing of sound by outer hair cells of the cochlea	34
Reactome	R-HSA-9662834	CD163 mediating an anti-inflammatory response	7
Reactome	R-HSA-9662851	Anti-inflammatory response favouring Leishmania parasite infection	57
Reactome	R-HSA-9663199	Defective DNA double strand break response due to BRCA1 loss of function	2
Reactome	R-HSA-9663891	Selective autophagy	67
Reactome	R-HSA-9664323	FCGR3A-mediated IL10 synthesis	28
Reactome	R-HSA-9664407	Parasite infection	51
Reactome	R-HSA-9664417	Leishmania phagocytosis	51
Reactome	R-HSA-9664420	Killing mechanisms	9
Reactome	R-HSA-9664422	FCGR3A-mediated phagocytosis	51
Reactome	R-HSA-9664424	Cell recruitment (pro-inflammatory response)	20
Reactome	R-HSA-9664433	Leishmania parasite growth and survival	57
Reactome	R-HSA-9664535	LTC4-CYSLTR mediated IL4 production	2
Reactome	R-HSA-9664565	Signaling by ERBB2 KD Mutants	23
Reactome	R-HSA-9664873	Pexophagy	8
Reactome	R-HSA-9665230	Drug resistance in ERBB2 KD mutants	4
Reactome	R-HSA-9665233	Resistance of ERBB2 KD mutants to trastuzumab	4
Reactome	R-HSA-9665244	Resistance of ERBB2 KD mutants to sapitinib	4
Reactome	R-HSA-9665245	Resistance of ERBB2 KD mutants to tesevatinib	4
Reactome	R-HSA-9665246	Resistance of ERBB2 KD mutants to neratinib	4
Reactome	R-HSA-9665247	Resistance of ERBB2 KD mutants to osimertinib	4
Reactome	R-HSA-9665249	Resistance of ERBB2 KD mutants to afatinib	4
Reactome	R-HSA-9665250	Resistance of ERBB2 KD mutants to AEE788	4
Reactome	R-HSA-9665251	Resistance of ERBB2 KD mutants to lapatinib	4
Reactome	R-HSA-9665348	Signaling by ERBB2 ECD mutants	15
Reactome	R-HSA-9665686	Signaling by ERBB2 TMD/JMD mutants	20
Reactome	R-HSA-9665737	Drug resistance in ERBB2 TMD/JMD mutants	4
Reactome	R-HSA-9667769	Acetylcholine inhibits contraction of outer hair cells	3
Reactome	R-HSA-9668250	Defective factor IX causes hemophilia B	3
Reactome	R-HSA-9668328	Sealing of the nuclear envelope (NE) by ESCRT-III	22
Reactome	R-HSA-9669914	Dasatinib-resistant KIT mutants	1
Reactome	R-HSA-9669917	Imatinib-resistant KIT mutants	1
Reactome	R-HSA-9669921	KIT mutants bind TKIs	1
Reactome	R-HSA-9669924	Masitinib-resistant KIT mutants	1
Reactome	R-HSA-9669926	Nilotinib-resistant KIT mutants	1
Reactome	R-HSA-9669929	Regorafenib-resistant KIT mutants	1
Reactome	R-HSA-9669933	Signaling by kinase domain mutants of KIT	1
Reactome	R-HSA-9669934	Sunitinib-resistant KIT mutants	1
Reactome	R-HSA-9669935	Signaling by juxtamembrane domain KIT mutants	1
Reactome	R-HSA-9669936	Sorafenib-resistant KIT mutants	1
Reactome	R-HSA-9669937	Drug resistance of KIT mutants	1
Reactome	R-HSA-9669938	Signaling by KIT in disease	18
Reactome	R-HSA-9670095	Inhibition of DNA recombination at telomere	18
Reactome	R-HSA-9670439	Signaling by phosphorylated juxtamembrane, extracellular and kinase domain KIT mutants	18
Reactome	R-HSA-9670613	Defective Inhibition of DNA Recombination at Telomere Due to DAXX Mutations	1
Reactome	R-HSA-9670615	Defective Inhibition of DNA Recombination at Telomere Due to ATRX Mutations	1
Reactome	R-HSA-9670621	Defective Inhibition of DNA Recombination at Telomere	1
Reactome	R-HSA-9671555	Signaling by PDGFR in disease	18
Reactome	R-HSA-9671793	Diseases of hemostasis	12
Reactome	R-HSA-9672383	Defective factor IX causes thrombophilia	1
Reactome	R-HSA-9672387	Defective F8 accelerates dissociation of the A2 domain	1
Reactome	R-HSA-9672391	Defective F8 cleavage by thrombin	2
Reactome	R-HSA-9672393	Defective F8 binding to von Willebrand factor	2
Reactome	R-HSA-9672395	Defective F8 binding to the cell membrane	1
Reactome	R-HSA-9672396	Defective cofactor function of FVIIIa variant	1
Reactome	R-HSA-9672397	Defective F8 secretion	1
Reactome	R-HSA-9673013	Diseases of Telomere Maintenance	1
Reactome	R-HSA-9673163	Oleoyl-phe metabolism	1
Reactome	R-HSA-9673202	Defective F9 variant does not activate FX	1
Reactome	R-HSA-9673221	Defective F9 activation	1
Reactome	R-HSA-9673240	Defective gamma-carboxylation of F9	1
Reactome	R-HSA-9673324	WNT5:FZD7-mediated leishmania damping	9
Reactome	R-HSA-9673766	Signaling by cytosolic PDGFRA and PDGFRB fusion proteins	2
Reactome	R-HSA-9673767	Signaling by PDGFRA transmembrane, juxtamembrane and kinase domain mutants	11
Reactome	R-HSA-9673768	Signaling by membrane-tethered fusions of PDGFRA or PDGFRB	5
Reactome	R-HSA-9673770	Signaling by PDGFRA extracellular domain mutants	11
Reactome	R-HSA-9674396	Imatinib-resistant PDGFR mutants	1
Reactome	R-HSA-9674401	Sunitinib-resistant PDGFR mutants	1
Reactome	R-HSA-9674403	Regorafenib-resistant PDGFR mutants	1
Reactome	R-HSA-9674404	Sorafenib-resistant PDGFR mutants	1
Reactome	R-HSA-9674415	Drug resistance of PDGFR mutants	1
Reactome	R-HSA-9674428	PDGFR mutants bind TKIs	1
Reactome	R-HSA-9674519	Defective F8 sulfation at Y1699	3
Reactome	R-HSA-9674555	Signaling by CSF3 (G-CSF)	27
Reactome	R-HSA-9675108	Nervous system development	452
Reactome	R-HSA-9675126	Diseases of mitotic cell cycle	32
Reactome	R-HSA-9675132	Diseases of cellular response to stress	2
Reactome	R-HSA-9675135	Diseases of DNA repair	44
Reactome	R-HSA-9675136	Diseases of DNA Double-Strand Break Repair	35
Reactome	R-HSA-9675143	Diseases of the neuronal system	7
Reactome	R-HSA-9675151	Disorders of Developmental Biology	15
Reactome	R-HSA-9678108	SARS-CoV-1 Infection	110
Reactome	R-HSA-9678110	Attachment and Entry_9678110	2
Reactome	R-HSA-9679191	Potential therapeutics for SARS	81
Reactome	R-HSA-9679504	Translation of Replicase and Assembly of the Replication Transcription Complex_9679504	10
Reactome	R-HSA-9679506	SARS-CoV Infections	316
Reactome	R-HSA-9679514	SARS-CoV-1 Genome Replication and Transcription	3
Reactome	R-HSA-9680187	Signaling by extracellular domain mutants of KIT	1
Reactome	R-HSA-9680350	Signaling by CSF1 (M-CSF) in myeloid cells	27
Reactome	R-HSA-9682385	FLT3 signaling in disease	25
Reactome	R-HSA-9682706	Replication of the SARS-CoV-1 genome	3
Reactome	R-HSA-9683610	Maturation of nucleoprotein_9683610	11
Reactome	R-HSA-9683673	Maturation of protein 3a_9683673	9
Reactome	R-HSA-9683683	Maturation of protein E_9683683	4
Reactome	R-HSA-9683686	Maturation of spike protein_9683686	4
Reactome	R-HSA-9683701	Translation of Structural Proteins_9683701	28
Reactome	R-HSA-9684482	IFIT antiviral response	38
Reactome	R-HSA-9686114	Non-canonical inflammasome activation	5
Reactome	R-HSA-9686347	Microbial modulation of RIPK1-mediated regulated necrosis	2
Reactome	R-HSA-9687136	Aberrant regulation of mitotic exit in cancer due to RB1 defects	17
Reactome	R-HSA-9687139	Aberrant regulation of mitotic cell cycle due to RB1 defects	31
Reactome	R-HSA-9690406	Transcriptional regulation of testis differentiation	6
Reactome	R-HSA-9690722	Viral strategies to evade IFIT action	3
Reactome	R-HSA-9692912	SARS-CoV-1 targets PDZ proteins in cell-cell junction	1
Reactome	R-HSA-9692913	SARS-CoV-1-mediated effects on programmed cell death	2
Reactome	R-HSA-9692914	SARS-CoV-1-host interactions	72
Reactome	R-HSA-9692916	SARS-CoV-1 activates/modulates innate immune responses	32
Reactome	R-HSA-9693928	Defective RIPK1-mediated regulated necrosis	5
Reactome	R-HSA-9694493	Maturation of protein E_9694493	4
Reactome	R-HSA-9694516	SARS-CoV-2 Infection	223
Reactome	R-HSA-9694548	Maturation of spike protein_9694548	37
Reactome	R-HSA-9694614	Attachment and Entry_9694614	15
Reactome	R-HSA-9694631	Maturation of nucleoprotein_9694631	15
Reactome	R-HSA-9694635	Translation of Structural Proteins_9694635	57
Reactome	R-HSA-9694676	Translation of Replicase and Assembly of the Replication Transcription Complex_9694676	10
Reactome	R-HSA-9694682	SARS-CoV-2 Genome Replication and Transcription	3
Reactome	R-HSA-9694686	Replication of the SARS-CoV-2 genome	3
Reactome	R-HSA-9694719	Maturation of protein 3a_9694719	9
Reactome	R-HSA-9696264	RND3 GTPase cycle	34
Reactome	R-HSA-9696270	RND2 GTPase cycle	33
Reactome	R-HSA-9696273	RND1 GTPase cycle	35
Reactome	R-HSA-9697154	Disorders of Nervous System Development	10
Reactome	R-HSA-9699150	Defective DNA double strand break response due to BARD1 loss of function	2
Reactome	R-HSA-9700206	Signaling by ALK in cancer	79
Reactome	R-HSA-9700645	ALK mutants bind TKIs	11
Reactome	R-HSA-9700649	Drug resistance of ALK mutants	1
Reactome	R-HSA-9701190	Defective homologous recombination repair (HRR) due to BRCA2 loss of function	35
Reactome	R-HSA-9701192	Defective homologous recombination repair (HRR) due to BRCA1 loss of function	20
Reactome	R-HSA-9701193	Defective homologous recombination repair (HRR) due to PALB2 loss of function	20
Reactome	R-HSA-9701898	STAT3 nuclear events downstream of ALK signaling	10
Reactome	R-HSA-9702506	Drug resistance of FLT3 mutants	1
Reactome	R-HSA-9702509	FLT3 mutants bind TKIs	1
Reactome	R-HSA-9702518	STAT5 activation downstream of FLT3 ITD mutants	9
Reactome	R-HSA-9702569	KW2449-resistant FLT3 mutants	1
Reactome	R-HSA-9702577	semaxanib-resistant FLT3 mutants	1
Reactome	R-HSA-9702581	crenolanib-resistant FLT3 mutants	1
Reactome	R-HSA-9702590	gilteritinib-resistant FLT3 mutants	1
Reactome	R-HSA-9702596	lestaurtinib-resistant FLT3 mutants	1
Reactome	R-HSA-9702600	midostaurin-resistant FLT3 mutants	1
Reactome	R-HSA-9702605	pexidartinib-resistant FLT3 mutants	1
Reactome	R-HSA-9702614	ponatinib-resistant FLT3 mutants	1
Reactome	R-HSA-9702620	quizartinib-resistant FLT3 mutants	1
Reactome	R-HSA-9702624	sorafenib-resistant FLT3 mutants	1
Reactome	R-HSA-9702632	sunitinib-resistant FLT3 mutants	1
Reactome	R-HSA-9702636	tandutinib-resistant FLT3 mutants	1
Reactome	R-HSA-9702998	linifanib-resistant FLT3 mutants	1
Reactome	R-HSA-9703009	tamatinib-resistant FLT3 mutants	1
Reactome	R-HSA-9703465	Signaling by FLT3 fusion proteins	17
Reactome	R-HSA-9703648	Signaling by FLT3 ITD and TKD mutants	14
Reactome	R-HSA-9704331	Defective HDR through Homologous Recombination Repair (HRR) due to PALB2 loss of BRCA1 binding function	20
Reactome	R-HSA-9704646	Defective HDR through Homologous Recombination Repair (HRR) due to PALB2 loss of BRCA2/RAD51/RAD51C binding function	20
Reactome	R-HSA-9705462	Inactivation of CSF3 (G-CSF) signaling	22
Reactome	R-HSA-9705671	SARS-CoV-2 activates/modulates innate and adaptive immune responses	82
Reactome	R-HSA-9705677	SARS-CoV-2 targets PDZ proteins in cell-cell junction	3
Reactome	R-HSA-9705683	SARS-CoV-2-host interactions	139
Reactome	R-HSA-9706019	RHOBTB3 ATPase cycle	9
Reactome	R-HSA-9706369	Negative regulation of FLT3	13
Reactome	R-HSA-9706374	FLT3 signaling through SRC family kinases	5
Reactome	R-HSA-9706377	FLT3 signaling by CBL mutants	6
Reactome	R-HSA-9706574	RHOBTB GTPase Cycle	31
Reactome	R-HSA-9707564	Cytoprotection by HMOX1	46
Reactome	R-HSA-9707587	Regulation of HMOX1 expression and activity	5
Reactome	R-HSA-9707616	Heme signaling	39
Reactome	R-HSA-9708296	tRNA-derived small RNA (tsRNA or tRNA-related fragment, tRF) biogenesis	2
Reactome	R-HSA-9708530	Regulation of BACH1 activity	11
Reactome	R-HSA-9709275	Impaired BRCA2 translocation to the nucleus	2
Reactome	R-HSA-9709570	Impaired BRCA2 binding to RAD51	30
Reactome	R-HSA-9709603	Impaired BRCA2 binding to PALB2	19
Reactome	R-HSA-9709957	Sensory Perception	125
Reactome	R-HSA-9710421	Defective pyroptosis	15
Reactome	R-HSA-9711097	Cellular response to starvation	106
Reactome	R-HSA-9711123	Cellular response to chemical stress	157
Reactome	R-HSA-9715370	Miro GTPase Cycle	7
Reactome	R-HSA-9716542	Signaling by Rho GTPases, Miro GTPases and RHOBTB3	552
Reactome	R-HSA-9717189	Sensory perception of taste	16
Reactome	R-HSA-9717207	Sensory perception of sweet, bitter, and umami (glutamate) taste	14
Reactome	R-HSA-9717264	ASP-3026-resistant ALK mutants	1
Reactome	R-HSA-9717301	NVP-TAE684-resistant ALK mutants	1
Reactome	R-HSA-9717316	alectinib-resistant ALK mutants	1
Reactome	R-HSA-9717319	brigatinib-resistant ALK mutants	1
Reactome	R-HSA-9717323	ceritinib-resistant ALK mutants	1
Reactome	R-HSA-9717326	crizotinib-resistant ALK mutants	1
Reactome	R-HSA-9717329	lorlatinib-resistant ALK mutants	1
Reactome	R-HSA-9723905	Loss of function of TP53 in cancer due to loss of tetramerization ability	1
Reactome	R-HSA-9723907	Loss of Function of TP53 in Cancer	1
Reactome	R-HSA-9725370	Signaling by ALK fusions and activated point mutants	79
Reactome	R-HSA-9725371	Nuclear events stimulated by ALK signaling in cancer	26
Reactome	R-HSA-9725554	Differentiation of Keratinocytes in Interfollicular Epidermis in Mammalian Skin	1
Reactome	R-HSA-9726840	SHOC2 M1731 mutant abolishes MRAS complex function	8
Reactome	R-HSA-9726842	Gain-of-function MRAS complexes activate RAF signaling	8
Reactome	R-HSA-9729555	Sensory perception of sour taste	1
Reactome	R-HSA-9730414	MITF-M-regulated melanocyte development	127
Reactome	R-HSA-9730628	Sensory perception of salty taste	1
Reactome	R-HSA-9732724	IFNG signaling activates MAPKs	5
Reactome	R-HSA-9733458	Induction of Cell-Cell Fusion	9
Reactome	R-HSA-9733709	Cardiogenesis	16
Reactome	R-HSA-9734009	Defective Intrinsic Pathway for Apoptosis	19
Reactome	R-HSA-9734091	Drug-mediated inhibition of MET activation	2
Reactome	R-HSA-9734195	Defective APRT disrupts adenine salvage	1
Reactome	R-HSA-9734207	Nucleotide salvage defects	3
Reactome	R-HSA-9734281	Defective HPRT1 disrupts guanine and hypoxanthine salvage	1
Reactome	R-HSA-9734735	Defective ADA disrupts (deoxy)adenosine deamination	1
Reactome	R-HSA-9734767	Developmental Cell Lineages	26
Reactome	R-HSA-9734779	Developmental Cell Lineages of the Integumentary System	3
Reactome	R-HSA-9735804	Diseases of nucleotide metabolism	3
Reactome	R-HSA-9735869	SARS-CoV-1 modulates host translation machinery	23
Reactome	R-HSA-9735871	SARS-CoV-1 targets host intracellular signalling and regulatory pathways	15
Reactome	R-HSA-9748784	Drug ADME	35
Reactome	R-HSA-9748787	Azathioprine ADME	18
Reactome	R-HSA-9749641	Aspirin ADME	4
Reactome	R-HSA-975110	TRAF6 mediated IRF7 activation in TLR7/8 or 9 signaling	11
Reactome	R-HSA-975138	TRAF6 mediated induction of NFkB and MAP kinases upon TLR7/8 or 9 activation	90
Reactome	R-HSA-975144	IRAK1 recruits IKK complex upon TLR7/8 or 9 stimulation	13
Reactome	R-HSA-975155	MyD88 dependent cascade initiated on endosome	90
Reactome	R-HSA-975163	IRAK2 mediated activation of TAK1 complex upon TLR7/8 or 9 stimulation	13
Reactome	R-HSA-9752946	Expression and translocation of olfactory receptors	5
Reactome	R-HSA-9753281	Paracetamol ADME	7
Reactome	R-HSA-9753510	Signaling by RAS GAP mutants	2
Reactome	R-HSA-9753512	Signaling by RAS GTPase mutants	2
Reactome	R-HSA-9754119	Drug-mediated inhibition of CDK4/CDK6 activity	5
Reactome	R-HSA-9754189	Germ layer formation at gastrulation	9
Reactome	R-HSA-9754560	SARS-CoV-2 modulates autophagy	9
Reactome	R-HSA-9754678	SARS-CoV-2 modulates host translation machinery	36
Reactome	R-HSA-9754706	Atorvastatin ADME	2
Reactome	R-HSA-9755088	Ribavirin ADME	8
Reactome	R-HSA-9755511	KEAP1-NFE2L2 pathway	94
Reactome	R-HSA-975574	Reactions specific to the hybrid N-glycan synthesis pathway	1
Reactome	R-HSA-975576	N-glycan antennae elongation in the medial/trans-Golgi	22
Reactome	R-HSA-975577	N-Glycan antennae elongation	14
Reactome	R-HSA-9755779	SARS-CoV-2 targets host intracellular signalling and regulatory pathways	10
Reactome	R-HSA-975578	Reactions specific to the complex N-glycan synthesis pathway	7
Reactome	R-HSA-975634	Retinoid metabolism and transport	25
Reactome	R-HSA-9757110	Prednisone ADME	1
Reactome	R-HSA-9758274	Regulation of NF-kappa B signaling	18
Reactome	R-HSA-975871	MyD88 cascade initiated on plasma membrane	85
Reactome	R-HSA-9758881	Uptake of dietary cobalamins into enterocytes	4
Reactome	R-HSA-9758890	Transport of RCbl within the body	6
Reactome	R-HSA-9758919	Epithelial-Mesenchymal Transition (EMT) during gastrulation	2
Reactome	R-HSA-9758920	Formation of lateral plate mesoderm	2
Reactome	R-HSA-9758941	Gastrulation	76
Reactome	R-HSA-9759194	Nuclear events mediated by NFE2L2	73
Reactome	R-HSA-9759218	Cobalamin (Cbl) metabolism	7
Reactome	R-HSA-9759475	Regulation of CDH11 Expression and Function	24
Reactome	R-HSA-9759476	Regulation of Homotypic Cell-Cell Adhesion	133
Reactome	R-HSA-975956	Nonsense Mediated Decay (NMD) independent of the Exon Junction Complex (EJC)	55
Reactome	R-HSA-975957	Nonsense Mediated Decay (NMD) enhanced by the Exon Junction Complex (EJC)	72
Reactome	R-HSA-9759774	Diseases of mitochondrial beta oxidation	2
Reactome	R-HSA-9759785	Diseases of propionyl-CoA catabolism	2
Reactome	R-HSA-9759811	Regulation of CDH11 mRNA translation by microRNAs	9
Reactome	R-HSA-9761174	Formation of intermediate mesoderm	5
Reactome	R-HSA-9762114	GSK3B and BTRC:CUL1-mediated-degradation of NFE2L2	37
Reactome	R-HSA-9762292	Regulation of CDH11 function	10
Reactome	R-HSA-9762293	Regulation of CDH11 gene transcription	7
Reactome	R-HSA-9763198	Impaired BRCA2 binding to SEM1 (DSS1)	2
Reactome	R-HSA-9764260	Regulation of Expression and Function of Type II Classical Cadherins	27
Reactome	R-HSA-9764265	Regulation of CDH1 Expression and Function	120
Reactome	R-HSA-9764274	Regulation of Expression and Function of Type I Classical Cadherins	120
Reactome	R-HSA-9764302	Regulation of CDH19 Expression and Function	7
Reactome	R-HSA-9764560	Regulation of CDH1 Gene Transcription	40
Reactome	R-HSA-9764561	Regulation of CDH1 Function	49
Reactome	R-HSA-9764562	Regulation of CDH1 mRNA translation by microRNAs	10
Reactome	R-HSA-9764725	Negative Regulation of CDH1 Gene Transcription	31
Reactome	R-HSA-9764790	Positive Regulation of CDH1 Gene Transcription	11
Reactome	R-HSA-9766229	Degradation of CDH1	45
Reactome	R-HSA-9768727	Regulation of CDH1 posttranslational processing and trafficking to plasma membrane	26
Reactome	R-HSA-9768759	Regulation of NPAS4 gene expression	13
Reactome	R-HSA-9768777	Regulation of NPAS4 gene transcription	5
Reactome	R-HSA-9768778	Regulation of NPAS4 mRNA translation	9
Reactome	R-HSA-9768919	NPAS4 regulates expression of target genes	20
Reactome	R-HSA-9769726	Defects of Coagulation cascade	10
Reactome	R-HSA-9769733	Fibrin formation	5
Reactome	R-HSA-9769735	Initiation of coagulation cascade	17
Reactome	R-HSA-9769739	Regulation of clotting cascade	29
Reactome	R-HSA-9769740	Coagulation pathway	32
Reactome	R-HSA-9769743	Amplification and propagation of coagulation cascade	8
Reactome	R-HSA-9770562	mRNA Polyadenylation	114
Reactome	R-HSA-977068	Termination of O-glycan biosynthesis	8
Reactome	R-HSA-977225	Amyloid fiber formation	36
Reactome	R-HSA-9772572	Early SARS-CoV-2 Infection Events	28
Reactome	R-HSA-9772573	Late SARS-CoV-2 Infection Events	66
Reactome	R-HSA-9772755	Formation of WDR5-containing histone-modifying complexes	37
Reactome	R-HSA-977347	Serine metabolism	9
Reactome	R-HSA-977443	GABA receptor activation	50
Reactome	R-HSA-977444	GABA B receptor activation	36
Reactome	R-HSA-977606	Regulation of Complement cascade	13
Reactome	R-HSA-9793242	SUMOylation of nuclear envelope proteins	3
Reactome	R-HSA-9793380	Formation of paraxial mesoderm	46
Reactome	R-HSA-9793528	Ciprofloxacin ADME	1
Reactome	R-HSA-9796292	Formation of axial mesoderm	10
Reactome	R-HSA-9816359	Maternal to zygotic transition (MZT)	50
Reactome	R-HSA-9818025	NFE2L2 regulating TCA cycle genes	3
Reactome	R-HSA-9818026	NFE2L2 regulating inflammation associated genes	4
Reactome	R-HSA-9818027	NFE2L2 regulating anti-oxidant/detoxification enzymes	18
Reactome	R-HSA-9818028	NFE2L2 regulates pentose phosphate pathway genes	7
Reactome	R-HSA-9818030	NFE2L2 regulating tumorigenic genes	10
Reactome	R-HSA-9818032	NFE2L2 regulating MDR associated enzymes	6
Reactome	R-HSA-9818035	NFE2L2 regulating ER-stress associated genes	5
Reactome	R-HSA-9818564	Epigenetic regulation of gene expression by MLL3 and MLL4 complexes	64
Reactome	R-HSA-9818749	Regulation of NFE2L2 gene expression	8
Reactome	R-HSA-9819196	Zygotic genome activation (ZGA)	6
Reactome	R-HSA-9820448	Developmental Cell Lineages of the Exocrine Pancreas	24
Reactome	R-HSA-9820841	M-decay: degradation of maternal mRNAs by maternally stored factors	32
Reactome	R-HSA-9820865	Z-decay: degradation of maternal mRNAs by zygotically expressed factors	10
Reactome	R-HSA-9820952	Respiratory Syncytial Virus Infection Pathway	89
Reactome	R-HSA-9820960	Respiratory syncytial virus (RSV) attachment and entry	21
Reactome	R-HSA-9820962	Assembly and release of respiratory syncytial virus (RSV) virions	2
Reactome	R-HSA-9820965	Respiratory syncytial virus (RSV) genome replication, transcription and translation	14
Reactome	R-HSA-9821002	Chromatin modifications during the maternal to zygotic transition (MZT)	10
Reactome	R-HSA-9821993	Replacement of protamines by nucleosomes in the male pronucleus	4
Reactome	R-HSA-9823587	Defects of platelet adhesion to exposed collagen	4
Reactome	R-HSA-9823730	Formation of definitive endoderm	9
Reactome	R-HSA-9823739	Formation of the anterior neural plate	9
Reactome	R-HSA-9824272	Somitogenesis	35
Reactome	R-HSA-9824439	Bacterial Infection Pathways	88
Reactome	R-HSA-9824443	Parasitic Infection Pathways	130
Reactome	R-HSA-9824446	Viral Infection Pathways	760
Reactome	R-HSA-9824585	Regulation of MITF-M-dependent genes involved in pigmentation	33
Reactome	R-HSA-9824594	Regulation of MITF-M-dependent genes involved in apoptosis	15
Reactome	R-HSA-9824856	Defective regulation of TLR7 by endogenous ligand	1
Reactome	R-HSA-9824878	Regulation of TBK1, IKKε (IKBKE)-mediated activation of IRF3, IRF7	12
Reactome	R-HSA-9825892	Regulation of MITF-M-dependent genes involved in cell cycle and proliferation	15
Reactome	R-HSA-9825895	Regulation of MITF-M-dependent genes involved in DNA replication, damage repair and senescence	5
Reactome	R-HSA-982772	Growth hormone receptor signaling	20
Reactome	R-HSA-9827857	Specification of primordial germ cells	5
Reactome	R-HSA-9828211	Regulation of TBK1, IKKε-mediated activation of IRF3, IRF7 upon TLR3 ligation	11
Reactome	R-HSA-9828642	Respiratory syncytial virus genome transcription	1
Reactome	R-HSA-9828806	Maturation of hRSV A proteins	11
Reactome	R-HSA-9830364	Formation of the nephric duct	11
Reactome	R-HSA-9830369	Kidney development	27
Reactome	R-HSA-9830674	Formation of the ureteric bud	13
Reactome	R-HSA-983168	Antigen processing: Ubiquitination & Proteasome degradation	246
Reactome	R-HSA-983169	Class I MHC mediated antigen processing & presentation	295
Reactome	R-HSA-983170	Antigen Presentation: Folding, assembly and peptide loading of class I MHC	17
Reactome	R-HSA-983189	Kinesins	39
Reactome	R-HSA-9831926	Nephron development	6
Reactome	R-HSA-983231	Factors involved in megakaryocyte development and platelet production	103
Reactome	R-HSA-9832991	Formation of the posterior neural plate	7
Reactome	R-HSA-9833109	Evasion by RSV of host interferon responses	18
Reactome	R-HSA-9833110	RSV-host interactions	69
Reactome	R-HSA-9833482	PKR-mediated signaling	56
Reactome	R-HSA-9833576	CDH11 homotypic and heterotypic interactions	7
Reactome	R-HSA-9834752	Respiratory syncytial virus genome replication	2
Reactome	R-HSA-9834899	Specification of the neural plate border	7
Reactome	R-HSA-9836573	Mitochondrial RNA degradation	22
Reactome	R-HSA-983695	Antigen activates B Cell Receptor (BCR) leading to generation of second messengers	24
Reactome	R-HSA-983705	Signaling by the B Cell Receptor (BCR)	82
Reactome	R-HSA-9837092	FASTK family proteins regulate processing and stability of mitochondrial RNAs	16
Reactome	R-HSA-983712	Ion channel transport	128
Reactome	R-HSA-9837999	Mitochondrial protein degradation	84
Reactome	R-HSA-9839373	Signaling by TGFBR3	39
Reactome	R-HSA-9839383	TGFBR3 PTM regulation	9
Reactome	R-HSA-9839389	TGFBR3 regulates TGF-beta signaling	8
Reactome	R-HSA-9839394	TGFBR3 expression	20
Reactome	R-HSA-9839397	TGFBR3 regulates FGF2 signaling	3
Reactome	R-HSA-9839406	TGFBR3 regulates activin signaling	4
Reactome	R-HSA-9839923	Dengue Virus Infection	277
Reactome	R-HSA-9840309	Glycosphingolipid biosynthesis	15
Reactome	R-HSA-9840310	Glycosphingolipid catabolism	23
Reactome	R-HSA-9840373	Cellular response to mitochondrial stress	8
Reactome	R-HSA-9841251	Mitochondrial unfolded protein response (UPRmt)	13
Reactome	R-HSA-9841922	MLL4 and MLL3 complexes regulate expression of PPARG target genes in adipogenesis and hepatic steatosis	64
Reactome	R-HSA-9842640	Signaling by LTK in cancer	7
Reactome	R-HSA-9842663	Signaling by LTK	10
Reactome	R-HSA-9842860	Regulation of endogenous retroelements	51
Reactome	R-HSA-9843743	Transcriptional regulation of brown and beige adipocyte differentiation	26
Reactome	R-HSA-9843745	Adipogenesis	89
Reactome	R-HSA-9843940	Regulation of endogenous retroelements by KRAB-ZFP proteins	23
Reactome	R-HSA-9843970	Regulation of endogenous retroelements by the Human Silencing Hub (HUSH) complex	12
Reactome	R-HSA-9844594	Transcriptional regulation of brown and beige adipocyte differentiation by EBF2	26
Reactome	R-HSA-9845323	Regulation of endogenous retroelements by Piwi-interacting RNAs (piRNAs)	35
Reactome	R-HSA-9845576	Glycosphingolipid transport	8
Reactome	R-HSA-9845614	Sphingolipid catabolism	9
Reactome	R-HSA-9845619	Enhanced cleavage of VWF variant by ADAMTS13	3
Reactome	R-HSA-9845620	Enhanced binding of GP1BA variant to VWF multimer:collagen	4
Reactome	R-HSA-9845621	Defective VWF cleavage by ADAMTS13 variant	3
Reactome	R-HSA-9845622	Defective VWF binding to collagen type I	3
Reactome	R-HSA-9846298	Defective binding of VWF variant to GPIb:IX:V	4
Reactome	R-HSA-9851151	MDK and PTN in ALK signaling	4
Reactome	R-HSA-9851695	Epigenetic regulation of adipogenesis genes by MLL3 and MLL4 complexes	64
Reactome	R-HSA-9853506	OGDH complex synthesizes succinyl-CoA from 2-OG	3
Reactome	R-HSA-9853846	Defective ANO6 does not expose PS, PE on the platelet membrane	1
Reactome	R-HSA-9854311	Maturation of TCA enzymes and regulation of TCA cycle	16
Reactome	R-HSA-9854907	Regulation of MITF-M dependent genes involved in metabolism	3
Reactome	R-HSA-9854909	Regulation of MITF-M dependent genes involved in invasion	3
Reactome	R-HSA-9855142	Cellular responses to mechanical stimuli	94
Reactome	R-HSA-9855719	Regulation of FXIIa and plasma kallikrein activity	4
Reactome	R-HSA-9856530	High laminar flow shear stress activates signaling by PIEZO1 and PECAM1:CDH5:KDR in endothelial cells	60
Reactome	R-HSA-9856532	Mechanical load activates signaling by PIEZO1 and integrins in osteocytes	17
Reactome	R-HSA-9856649	Transcriptional and post-translational regulation of MITF-M expression and activity	49
Reactome	R-HSA-9856651	MITF-M-dependent gene expression	89
Reactome	R-HSA-9856872	Malate-aspartate shuttle	8
Reactome	R-HSA-9857377	Regulation of MITF-M-dependent genes involved in lysosome biogenesis and autophagy	16
Reactome	R-HSA-9857492	Protein lipoylation	9
Reactome	R-HSA-9858328	OADH complex synthesizes glutaryl-CoA from 2-OA	3
Reactome	R-HSA-9859138	BCKDH synthesizes BCAA-CoA from KIC, KMVA, KIV	4
Reactome	R-HSA-9860276	SLC15A4:TASL-dependent IRF5 activation	5
Reactome	R-HSA-9860927	Turbulent (oscillatory, disturbed) flow shear stress activates signaling by PIEZO1 and integrins in endothelial cells	29
Reactome	R-HSA-9860931	Response of endothelial cells to shear stress	84
Reactome	R-HSA-9861559	PDH complex synthesizes acetyl-CoA from PYR	5
Reactome	R-HSA-9861718	Regulation of pyruvate metabolism	31
Reactome	R-HSA-9864848	Complex IV assembly	39
Reactome	R-HSA-9865113	Loss-of-function mutations in DBT cause MSUD2	4
Reactome	R-HSA-9865114	Maple Syrup Urine Disease	5
Reactome	R-HSA-9865118	Diseases of branched-chain amino acid catabolism	12
Reactome	R-HSA-9865125	Loss-of-function mutations in BCKDHA or BCKDHB cause MSUD	3
Reactome	R-HSA-9865881	Complex III assembly	19
Reactome	R-HSA-9907570	Loss-of-function mutations in DLD cause MSUD3/DLDD	4
Reactome	R-HSA-9907900	Proteasome assembly	40
Reactome	R-HSA-9909396	Circadian clock	100
Reactome	R-HSA-9909438	3-Methylcrotonyl-CoA carboxylase deficiency	1
Reactome	R-HSA-9909505	Modulation of host responses by IFN-stimulated genes	15
Reactome	R-HSA-9909615	Regulation of PD-L1(CD274) Post-translational modification	72
Reactome	R-HSA-9909620	Regulation of PD-L1(CD274) translation	9
Reactome	R-HSA-9909648	Regulation of PD-L1(CD274) expression	121
Reactome	R-HSA-9909649	Regulation of PD-L1(CD274) transcription	42
Reactome	R-HSA-9912481	Branched-chain ketoacid dehydrogenase kinase deficiency	5
Reactome	R-HSA-9912529	H139Hfs13* PPM1K causes a mild variant of  MSUD	5
Reactome	R-HSA-9912633	Antigen processing: Ub, ATP-independent proteasomal degradation	13
Reactome	R-HSA-9913351	Formation of the dystrophin-glycoprotein complex (DGC)	28
Reactome	R-HSA-9913635	Strand-asynchronous mitochondrial DNA replication	8
Reactome	R-HSA-991365	Activation of GABAB receptors	36
Reactome	R-HSA-9914274	3-methylglutaconic aciduria	1
Reactome	R-HSA-9914355	Isovaleric acidemia	1
Reactome	R-HSA-9915355	Beta-ketothiolase deficiency	1
Reactome	R-HSA-9916720	Mitochondrial short-chain enoyl-CoA hydratase deficiency 1	1
Reactome	R-HSA-9916722	3-hydroxyisobutyryl-CoA hydrolase deficiency	1
Reactome	R-HSA-9917777	Epigenetic regulation by WDR5-containing histone modifying complexes	92
Reactome	R-HSA-9918432	Maturation of DENV proteins	43
Reactome	R-HSA-9918438	Defective visual phototransduction due to RDH5 loss of function	2
Reactome	R-HSA-9918440	Defective visual phototransduction due to RDH12 loss of function	1
Reactome	R-HSA-9918442	Defective visual phototransduction due to LRAT loss of function	1
Reactome	R-HSA-9918449	Defective visual phototransduction due to STRA6 loss of function	2
Reactome	R-HSA-9918454	Defective visual phototransduction due to ABCA4 loss of function	1
Reactome	R-HSA-9918476	Assembly and Release of Dengue Virus Virions	8
Reactome	R-HSA-9918481	Dengue Virus-Host Interactions	189
Reactome	R-HSA-9918485	Dengue Virus Attachment and Entry	34
Reactome	R-HSA-9918487	Dengue Virus Genome Translation and Replication	67
Reactome	R-HSA-9920588	Dengue virus activates/modulates innate and adaptive immune responses	21
Reactome	R-HSA-9920951	Dengue virus modulates apoptosis	14
Reactome	R-HSA-9924644	Developmental Lineages of the Mammary Gland	3
Reactome	R-HSA-9925563	Developmental Lineage of Pancreatic Ductal Cells	20
Reactome	R-HSA-9926550	Regulation of MITF-M-dependent genes involved in extracellular matrix, focal adhesion and epithelial-to-mesenchymal transition	11
Reactome	R-HSA-9927353	Co-inhibition by BTLA	3
Reactome	R-HSA-9927354	Co-stimulation by ICOS	9
Reactome	R-HSA-9927418	Developmental Lineage of Mammary Gland Luminal Epithelial Cells	2
Reactome	R-HSA-9927432	Developmental Lineage of Mammary Gland Myoepithelial Cells	2
Reactome	R-HSA-9929356	GSK3B-mediated proteasomal degradation of PD-L1(CD274)	39
Reactome	R-HSA-9929491	SPOP-mediated proteasomal degradation of PD-L1(CD274)	38
Reactome	R-HSA-9930044	Nuclear RNA decay	31
Reactome	R-HSA-9930449	Defective cleavage of FV variant at a.a.534	2
Reactome	R-HSA-9930479	Defective cleavage of FV variant at R334	2
Reactome	R-HSA-9930483	Defective FV causes thrombophilia	2
Reactome	R-HSA-9931269	AMPK-induced ERAD and lysosome mediated degradation of PD-L1(CD274)	47
Reactome	R-HSA-9931295	PD-L1(CD274) glycosylation and translocation to plasma membrane	18
Reactome	R-HSA-9931509	Expression of BMAL (ARNTL), CLOCK, and NPAS2	33
Reactome	R-HSA-9931510	Phosphorylated BMAL1:CLOCK (ARNTL:CLOCK) activates expression of core clock genes	22
Reactome	R-HSA-9931512	Phosphorylation of CLOCK, acetylation of BMAL1 (ARNTL) at target gene promoters	11
Reactome	R-HSA-9931521	The CRY:PER:kinase complex represses transactivation by the BMAL:CLOCK (ARNTL:CLOCK) complex	14
Reactome	R-HSA-9931529	Phosphorylation and nuclear translocation of BMAL1 (ARNTL) and CLOCK	3
Reactome	R-HSA-9931530	Phosphorylation and nuclear translocation of the CRY:PER:kinase complex	12
Reactome	R-HSA-9931929	Defective GALM causes GALAC4	1
Reactome	R-HSA-9931953	Biofilm formation	19
Reactome	R-HSA-9932298	Degradation of CRY and PER proteins	43
Reactome	R-HSA-9932444	ATP-dependent chromatin remodelers	120
Reactome	R-HSA-9932451	SWI/SNF chromatin remodelers	31
Reactome	R-HSA-9933387	RORA,B,C and NR1D1 (REV-ERBA) regulate gene expression	23
Reactome	R-HSA-9933937	Formation of the canonical BAF (cBAF) complex	17
Reactome	R-HSA-9933939	Formation of the polybromo-BAF (pBAF) complex	17
Reactome	R-HSA-9933946	Formation of the embryonic stem cell BAF (esBAF) complex	18
Reactome	R-HSA-9933947	Formation of the non-canonical BAF (ncBAF) complex	17
Reactome	R-HSA-9934037	Formation of neuronal progenitor and neuronal BAF (npBAF and nBAF)	24
Reactome	R-HSA-9935598	FXIIa, PKa-dependent activation of coagulation pathway	1
Reactome	R-HSA-9936686	Aggregated β-amyloid interacts with fibrinogen	1
Reactome	R-HSA-9936900	Aggregated β-amyloid induces FXII autocatalysis	1
Reactome	R-HSA-9937008	Mitochondrial mRNA modification	22
Reactome	R-HSA-9937080	Developmental Lineage of Multipotent Pancreatic Progenitor Cells	4
Reactome	R-HSA-9937383	Mitochondrial ribosome-associated quality control	84
Reactome	R-HSA-9937848	CHD chromatin remodelers	90
Reactome	R-HSA-9937850	NuRD complex assembly	31
Reactome	R-HSA-9938024	Somatic hypermutation of immunoglobulin genes	140
Reactome	R-HSA-9938026	Immunoglobulin maturation	204
Reactome	R-HSA-9938027	Affinity selection of immunoglobulins	204
Reactome	R-HSA-9938206	Developmental Lineage of Mammary Stem Cells	1
Reactome	R-HSA-9939291	Matriglycan biosynthesis on DAG1	11
Reactome	R-HSA-9940465	ChAHP complex assembly	7
Reactome	R-HSA-9940951	Interaction of NuRD complexes with transcription factors	27
Reactome	R-HSA-9942503	Differentiation of naive CD4+ T cells to T helper 1 cells (Th1 cells)	4
Reactome	R-HSA-9943411	CHD1 and CHD2 subfamily	44
Reactome	R-HSA-9943962	CHD6, CHD7, CHD8, CHD9 subfamily	18
Reactome	R-HSA-9943965	CHD3, CHD4, CHD5 subfamily	34
Reactome	R-HSA-9944971	Loss of Function of KMT2D in Kabuki Syndrome	5
Reactome	R-HSA-9944997	Loss of Function of KMT2D in MLL4 Complex Formation in Kabuki Syndrome	5
Reactome	R-HSA-9945266	Differentiation of T cells	70
Reactome	R-HSA-9945556	Transcriptional regulation of multiciliogenesis	21
Reactome	R-HSA-9946127	Defects of contact activation system and kallikrein-kinin system	2
Reactome	R-HSA-9948001	CASP4 inflammasome assembly	3
Reactome	R-HSA-9948299	Ribosome-associated quality control	97
Reactome	R-HSA-9953038	MPS I - Hurler syndrome (CS/DS degradation)	1
Reactome	R-HSA-9953078	MPS II - Hunter syndrome (CS/DS degradation)	1
Reactome	R-HSA-9953080	MPS VII - Sly syndrome (CS/DS degradation)	1
Reactome	R-HSA-9953097	MPS IX - Natowicz syndrome (CS/DS degradation)	1
Reactome	R-HSA-9953111	MPS IV - Morquio syndrome B (CS/DS degradation)	1
Reactome	R-HSA-9953170	GBP-mediated host defense	8
Reactome	R-HSA-9954709	Ribosome Quality Control (RQC) complex extracts and degrades nascent peptide	69
Reactome	R-HSA-9954714	PELO:HBS1L and ABCE1 dissociate a ribosome on a non-stop mRNA	51
Reactome	R-HSA-9954716	ZNF598 and the Ribosome-associated Quality Trigger (RQT) complex dissociate a ribosome stalled on a no-go mRNA	55
Reactome	R-HSA-9955298	SLC-mediated transport of organic anions	25
Reactome	R-HSA-9955698	Diseases of the urea cycle	3
Reactome	R-HSA-9956508	SLC25A15 variants cause hyperornithinemia-hyperammonemia-homocitrullinemia syndrome	1
Reactome	R-HSA-9956520	ASS1 variants cause citrullinemia	1
Reactome	R-HSA-9956529	ASL variants cause argininosuccinate aciduria	1
Reactome	R-HSA-9956593	Enterobacterial factors antagonize host defense	8
Reactome	R-HSA-9958517	SLC-mediated bile acid transport	4
Reactome	R-HSA-9958790	SLC-mediated transport of inorganic anions	22
Reactome	R-HSA-9958810	SRC activates STAT3 in a quantitative manner, through Cadherin-11 (CDH11), RAC1 and gp130 (IL6ST)	19
Reactome	R-HSA-9958825	Activation of STAT3 by cadherin engagement	63
Reactome	R-HSA-9958863	SLC-mediated transport of amino acids	28
Reactome	R-HSA-9959399	SLC-mediated transport of oligopeptides	3
Reactome	R-HSA-9960519	CASP4-mediated substrate cleavage	2
Reactome	R-HSA-9960525	CASP5-mediated substrate cleavage	2
Reactome	R-HSA-9968295	Somatic hypermutation of immunoglobulin genes by error-prone mismatch repair (MMR)	20
Reactome	R-HSA-9968297	Somatic hypermutation of immunoglobulin genes by error-prone base excision repair (BER)	18
Reactome	R-HSA-9968551	Regulation of GBP-mediated host defense	2
Reactome	R-HSA-9968734	Differentiation of Circulating Monocytes	1
Reactome	R-HSA-9969896	Lanosterol biosynthesis	10
Reactome	R-HSA-9969901	Cholesterol biosynthesis from zymosterol (modified Kandutsch-Russell pathway)	4
Reactome	R-HSA-9970672	FXIIa activates plasma kallikrein-kinin system	7
Reactome	R-HSA-997272	Inhibition  of voltage gated Ca2+ channels via Gbeta/gamma subunits	24
Reactome	R-HSA-9974237	Negative Regulation of DNA Double Strand Break Response	37
Reactome	R-HSA-9975921	Assembly of the 9+0 primary cilium	168
Reactome	R-HSA-9975924	Assembly of the 9+2 motile cilia	21
Reactome	R-HSA-9976102	Differentiation of naive CD4+ T cells to T helper 2 cells (Th2 cells)	66
Reactome	R-HSA-9979719	Processing of antigen in germinal center B cells	54
Reactome	R-HSA-9981148	Developmental Lineage of Pancreatic Endocrine Mid Progenitor Cells	21
Reactome	R-HSA-9988426	Negative transcriptional regulation of urea cycle enzymes	1
